日期,代號,名稱,收盤價,RSI,戰場預判,籌碼訊號,行動指令,1D_最高漲幅%,1D_最大跌幅%,1D_最終漲幅%,1D_觸及停損,5D_最高漲幅%,5D_最大跌幅%,5D_最終漲幅%,5D_觸及停損,10D_最高漲幅%,10D_最大跌幅%,10D_最終漲幅%,10D_觸及停損,20D_最高漲幅%,20D_最大跌幅%,20D_最終漲幅%,20D_觸及停損
2026-05-19,2880.TW,[🟢 伏擊 (低檔金叉)] 現價 32.8 | 營收 47.0%,32.3,39.89,無特殊徵兆,➖ 中性/偏空 | ✅ 融資退潮，籌碼乾淨,🔥【波段抱牢】防守線: 31.0,-3.22,-5.15,-4.86,True,-3.22,-10.5,-10.5,True,2.12,-12.13,1.08,True,14.59,-12.13,11.17,True
2026-06-21,6269.TW,台郡,79.6,65.0,無特殊徵兆,➖ 中性/偏空,✅ 趨勢追蹤中，尚未觸發佈局點,9.92,-0.75,9.92,False,15.33,-10.05,-10.05,True,15.33,-20.23,-16.08,True,15.33,-29.65,-29.4,True
2026-06-21,9939.TW,宏全,134.0,69.76,無特殊徵兆,➖ 中性/偏空,✅ 趨勢追蹤中，尚未觸發佈局點,0.37,-2.24,-1.87,False,0.37,-6.34,-3.73,True,,,,False,,,,False
2026-06-21,6415.TW,矽力-KY,629.0,62.99,無特殊徵兆,➖ 中性/偏空,✅ 趨勢追蹤中，尚未觸發佈局點,9.86,0.48,7.0,False,10.33,-11.92,-9.06,True,10.33,-11.92,-3.82,True,10.33,-30.92,-30.84,True
2026-06-21,9933.TW,中鼎,42.65,60.66,無特殊徵兆,➖ 中性/偏空,✅ 趨勢追蹤中，尚未觸發佈局點,5.16,0.7,2.58,False,5.16,-2.93,-1.64,False,,,,False,,,,False
2026-06-21,6116.TW,彩晶,18.8,63.82,無特殊徵兆,➖ 中性/偏空,✅ 趨勢追蹤中，尚未觸發佈局點,9.84,1.6,6.12,False,11.17,-3.72,-2.93,False,11.17,-5.05,-3.46,True,11.17,-20.21,-20.21,True
2026-06-21,3324.TWO,雙鴻,1070.0,51.47,無特殊徵兆,➖ 中性/偏空,✅ 趨勢追蹤中，尚未觸發佈局點,3.27,0.0,0.47,False,3.27,-9.53,-9.35,True,3.27,-9.53,-4.67,True,3.27,-23.46,-14.67,True
2026-06-21,3714.TW,富采,67.2,48.8,無特殊徵兆,➖ 中性/偏空,✅ 趨勢追蹤中，尚未觸發佈局點,8.24,-0.27,6.92,False,8.24,-9.8,-9.66,True,8.24,-10.1,-7.29,True,8.24,-21.88,-21.88,True
2026-06-21,3481.TW,群創,64.4,71.87,無特殊徵兆,➖ 中性/偏空,✅ 趨勢追蹤中，尚未觸發佈局點,8.54,2.48,2.48,False,12.73,-0.78,0.93,False,12.73,-1.4,2.48,False,12.73,-18.32,-18.32,True
2026-06-21,3231.TW,緯創,161.5,53.62,無特殊徵兆,➖ 中性/偏空,✅ 趨勢追蹤中，尚未觸發佈局點,-0.85,-3.54,-2.94,False,-0.85,-8.61,-8.61,True,-0.85,-8.61,-5.03,True,-0.85,-13.93,-13.93,True
2026-06-21,3163.TWO,波若威,893.0,42.9,無特殊徵兆,➖ 中性/偏空,✅ 趨勢追蹤中，尚未觸發佈局點,-14.94,-17.32,-17.32,True,-14.94,-31.57,-31.57,True,-14.94,-34.42,-22.26,True,-14.94,-38.03,-38.03,True
2026-06-21,4904.TW,遠傳,108.5,66.47,無特殊徵兆,➖ 中性/偏空,✅ 趨勢追蹤中，尚未觸發佈局點,0.92,-3.69,-0.46,False,1.38,-4.15,-1.38,False,1.38,-5.99,-3.23,True,,,,False
2026-06-21,3583.TW,3583,889.0,58.4,無特殊徵兆,➖ 中性/偏空,✅ 趨勢追蹤中，尚未觸發佈局點,4.65,-1.37,-0.92,False,4.65,-10.84,-9.5,True,5.43,-10.84,-5.16,True,5.43,-19.87,-16.75,True
2026-06-21,2002.TW,2002,19.1,53.26,無特殊徵兆,➖ 中性/偏空,✅ 趨勢追蹤中，尚未觸發佈局點,3.37,-0.53,1.29,False,3.63,-1.82,-1.3,False,3.63,-3.64,-1.56,False,3.63,-5.2,-3.12,True
2026-06-21,3037.TW,欣興,968.0,54.62,無特殊徵兆,➖ 中性/偏空,✅ 趨勢追蹤中，尚未觸發佈局點,8.76,2.27,3.61,False,12.37,-5.57,0.52,True,14.95,-5.57,-0.1,True,14.95,-17.98,-17.98,True
2026-06-21,3131.TWO,3131O,3520.0,61.78,無特殊徵兆,➖ 中性/偏空,✅ 趨勢追蹤中，尚未觸發佈局點,6.42,-2.92,0.01,False,6.42,-7.94,-7.67,True,12.84,-7.94,5.59,True,12.84,-19.1,-18.27,True
2026-06-21,3227.TWO,3227O,225.0,54.66,無特殊徵兆,➖ 中性/偏空,✅ 趨勢追蹤中，尚未觸發佈局點,-0.06,-3.24,-2.4,False,0.57,-10.03,-9.82,True,6.09,-10.03,-0.27,True,6.09,-21.11,-20.89,True
2026-06-21,8081.TW,8081,319.0,70.36,無特殊徵兆,➖ 中性/偏空,✅ 趨勢追蹤中，尚未觸發佈局點,3.29,-2.65,1.51,False,3.29,-10.53,-10.08,True,3.29,-12.23,0.16,True,5.49,-24.76,-24.61,True
2026-06-21,6116.TW,6116,18.8,63.82,無特殊徵兆,➖ 中性/偏空,✅ 趨勢追蹤中，尚未觸發佈局點,9.84,1.6,6.12,False,11.17,-3.72,-2.93,False,11.17,-5.05,-3.46,True,11.17,-20.21,-20.21,True
2026-06-21,3481.TW,3481,64.4,71.87,無特殊徵兆,➖ 中性/偏空,✅ 趨勢追蹤中，尚未觸發佈局點,8.54,2.48,2.48,False,12.73,-0.78,0.93,False,12.73,-1.4,2.48,False,12.73,-18.32,-18.32,True
2026-06-21,2409.TW,2409,28.15,66.19,無特殊徵兆,➖ 中性/偏空,✅ 趨勢追蹤中，尚未觸發佈局點,8.09,1.63,8.09,False,15.25,-2.39,-2.39,False,20.31,-3.61,4.77,False,20.31,-10.77,-9.9,True
2026-06-21,2207.TW,2207,482.0,59.75,🔥【旱地拔蔥】底部極端爆量，長紅突破季線！,➖ 中性/偏空,🐉【妖股起漲預警】資金強勢介入，無視基本面，強烈建議觀察試單！,0.1,-1.45,-0.21,False,2.28,-1.56,-0.21,False,2.28,-4.36,-1.87,False,5.19,-4.36,0.83,False
2026-06-21,2890.TW,2890,39.8,81.09,無特殊徵兆,➖ 中性/偏空,✅ 趨勢追蹤中，尚未觸發佈局點,-2.41,-5.16,-4.68,True,-2.05,-6.84,-6.24,True,-2.05,-6.84,-4.92,True,1.3,-6.84,-4.2,True
2026-06-21,4904.TW,4904,108.5,66.47,無特殊徵兆,➖ 中性/偏空,✅ 趨勢追蹤中，尚未觸發佈局點,0.92,-3.69,-0.46,False,1.38,-4.15,-1.38,False,1.38,-5.99,-3.23,True,,,,False
2026-06-21,2887.TW,台新金,32.45,78.73,無特殊徵兆,➖ 中性/偏空,✅ 趨勢追蹤中，尚未觸發佈局點,-3.39,-5.32,-5.02,True,-2.35,-7.24,-5.46,True,3.43,-7.24,1.2,True,11.87,-7.24,5.35,True
2026-06-21,6239.TW,力成,363.5,62.75,無特殊徵兆,➖ 中性/偏空,✅ 趨勢追蹤中，尚未觸發佈局點,1.85,-3.15,-1.26,False,1.85,-16.63,-15.29,True,1.85,-18.12,-8.81,True,1.85,-22.71,-22.3,True
2026-06-21,2886.TW,兆豐金,45.5,79.32,無特殊徵兆,➖ 中性/偏空,✅ 趨勢追蹤中，尚未觸發佈局點,-3.59,-5.82,-5.18,True,-0.52,-6.14,-2.22,True,0.43,-6.14,-3.59,True,0.86,-6.14,0.86,True
2026-06-21,1802.TW,台玻,71.3,56.82,無特殊徵兆,➖ 中性/偏空,✅ 趨勢追蹤中，尚未觸發佈局點,9.96,2.95,7.43,False,9.96,-8.27,-7.43,True,9.96,-8.84,-3.51,True,,,,False
2026-06-21,1795.TW,美時,193.0,42.34,無特殊徵兆,➖ 中性/偏空,✅ 趨勢追蹤中，尚未觸發佈局點,0.78,-1.04,-0.78,False,1.04,-5.18,-5.18,True,4.66,-5.18,3.37,True,,,,False
2026-06-21,1609.TW,大亞,38.15,54.26,無特殊徵兆,➖ 中性/偏空,✅ 趨勢追蹤中，尚未觸發佈局點,0.25,-1.68,-0.52,False,1.83,-7.47,-7.47,True,6.03,-7.47,4.33,True,15.99,-7.47,-3.54,True
2026-06-21,1605.TW,華新,39.0,56.71,無特殊徵兆,➖ 中性/偏空,✅ 趨勢追蹤中，尚未觸發佈局點,8.33,2.69,4.49,False,8.33,-9.36,-9.23,True,8.33,-10.51,-7.05,True,8.33,-17.31,-16.41,True
2026-06-21,1536.TW,和大,48.7,42.98,無特殊徵兆,➖ 中性/偏空,✅ 趨勢追蹤中，尚未觸發佈局點,7.19,-0.51,5.95,False,7.19,-3.49,-3.29,False,9.86,-3.49,7.19,False,17.45,-3.49,1.54,False
2026-06-21,1513.TW,中興電,176.5,61.68,無特殊徵兆,➖ 中性/偏空,✅ 趨勢追蹤中，尚未觸發佈局點,-1.04,-3.77,-1.04,False,1.42,-4.05,-4.05,False,1.42,-4.32,-3.5,False,1.42,-10.2,-10.2,True
2026-06-21,1476.TW,儒鴻,327.0,48.69,無特殊徵兆,➖ 中性/偏空,✅ 趨勢追蹤中，尚未觸發佈局點,0.0,-3.21,-3.06,False,0.15,-5.96,-3.52,True,0.15,-5.96,-1.07,True,,,,False
2026-06-21,1326.TW,台化,54.2,61.51,無特殊徵兆,➖ 中性/偏空,✅ 趨勢追蹤中，尚未觸發佈局點,4.34,-1.31,2.52,False,14.94,-5.35,0.0,True,25.46,-5.35,25.46,True,34.69,-5.35,21.96,True
2026-06-21,8150.TW,南茂,104.0,60.02,無特殊徵兆,➖ 中性/偏空,✅ 趨勢追蹤中，尚未觸發佈局點,8.23,2.06,8.23,False,8.23,-9.14,-7.43,True,8.23,-13.08,0.96,True,20.19,-13.08,6.25,True
2026-06-21,3019.TW,亞光,160.5,59.88,無特殊徵兆,➖ 中性/偏空,✅ 趨勢追蹤中，尚未觸發佈局點,2.21,-1.72,-1.42,False,2.21,-13.08,-13.08,True,2.21,-14.33,-5.3,True,2.21,-19.0,-18.38,True
2026-06-21,0050.TW,元大台灣50,107.3,64.79,庫存動態防禦,➖ 中性/偏空,🛡️【洗盤耐受區】嚴禁攤平加碼，死守底線 (102.43)！,3.01,1.39,2.96,False,4.03,-4.77,-4.5,False,4.03,-4.77,0.37,False,4.03,-7.37,-7.23,True
2026-06-21,2883.TW,凱基金,30.75,77.66,無特殊徵兆,➖ 中性/偏空,✅ 趨勢追蹤中，尚未觸發佈局點,-2.74,-5.42,-4.63,True,-2.74,-7.3,-6.04,True,-2.74,-10.24,-7.48,True,1.46,-10.24,-2.44,True
2026-06-21,2303.TW,聯電,145.5,64.94,無特殊徵兆,➖ 中性/偏空,✅ 趨勢追蹤中，尚未觸發佈局點,8.12,8.12,8.12,False,25.35,8.12,10.82,False,25.35,6.76,15.21,False,25.35,-3.78,-1.03,False
2026-06-21,2324.TW,仁寶,37.75,55.1,無特殊徵兆,➖ 中性/偏空,✅ 趨勢追蹤中，尚未觸發佈局點,3.84,-0.66,-0.66,False,3.84,-8.34,-7.81,True,3.84,-9.93,-7.42,True,3.84,-9.93,-4.64,True
2026-06-21,2317.TW,鴻海,268.5,52.55,無特殊徵兆,➖ 中性/偏空,✅ 趨勢追蹤中，尚未觸發佈局點,-0.36,-2.89,-2.89,False,-0.36,-10.31,-10.13,True,-0.36,-12.1,-10.43,True,-0.36,-14.34,-12.85,True
2026-06-21,2606.TW,裕民,61.5,41.72,無特殊徵兆,➖ 中性/偏空,✅ 趨勢追蹤中，尚未觸發佈局點,1.14,-0.65,0.81,False,1.46,-3.9,-3.09,False,1.46,-3.9,0.49,False,,,,False
2026-06-21,2454.TW,聯發科,4390.0,58.52,無特殊徵兆,➖ 中性/偏空,✅ 趨勢追蹤中，尚未觸發佈局點,3.37,-0.82,1.1,False,8.35,-12.14,-12.14,True,8.35,-13.39,-5.01,True,8.35,-23.23,-23.23,True
2026-06-21,2409.TW,友達,28.15,66.19,無特殊徵兆,➖ 中性/偏空,✅ 趨勢追蹤中，尚未觸發佈局點,8.09,1.63,8.09,False,15.25,-2.39,-2.39,False,20.31,-3.61,4.77,False,20.31,-10.77,-9.9,True
2026-06-21,2408.TW,南亞科,459.5,70.22,無特殊徵兆,➖ 中性/偏空,✅ 趨勢追蹤中，尚未觸發佈局點,9.55,4.13,9.55,False,9.55,-5.64,-2.6,True,9.55,-16.16,-11.17,True,9.55,-16.16,-13.93,True
2026-06-21,2382.TW,廣達,376.0,58.13,無特殊徵兆,➖ 中性/偏空,✅ 趨勢追蹤中，尚未觸發佈局點,-1.8,-3.97,-3.07,False,-1.8,-8.94,-7.67,True,-1.8,-8.94,-3.84,True,0.24,-13.7,-13.43,True
2026-06-21,2379.TW,瑞昱,819.0,75.28,無特殊徵兆,➖ 中性/偏空,✅ 趨勢追蹤中，尚未觸發佈局點,9.89,2.56,9.89,False,18.44,-10.13,-9.65,True,18.44,-10.13,-4.4,True,18.44,-15.02,-12.33,True
2026-06-21,2637.TW,慧洋,77.4,59.01,無特殊徵兆,➖ 中性/偏空,✅ 趨勢追蹤中，尚未觸發佈局點,0.65,-1.42,-0.39,False,0.65,-7.49,-7.36,True,14.73,-8.4,12.4,True,,,,False
2026-06-21,2371.TW,大同,28.3,42.73,無特殊徵兆,➖ 中性/偏空,✅ 趨勢追蹤中，尚未觸發佈局點,0.35,-0.71,-0.53,False,0.35,-7.42,-7.42,True,0.35,-7.42,-1.06,True,1.59,-7.95,-7.95,True
2026-06-21,2356.TW,英業達,67.7,55.17,無特殊徵兆,➖ 中性/偏空,✅ 趨勢追蹤中，尚未觸發佈局點,2.3,-3.43,-3.0,False,2.3,-9.72,-9.43,True,2.3,-9.72,-3.28,True,4.16,-13.74,-13.59,True
2026-06-21,2353.TW,宏碁,34.4,52.43,無特殊徵兆,➖ 中性/偏空,✅ 趨勢追蹤中，尚未觸發佈局點,1.45,-1.16,-1.16,False,1.89,-7.56,-7.27,True,1.89,-7.99,-4.36,True,1.89,-14.24,-13.95,True
2026-06-21,2352.TW,佳士達,30.85,57.37,無特殊徵兆,➖ 中性/偏空,✅ 趨勢追蹤中，尚未觸發佈局點,-0.31,-3.6,-1.41,False,-0.31,-8.31,-8.15,True,8.94,-8.31,0.94,True,13.8,-8.31,-4.7,True
2026-06-21,2344.TW,華邦電,218.5,75.14,無特殊徵兆,➖ 中性/偏空,✅ 趨勢追蹤中，尚未觸發佈局點,6.86,0.23,1.6,False,6.86,-8.01,-5.49,True,6.86,-19.45,-15.56,True,6.86,-29.06,-29.06,True
2026-06-21,2377.TW,微星,138.5,59.74,無特殊徵兆,➖ 中性/偏空,✅ 趨勢追蹤中，尚未觸發佈局點,-1.46,-4.27,-3.92,False,-1.46,-8.13,-7.78,True,3.09,-8.13,0.29,True,7.3,-8.13,-0.76,True
2026-06-21,2330.TW,台積電,2410.0,62.59,無特殊徵兆,➖ 中性/偏空,✅ 趨勢追蹤中，尚未觸發佈局點,4.15,1.87,4.15,False,5.19,-3.53,-2.9,False,5.19,-3.53,1.45,False,5.19,-4.98,-4.98,False
2026-06-22,2454.TW,聯發科,4490.0,60.39,無特殊徵兆,➖ 中性/偏空,✅ 趨勢追蹤中，尚未觸發佈局點,5.94,-0.04,0.4,False,5.94,-15.32,-13.43,True,5.94,-15.32,-8.67,True,5.94,-27.84,-25.61,True
2026-06-22,2449.TW,京元電子,339.0,62.73,無特殊徵兆,➖ 中性/偏空,✅ 趨勢追蹤中，尚未觸發佈局點,-1.07,-9.04,-7.78,True,-1.07,-14.92,-13.66,True,2.85,-14.92,-1.77,True,2.85,-27.65,-24.3,True
2026-06-22,2382.TW,廣達,376.5,58.31,無特殊徵兆,➖ 中性/偏空,✅ 趨勢追蹤中，尚未觸發佈局點,-2.95,-6.26,-5.11,True,-2.95,-9.06,-6.51,True,0.11,-9.06,-3.71,True,0.11,-17.93,-16.07,True
2026-06-22,2377.TW,微星,137.0,58.0,無特殊徵兆,➖ 中性/偏空,✅ 趨勢追蹤中，尚未觸發佈局點,-2.51,-6.06,-5.35,True,-0.03,-7.12,-1.45,True,4.22,-7.12,1.03,True,8.48,-7.12,0.32,True
2026-06-22,2353.TW,宏碁,34.2,51.8,無特殊徵兆,➖ 中性/偏空,✅ 趨勢追蹤中，尚未觸發佈局點,0.29,-3.22,-2.34,False,2.49,-7.16,-5.85,True,2.49,-7.46,-4.09,True,2.49,-16.23,-14.47,True
2026-06-22,1609.TW,大亞,38.55,55.7,無特殊徵兆,➖ 中性/偏空,✅ 趨勢追蹤中，尚未觸發佈局點,0.78,-3.63,-3.63,False,0.78,-8.43,-4.41,True,13.49,-8.43,13.49,True,14.79,-8.43,-5.71,True
2026-06-22,2330.TW,台積電,2510.0,69.51,無特殊徵兆,➖ 中性/偏空,✅ 趨勢追蹤中，尚未觸發佈局點,1.0,-0.8,-0.8,False,1.0,-7.37,-5.58,True,1.0,-7.37,-1.99,True,1.0,-8.76,-7.57,True
2026-06-22,2317.TW,鴻海,269.0,52.84,無特殊徵兆,➖ 中性/偏空,✅ 趨勢追蹤中，尚未觸發佈局點,-2.35,-6.5,-6.32,True,-2.35,-11.19,-11.01,True,-2.35,-12.27,-10.04,True,-2.35,-14.5,-12.83,True
2026-06-22,1802.TW,台玻,76.6,63.43,無特殊徵兆,➖ 中性/偏空,✅ 趨勢追蹤中，尚未觸發佈局點,0.91,-9.79,-8.75,True,0.91,-15.14,-11.23,True,,,,False,,,,False
2026-06-22,2606.TW,裕民,62.0,43.54,無特殊徵兆,➖ 中性/偏空,✅ 趨勢追蹤中，尚未觸發佈局點,0.65,-1.61,-0.48,False,0.65,-4.68,-3.06,False,,,,False,,,,False
2026-06-22,1795.TW,美時,191.5,40.99,無特殊徵兆,➖ 中性/偏空,✅ 趨勢追蹤中，尚未觸發佈局點,1.31,-1.31,-0.52,False,1.83,-4.44,-0.52,False,5.48,-4.44,-1.57,False,,,,False
2026-06-22,2352.TW,佳士達,31.35,59.41,無特殊徵兆,➖ 中性/偏空,✅ 趨勢追蹤中，尚未觸發佈局點,-2.06,-5.6,-4.06,True,-0.67,-9.77,-4.37,True,9.2,-9.77,9.2,True,11.98,-9.92,-7.92,True
2026-06-22,2324.TW,仁寶,37.65,54.77,無特殊徵兆,➖ 中性/偏空,✅ 趨勢追蹤中，尚未觸發佈局點,0.93,-3.85,-2.92,False,2.79,-9.56,-9.16,True,2.79,-9.69,-5.18,True,2.79,-10.49,-8.63,True
2026-06-22,3231.TW,緯創,162.5,54.31,無特殊徵兆,➖ 中性/偏空,✅ 趨勢追蹤中，尚未觸發佈局點,-2.94,-6.21,-5.91,True,-2.94,-9.18,-8.29,True,-2.94,-9.18,-6.21,True,-2.94,-14.46,-11.69,True
2026-06-22,2886.TW,兆豐金,44.75,70.2,無特殊徵兆,➖ 中性/偏空,✅ 趨勢追蹤中，尚未觸發佈局點,-1.55,-4.56,-2.62,False,2.12,-4.56,-0.47,False,2.12,-4.56,-0.25,False,4.16,-4.56,3.84,False
2026-06-22,2883.TW,凱基金,30.35,74.33,無特殊徵兆,➖ 中性/偏空,✅ 趨勢追蹤中，尚未觸發佈局點,-1.62,-4.17,-4.17,False,-1.62,-6.08,-5.6,True,-1.62,-9.06,-4.45,True,2.8,-9.06,-2.64,True
2026-06-22,2887.TW,台新金,32.1,75.53,無特殊徵兆,➖ 中性/偏空,✅ 趨勢追蹤中，尚未觸發佈局點,-1.29,-4.13,-3.69,False,-0.24,-6.23,-1.14,True,4.55,-6.23,2.76,True,13.09,-6.23,5.3,True
2026-06-22,3037.TW,欣興,1010.0,58.38,無特殊徵兆,➖ 中性/偏空,✅ 趨勢追蹤中，尚未觸發佈局點,6.22,-3.76,-3.76,False,7.7,-9.49,-3.56,True,10.17,-11.19,-9.21,True,10.17,-26.04,-25.74,True
2026-06-22,3163.TWO,波若威,871.0,41.31,無特殊徵兆,➖ 中性/偏空,✅ 趨勢追蹤中，尚未觸發佈局點,-13.76,-15.42,-15.42,True,-13.76,-32.77,-29.84,True,-13.76,-32.77,-22.14,True,-13.76,-42.8,-39.39,True
2026-06-22,3714.TW,富采,72.8,57.53,無特殊徵兆,➖ 中性/偏空,✅ 趨勢追蹤中，尚未觸發佈局點,-0.36,-5.23,-5.1,True,-0.36,-17.01,-15.52,True,-0.36,-17.01,-11.95,True,-0.36,-32.07,-28.98,True
2026-06-22,4904.TW,遠傳,108.0,64.71,無特殊徵兆,➖ 中性/偏空,✅ 趨勢追蹤中，尚未觸發佈局點,1.39,-2.31,-0.93,False,1.85,-3.7,-1.85,False,,,,False,,,,False
2026-06-22,6239.TW,力成,370.0,63.95,無特殊徵兆,➖ 中性/偏空,✅ 趨勢追蹤中，尚未觸發佈局點,-2.86,-11.21,-8.82,True,-2.86,-19.56,-17.57,True,-2.86,-19.56,-8.69,True,-2.86,-29.63,-29.36,True
2026-06-22,6269.TW,台郡,87.5,71.27,無特殊徵兆,➖ 中性/偏空,✅ 趨勢追蹤中，尚未觸發佈局點,4.91,-6.86,-4.23,True,4.91,-22.86,-21.83,True,4.91,-27.43,-23.77,True,4.91,-40.8,-38.17,True
2026-06-22,1476.TW,儒鴻,317.5,42.29,無特殊徵兆,➖ 中性/偏空,✅ 趨勢追蹤中，尚未觸發佈局點,0.16,-3.15,-1.57,False,3.15,-3.15,2.52,False,,,,False,,,,False
2026-06-22,9933.TW,中鼎,43.6,63.99,無特殊徵兆,➖ 中性/偏空,✅ 趨勢追蹤中，尚未觸發佈局點,1.38,-1.83,-0.69,False,1.38,-5.05,-3.78,True,,,,False,,,,False
2026-06-22,2637.TW,慧洋,77.0,57.52,無特殊徵兆,➖ 中性/偏空,✅ 趨勢追蹤中，尚未觸發佈局點,0.52,-1.04,-0.26,False,0.52,-7.92,-5.71,True,15.32,-7.92,15.19,True,,,,False
2026-06-22,1326.TW,台化,56.2,65.18,無特殊徵兆,➖ 中性/偏空,✅ 趨勢追蹤中，尚未觸發佈局點,4.15,-6.76,-6.58,True,10.85,-8.72,-2.31,True,29.89,-8.72,20.28,True,29.89,-8.72,14.23,True
2026-06-22,2002.TW,2002,19.55,59.15,無特殊徵兆,➖ 中性/偏空,✅ 趨勢追蹤中，尚未觸發佈局點,1.24,-2.82,-2.56,False,1.24,-4.08,-3.32,False,1.24,-5.86,-3.58,True,1.24,-7.38,-5.86,True
2026-06-22,8150.TW,南茂,114.0,65.67,無特殊徵兆,➖ 中性/偏空,✅ 趨勢追蹤中，尚未觸發佈局點,-2.99,-10.79,-7.76,True,-2.99,-20.7,-20.61,True,1.32,-20.7,1.32,True,9.65,-20.7,-9.65,True
2026-06-22,3163.TWO,波若威,871.0,41.31,無特殊徵兆,➖ 中性/偏空,✅ 趨勢追蹤中，尚未觸發佈局點,-13.76,-15.42,-15.42,True,-13.76,-32.77,-29.84,True,-13.76,-32.77,-22.14,True,-13.76,-42.8,-39.39,True
2026-06-22,3231.TW,緯創,162.5,54.31,無特殊徵兆,➖ 中性/偏空,✅ 趨勢追蹤中，尚未觸發佈局點,-2.94,-6.21,-5.91,True,-2.94,-9.18,-8.29,True,-2.94,-9.18,-6.21,True,-2.94,-14.46,-11.69,True
2026-06-22,3714.TW,富采,73.5,58.41,無特殊徵兆,➖ 中性/偏空,✅ 趨勢追蹤中，尚未觸發佈局點,-1.31,-6.14,-6.0,True,-1.31,-17.8,-16.33,True,-1.31,-17.8,-12.79,True,-1.31,-32.72,-29.66,True
2026-06-22,4904.TW,遠傳,109.0,67.36,無特殊徵兆,➖ 中性/偏空,✅ 趨勢追蹤中，尚未觸發佈局點,0.46,-3.21,-1.83,False,0.92,-4.59,-2.75,False,,,,False,,,,False
2026-06-22,6239.TW,力成,369.5,63.86,無特殊徵兆,➖ 中性/偏空,✅ 趨勢追蹤中，尚未觸發佈局點,-2.73,-11.09,-8.7,True,-2.73,-19.45,-17.46,True,-2.73,-19.45,-8.57,True,-2.73,-29.53,-29.27,True
2026-06-22,6269.TW,台郡,87.5,71.27,無特殊徵兆,➖ 中性/偏空,✅ 趨勢追蹤中，尚未觸發佈局點,4.91,-6.86,-4.23,True,4.91,-22.86,-21.83,True,4.91,-27.43,-23.77,True,4.91,-40.8,-38.17,True
2026-06-22,9933.TW,中鼎,43.95,65.08,無特殊徵兆,➖ 中性/偏空,✅ 趨勢追蹤中，尚未觸發佈局點,0.57,-2.62,-1.48,False,0.57,-5.8,-4.55,True,,,,False,,,,False
2026-06-22,9939.TW,宏全,132.0,62.82,無特殊徵兆,➖ 中性/偏空,✅ 趨勢追蹤中，尚未觸發佈局點,0.38,-1.89,-0.38,False,0.38,-4.92,-3.79,False,,,,False,,,,False
2026-06-22,9939.TW,宏全,132.0,62.82,無特殊徵兆,➖ 中性/偏空,✅ 趨勢追蹤中，尚未觸發佈局點,0.38,-1.89,-0.38,False,0.38,-4.92,-3.79,False,,,,False,,,,False
2026-06-22,1301.TW,1301,52.8,64.52,無特殊徵兆,➖ 中性/偏空,✅ 趨勢追蹤中，尚未觸發佈局點,-0.19,-7.6,-7.04,True,12.19,-9.66,-0.19,True,21.21,-9.66,14.39,True,29.92,-9.66,14.77,True
2026-06-22,2449.TW,2449,339.0,62.73,無特殊徵兆,➖ 中性/偏空,✅ 趨勢追蹤中，尚未觸發佈局點,-1.07,-9.04,-7.78,True,-1.07,-14.92,-13.66,True,2.85,-14.92,-1.77,True,2.85,-27.65,-24.3,True
2026-06-22,4904.TW,4904,109.0,67.36,無特殊徵兆,➖ 中性/偏空,✅ 趨勢追蹤中，尚未觸發佈局點,0.46,-3.21,-1.83,False,0.92,-4.59,-2.75,False,,,,False,,,,False
2026-06-22,2890.TW,2890,39.9,81.26,無特殊徵兆,➖ 中性/偏空,✅ 趨勢追蹤中，尚未觸發佈局點,-3.73,-6.59,-4.92,True,-2.29,-7.07,-5.64,True,-2.06,-7.07,-2.06,True,1.05,-7.07,-5.16,True
2026-06-22,1301.TW,1301,52.8,64.52,無特殊徵兆,➖ 中性/偏空,✅ 趨勢追蹤中，尚未觸發佈局點,-0.19,-7.6,-7.04,True,12.19,-9.66,-0.19,True,21.21,-9.66,14.39,True,29.92,-9.66,14.77,True
2026-06-22,2207.TW,2207,479.0,58.02,無特殊徵兆,➖ 中性/偏空,✅ 趨勢追蹤中，尚未觸發佈局點,2.92,-0.21,1.25,False,2.92,-0.94,-0.1,False,2.92,-3.76,-0.52,False,5.85,-3.76,2.3,False
2026-06-22,2449.TW,2449,339.0,62.73,無特殊徵兆,➖ 中性/偏空,✅ 趨勢追蹤中，尚未觸發佈局點,-1.07,-9.04,-7.78,True,-1.07,-14.92,-13.66,True,2.85,-14.92,-1.77,True,2.85,-27.65,-24.3,True
2026-06-22,8081.TW,8081,340.0,75.42,無特殊徵兆,➖ 中性/偏空,✅ 趨勢追蹤中，尚未觸發佈局點,-4.62,-11.73,-11.31,True,-4.62,-16.05,-13.41,True,-1.03,-17.65,-4.71,True,-1.03,-32.65,-31.32,True
2026-06-22,3227.TWO,3227O,230.0,58.55,無特殊徵兆,➖ 中性/偏空,✅ 趨勢追蹤中，尚未觸發佈局點,-2.65,-5.56,-5.35,True,-1.61,-11.99,-3.06,True,3.78,-11.99,-2.23,True,3.78,-24.13,-20.65,True
2026-06-22,2449.TW,2449,339.0,62.73,無特殊徵兆,➖ 中性/偏空,✅ 趨勢追蹤中，尚未觸發佈局點,-1.07,-9.04,-7.78,True,-1.07,-14.92,-13.66,True,2.85,-14.92,-1.77,True,2.85,-27.65,-24.3,True
2026-06-22,0050.TW,元大台灣50,111.0,69.97,庫存動態防禦,➖ 中性/偏空,🛡️【洗盤耐受區】嚴禁攤平加碼，死守底線 (104.02)！,0.56,-1.46,-1.41,False,0.56,-7.95,-6.47,True,0.56,-7.95,-3.07,True,0.56,-11.98,-11.17,True
2026-06-22,3019.TW,亞光,163.0,61.8,無特殊徵兆,➖ 中性/偏空,✅ 趨勢追蹤中，尚未觸發佈局點,-2.04,-7.69,-6.5,True,-2.04,-15.64,-15.34,True,-2.04,-15.64,-7.06,True,-2.04,-23.62,-20.86,True
2026-06-22,1301.TW,台塑,52.5,63.92,無特殊徵兆,➖ 中性/偏空,✅ 趨勢追蹤中，尚未觸發佈局點,0.38,-7.07,-6.51,True,12.83,-9.15,0.38,True,21.9,-9.15,15.05,True,30.67,-9.15,15.43,True
2026-06-22,8150.TW,南茂,114.0,65.67,無特殊徵兆,➖ 中性/偏空,✅ 趨勢追蹤中，尚未觸發佈局點,-2.99,-10.79,-7.76,True,-2.99,-20.7,-20.61,True,1.32,-20.7,1.32,True,9.65,-20.7,-9.65,True
2026-06-22,2883.TW,凱基金,30.35,74.33,無特殊徵兆,➖ 中性/偏空,✅ 趨勢追蹤中，尚未觸發佈局點,-1.62,-4.17,-4.17,False,-1.62,-6.08,-5.6,True,-1.62,-9.06,-4.45,True,2.8,-9.06,-2.64,True
2026-06-22,2887.TW,台新金,32.05,75.1,無特殊徵兆,➖ 中性/偏空,✅ 趨勢追蹤中，尚未觸發佈局點,-1.13,-3.99,-3.54,False,-0.08,-6.09,-0.98,True,4.72,-6.09,2.92,True,13.27,-6.09,5.47,True
2026-06-22,3037.TW,欣興,1005.0,57.96,無特殊徵兆,➖ 中性/偏空,✅ 趨勢追蹤中，尚未觸發佈局點,6.75,-3.28,-3.28,False,8.24,-9.04,-3.08,True,10.72,-10.75,-8.76,True,10.72,-25.67,-25.37,True
2026-06-22,3163.TWO,波若威,870.0,41.24,無特殊徵兆,➖ 中性/偏空,✅ 趨勢追蹤中，尚未觸發佈局點,-13.67,-15.32,-15.32,True,-13.67,-32.69,-29.76,True,-13.67,-32.69,-22.06,True,-13.67,-42.74,-39.32,True
2026-06-22,3231.TW,緯創,162.5,54.31,無特殊徵兆,➖ 中性/偏空,✅ 趨勢追蹤中，尚未觸發佈局點,-2.94,-6.21,-5.91,True,-2.94,-9.18,-8.29,True,-2.94,-9.18,-6.21,True,-2.94,-14.46,-11.69,True
2026-06-22,3714.TW,富采,72.9,57.65,無特殊徵兆,➖ 中性/偏空,✅ 趨勢追蹤中，尚未觸發佈局點,-0.5,-5.36,-5.23,True,-0.5,-17.13,-15.64,True,-0.5,-17.13,-12.07,True,-0.5,-32.17,-29.08,True
2026-06-22,4904.TW,遠傳,108.0,64.71,無特殊徵兆,➖ 中性/偏空,✅ 趨勢追蹤中，尚未觸發佈局點,1.39,-2.31,-0.93,False,1.85,-3.7,-1.85,False,,,,False,,,,False
2026-06-22,6239.TW,力成,366.0,63.22,無特殊徵兆,➖ 中性/偏空,✅ 趨勢追蹤中，尚未觸發佈局點,-1.8,-10.24,-7.83,True,-1.8,-18.68,-16.67,True,-1.8,-18.68,-7.69,True,-1.8,-28.86,-28.59,True
2026-06-22,6269.TW,台郡,87.5,71.27,無特殊徵兆,➖ 中性/偏空,✅ 趨勢追蹤中，尚未觸發佈局點,4.91,-6.86,-4.23,True,4.91,-22.86,-21.83,True,4.91,-27.43,-23.77,True,4.91,-40.8,-38.17,True
2026-06-22,9933.TW,中鼎,43.75,64.46,無特殊徵兆,➖ 中性/偏空,✅ 趨勢追蹤中，尚未觸發佈局點,1.03,-2.17,-1.03,False,1.03,-5.37,-4.11,True,,,,False,,,,False
2026-06-22,9939.TW,宏全,131.5,61.29,無特殊徵兆,➖ 中性/偏空,✅ 趨勢追蹤中，尚未觸發佈局點,0.76,-1.52,0.0,False,0.76,-4.56,-3.42,False,,,,False,,,,False
2026-06-22,2637.TW,慧洋,77.1,57.88,無特殊徵兆,➖ 中性/偏空,✅ 趨勢追蹤中，尚未觸發佈局點,0.39,-1.17,-0.39,False,0.39,-8.04,-5.84,True,15.18,-8.04,15.05,True,,,,False
2026-06-22,2449.TW,2449,339.0,62.73,無特殊徵兆,➖ 中性/偏空,✅ 趨勢追蹤中，尚未觸發佈局點,-1.07,-9.04,-7.78,True,-1.07,-14.92,-13.66,True,2.85,-14.92,-1.77,True,2.85,-27.65,-24.3,True
2026-06-22,1802.TW,1802,76.6,63.43,無特殊徵兆,➖ 中性/偏空,✅ 趨勢追蹤中，尚未觸發佈局點,0.91,-9.79,-8.75,True,0.91,-15.14,-11.23,True,,,,False,,,,False
2026-06-22,4904.TW,4904,108.0,64.71,無特殊徵兆,➖ 中性/偏空,✅ 趨勢追蹤中，尚未觸發佈局點,1.39,-2.31,-0.93,False,1.85,-3.7,-1.85,False,,,,False,,,,False
2026-06-22,3714.TW,3714,72.9,57.65,無特殊徵兆,➖ 中性/偏空,✅ 趨勢追蹤中，尚未觸發佈局點,-0.5,-5.36,-5.23,True,-0.5,-17.13,-15.64,True,-0.5,-17.13,-12.07,True,-0.5,-32.17,-29.08,True
2026-06-22,2449.TW,2449,339.0,62.73,無特殊徵兆,➖ 中性/偏空,✅ 趨勢追蹤中，尚未觸發佈局點,-1.07,-9.04,-7.78,True,-1.07,-14.92,-13.66,True,2.85,-14.92,-1.77,True,2.85,-27.65,-24.3,True
2026-06-22,5469.TW,5469,90.6,61.56,無特殊徵兆,➖ 中性/偏空,✅ 趨勢追蹤中，尚未觸發佈局點,-1.84,-8.16,-7.09,True,0.62,-9.44,-4.41,True,0.62,-9.87,-5.8,True,0.62,-27.81,-24.83,True
2026-06-22,1514.TW,1514,127.0,54.86,無特殊徵兆,➖ 中性/偏空,✅ 趨勢追蹤中，尚未觸發佈局點,-2.1,-5.5,-3.99,True,-2.1,-10.79,-10.04,True,-1.72,-10.79,-4.37,True,-1.72,-24.55,-21.38,True
2026-06-22,1802.TW,1802,76.6,63.43,無特殊徵兆,➖ 中性/偏空,✅ 趨勢追蹤中，尚未觸發佈局點,0.91,-9.79,-8.75,True,0.91,-15.14,-11.23,True,,,,False,,,,False
2026-06-22,1314.TW,1314,8.04,62.03,無特殊徵兆,➖ 中性/偏空,✅ 趨勢追蹤中，尚未觸發佈局點,1.24,-2.86,-2.36,False,1.62,-3.98,0.87,False,33.08,-3.98,29.35,False,33.08,-3.98,2.99,False
2026-06-22,3037.TW,欣興,1015.0,58.78,無特殊徵兆,➖ 中性/偏空,✅ 趨勢追蹤中，尚未觸發佈局點,5.69,-4.24,-4.24,False,7.17,-9.94,-4.04,True,9.63,-11.63,-9.66,True,9.63,-26.4,-26.11,True
2026-06-22,2606.TW,裕民,62.0,43.54,無特殊徵兆,➖ 中性/偏空,✅ 趨勢追蹤中，尚未觸發佈局點,0.65,-1.61,-0.48,False,0.65,-4.68,-3.06,False,,,,False,,,,False
2026-06-22,2454.TW,聯發科,4465.0,59.94,無特殊徵兆,➖ 中性/偏空,✅ 趨勢追蹤中，尚未觸發佈局點,6.53,0.52,0.96,False,6.53,-14.84,-12.95,True,6.53,-14.84,-8.16,True,6.53,-27.44,-25.2,True
2026-06-22,2449.TW,京元電子,339.0,62.73,無特殊徵兆,➖ 中性/偏空,✅ 趨勢追蹤中，尚未觸發佈局點,-1.07,-9.04,-7.78,True,-1.07,-14.92,-13.66,True,2.85,-14.92,-1.77,True,2.85,-27.65,-24.3,True
2026-06-22,2002.TW,2002,19.45,57.98,無特殊徵兆,➖ 中性/偏空,✅ 趨勢追蹤中，尚未觸發佈局點,1.77,-2.32,-2.06,False,1.77,-3.59,-2.83,False,1.77,-5.38,-3.08,True,1.77,-6.91,-5.38,True
2026-06-22,1301.TW,1301,52.5,63.92,無特殊徵兆,➖ 中性/偏空,✅ 趨勢追蹤中，尚未觸發佈局點,0.38,-7.07,-6.51,True,12.83,-9.15,0.38,True,21.9,-9.15,15.05,True,30.67,-9.15,15.43,True
2026-06-22,2449.TW,2449,339.0,62.73,無特殊徵兆,➖ 中性/偏空,✅ 趨勢追蹤中，尚未觸發佈局點,-1.07,-9.04,-7.78,True,-1.07,-14.92,-13.66,True,2.85,-14.92,-1.77,True,2.85,-27.65,-24.3,True
2026-06-22,4904.TW,4904,108.0,64.71,無特殊徵兆,➖ 中性/偏空,✅ 趨勢追蹤中，尚未觸發佈局點,1.39,-2.31,-0.93,False,1.85,-3.7,-1.85,False,,,,False,,,,False
2026-06-22,2890.TW,2890,39.8,81.09,無特殊徵兆,➖ 中性/偏空,✅ 趨勢追蹤中，尚未觸發佈局點,-3.49,-6.36,-4.68,True,-2.05,-6.84,-5.4,True,-1.81,-6.84,-1.81,True,1.3,-6.84,-4.92,True
2026-06-22,1301.TW,1301,52.5,63.92,無特殊徵兆,➖ 中性/偏空,✅ 趨勢追蹤中，尚未觸發佈局點,0.38,-7.07,-6.51,True,12.83,-9.15,0.38,True,21.9,-9.15,15.05,True,30.67,-9.15,15.43,True
2026-06-22,2207.TW,2207,480.0,58.59,無特殊徵兆,➖ 中性/偏空,✅ 趨勢追蹤中，尚未觸發佈局點,2.71,-0.42,1.04,False,2.71,-1.15,-0.31,False,2.71,-3.96,-0.73,False,5.62,-3.96,2.08,False
2026-06-22,2449.TW,2449,339.0,62.73,無特殊徵兆,➖ 中性/偏空,✅ 趨勢追蹤中，尚未觸發佈局點,-1.07,-9.04,-7.78,True,-1.07,-14.92,-13.66,True,2.85,-14.92,-1.77,True,2.85,-27.65,-24.3,True
2026-06-22,8081.TW,8081,341.0,75.62,無特殊徵兆,➖ 中性/偏空,✅ 趨勢追蹤中，尚未觸發佈局點,-4.9,-11.99,-11.57,True,-4.9,-16.3,-13.66,True,-1.32,-17.89,-4.99,True,-1.32,-32.84,-31.52,True
2026-06-22,2449.TW,2449,339.0,62.73,無特殊徵兆,➖ 中性/偏空,✅ 趨勢追蹤中，尚未觸發佈局點,-1.07,-9.04,-7.78,True,-1.07,-14.92,-13.66,True,2.85,-14.92,-1.77,True,2.85,-27.65,-24.3,True
2026-06-22,2449.TW,2449,339.0,62.73,無特殊徵兆,➖ 中性/偏空,✅ 趨勢追蹤中，尚未觸發佈局點,-1.07,-9.04,-7.78,True,-1.07,-14.92,-13.66,True,2.85,-14.92,-1.77,True,2.85,-27.65,-24.3,True
2026-06-22,3019.TW,亞光,163.0,61.8,無特殊徵兆,➖ 中性/偏空,✅ 趨勢追蹤中，尚未觸發佈局點,-2.04,-7.69,-6.5,True,-2.04,-15.64,-15.34,True,-2.04,-15.64,-7.06,True,-2.04,-23.62,-20.86,True
2026-06-22,1301.TW,台塑,52.4,63.71,無特殊徵兆,➖ 中性/偏空,✅ 趨勢追蹤中，尚未觸發佈局點,0.57,-6.89,-6.33,True,13.05,-8.97,0.57,True,22.14,-8.97,15.27,True,30.92,-8.97,15.65,True
2026-06-22,1326.TW,台化,56.2,65.18,無特殊徵兆,➖ 中性/偏空,✅ 趨勢追蹤中，尚未觸發佈局點,4.15,-6.76,-6.58,True,10.85,-8.72,-2.31,True,29.89,-8.72,20.28,True,29.89,-8.72,14.23,True
2026-06-22,1476.TW,儒鴻,317.0,42.0,無特殊徵兆,➖ 中性/偏空,✅ 趨勢追蹤中，尚未觸發佈局點,0.32,-3.0,-1.42,False,3.31,-3.0,2.68,False,,,,False,,,,False
2026-06-22,1513.TW,中興電,181.0,65.19,無特殊徵兆,➖ 中性/偏空,✅ 趨勢追蹤中，尚未觸發佈局點,-1.63,-4.83,-2.97,False,-1.1,-6.7,-6.43,True,-1.1,-6.7,-4.83,True,-1.1,-14.92,-12.98,True
2026-06-22,1609.TW,大亞,38.65,56.04,無特殊徵兆,➖ 中性/偏空,✅ 趨勢追蹤中，尚未觸發佈局點,0.52,-3.88,-3.88,False,0.52,-8.67,-4.66,True,13.2,-8.67,13.2,True,14.49,-8.67,-5.95,True
2026-06-22,1795.TW,美時,191.5,40.99,無特殊徵兆,➖ 中性/偏空,✅ 趨勢追蹤中，尚未觸發佈局點,1.31,-1.31,-0.52,False,1.83,-4.44,-0.52,False,5.48,-4.44,-1.57,False,,,,False
2026-06-22,1802.TW,台玻,76.6,63.43,無特殊徵兆,➖ 中性/偏空,✅ 趨勢追蹤中，尚未觸發佈局點,0.91,-9.79,-8.75,True,0.91,-15.14,-11.23,True,,,,False,,,,False
2026-06-22,2317.TW,鴻海,268.5,52.55,無特殊徵兆,➖ 中性/偏空,✅ 趨勢追蹤中，尚未觸發佈局點,-2.17,-6.33,-6.15,True,-2.17,-11.03,-10.85,True,-2.17,-12.1,-9.87,True,-2.17,-14.34,-12.66,True
2026-06-22,2324.TW,仁寶,37.5,54.27,無特殊徵兆,➖ 中性/偏空,✅ 趨勢追蹤中，尚未觸發佈局點,1.33,-3.47,-2.53,False,3.2,-9.2,-8.8,True,3.2,-9.33,-4.8,True,3.2,-10.13,-8.27,True
2026-06-22,2330.TW,台積電,2510.0,69.51,無特殊徵兆,➖ 中性/偏空,✅ 趨勢追蹤中，尚未觸發佈局點,1.0,-0.8,-0.8,False,1.0,-7.37,-5.58,True,1.0,-7.37,-1.99,True,1.0,-8.76,-7.57,True
2026-06-22,2352.TW,佳士達,31.45,59.79,無特殊徵兆,➖ 中性/偏空,✅ 趨勢追蹤中，尚未觸發佈局點,-2.37,-5.9,-4.37,True,-0.98,-10.05,-4.67,True,8.86,-10.05,8.86,True,11.62,-10.21,-8.21,True
2026-06-22,2353.TW,宏碁,34.0,51.18,無特殊徵兆,➖ 中性/偏空,✅ 趨勢追蹤中，尚未觸發佈局點,0.88,-2.65,-1.76,False,3.09,-6.62,-5.29,True,3.09,-6.91,-3.53,True,3.09,-15.74,-13.97,True
2026-06-22,2377.TW,微星,137.0,58.0,無特殊徵兆,➖ 中性/偏空,✅ 趨勢追蹤中，尚未觸發佈局點,-2.51,-6.06,-5.35,True,-0.03,-7.12,-1.45,True,4.22,-7.12,1.03,True,8.48,-7.12,0.32,True
2026-06-22,2382.TW,廣達,380.0,59.52,無特殊徵兆,➖ 中性/偏空,✅ 趨勢追蹤中，尚未觸發佈局點,-3.84,-7.12,-5.99,True,-3.84,-9.9,-7.38,True,-0.81,-9.9,-4.6,True,-0.81,-18.68,-16.84,True
2026-06-22,2887.TW,台新金,32.1,75.53,無特殊徵兆,➖ 中性/偏空,✅ 趨勢追蹤中，尚未觸發佈局點,-1.29,-4.13,-3.69,False,-0.24,-6.23,-1.14,True,4.55,-6.23,2.76,True,13.09,-6.23,5.3,True
2026-06-22,0050.TW,元大台灣50,111.15,70.15,庫存動態防禦,➖ 中性/偏空,🛡️【洗盤耐受區】嚴禁攤平加碼，死守底線 (104.03)！,0.42,-1.59,-1.54,False,0.42,-8.07,-6.6,True,0.42,-8.07,-3.2,True,0.42,-12.1,-11.29,True
2026-06-22,2886.TW,兆豐金,44.65,69.14,無特殊徵兆,➖ 中性/偏空,✅ 趨勢追蹤中，尚未觸發佈局點,-1.33,-4.35,-2.41,False,2.34,-4.35,-0.25,False,2.34,-4.35,-0.03,False,4.4,-4.35,4.07,False
2026-06-22,3324.TWO,雙鴻,1105.0,55.02,無特殊徵兆,➖ 中性/偏空,✅ 趨勢追蹤中，尚未觸發佈局點,-2.26,-7.24,-7.24,True,-2.26,-12.4,-9.95,True,-2.26,-12.4,-8.6,True,-2.26,-25.88,-22.35,True
2026-06-22,3714.TW,富采,69.2,52.3,無特殊徵兆,➖ 中性/偏空,✅ 趨勢追蹤中，尚未觸發佈局點,4.82,-0.3,-0.16,False,4.82,-12.69,-11.13,True,4.82,-12.69,-7.37,True,4.82,-28.54,-25.29,True
2026-06-22,4904.TW,遠傳,108.0,64.71,無特殊徵兆,➖ 中性/偏空,✅ 趨勢追蹤中，尚未觸發佈局點,1.39,-2.31,-0.93,False,1.85,-3.7,-1.85,False,,,,False,,,,False
2026-06-22,6239.TW,力成,369.5,63.86,無特殊徵兆,➖ 中性/偏空,✅ 趨勢追蹤中，尚未觸發佈局點,-2.73,-11.09,-8.7,True,-2.73,-19.45,-17.46,True,-2.73,-19.45,-8.57,True,-2.73,-29.53,-29.27,True
2026-06-22,6269.TW,台郡,81.1,66.4,無特殊徵兆,➖ 中性/偏空,✅ 趨勢追蹤中，尚未觸發佈局點,13.19,0.49,3.33,False,13.19,-16.77,-15.66,True,13.19,-21.7,-17.76,True,13.19,-36.13,-33.29,True
2026-06-22,9933.TW,中鼎,43.4,63.33,無特殊徵兆,➖ 中性/偏空,✅ 趨勢追蹤中，尚未觸發佈局點,1.84,-1.38,-0.23,False,1.84,-4.61,-3.34,False,,,,False,,,,False
2026-06-22,9939.TW,宏全,133.5,67.89,無特殊徵兆,➖ 中性/偏空,✅ 趨勢追蹤中，尚未觸發佈局點,-0.75,-3.0,-1.5,False,-0.75,-5.99,-4.87,True,,,,False,,,,False
2026-06-22,2002.TW,2002,19.35,56.73,無特殊徵兆,➖ 中性/偏空,✅ 趨勢追蹤中，尚未觸發佈局點,2.29,-1.81,-1.55,False,2.29,-3.09,-2.32,False,2.29,-4.89,-2.58,False,2.29,-6.43,-4.89,True
2026-06-22,3231.TW,緯創,164.0,55.31,無特殊徵兆,➖ 中性/偏空,✅ 趨勢追蹤中，尚未觸發佈局點,-3.83,-7.07,-6.77,True,-3.83,-10.01,-9.13,True,-3.83,-10.01,-7.07,True,-3.83,-15.24,-12.5,True
2026-06-22,1301.TW,1301,52.1,63.08,無特殊徵兆,➖ 中性/偏空,✅ 趨勢追蹤中，尚未觸發佈局點,1.15,-6.36,-5.79,True,13.7,-8.45,1.15,True,22.84,-8.45,15.93,True,31.67,-8.45,16.31,True
2026-06-22,4904.TW,4904,108.0,64.71,無特殊徵兆,➖ 中性/偏空,✅ 趨勢追蹤中，尚未觸發佈局點,1.39,-2.31,-0.93,False,1.85,-3.7,-1.85,False,,,,False,,,,False
2026-06-22,2890.TW,2890,39.8,81.09,無特殊徵兆,➖ 中性/偏空,✅ 趨勢追蹤中，尚未觸發佈局點,-3.49,-6.36,-4.68,True,-2.05,-6.84,-5.4,True,-1.81,-6.84,-1.81,True,1.3,-6.84,-4.92,True
2026-06-22,1301.TW,1301,52.1,63.08,無特殊徵兆,➖ 中性/偏空,✅ 趨勢追蹤中，尚未觸發佈局點,1.15,-6.36,-5.79,True,13.7,-8.45,1.15,True,22.84,-8.45,15.93,True,31.67,-8.45,16.31,True
2026-06-22,2207.TW,2207,478.5,57.75,無特殊徵兆,➖ 中性/偏空,✅ 趨勢追蹤中，尚未觸發佈局點,3.03,-0.1,1.36,False,3.03,-0.84,0.0,False,3.03,-3.66,-0.42,False,5.96,-3.66,2.4,False
2026-06-22,2449.TW,2449,321.0,58.21,無特殊徵兆,➖ 中性/偏空,✅ 趨勢追蹤中，尚未觸發佈局點,4.48,-3.94,-2.61,False,4.48,-10.15,-8.82,True,8.62,-10.15,3.74,True,8.62,-23.6,-20.05,True
2026-06-22,2409.TW,2409,29.85,69.7,無特殊徵兆,➖ 中性/偏空,✅ 趨勢追蹤中，尚未觸發佈局點,8.68,-4.49,-4.33,False,8.68,-9.1,0.78,True,13.46,-9.1,4.4,True,13.46,-19.15,-16.35,True
2026-06-22,3583.TW,3583,923.0,62.14,無特殊徵兆,➖ 中性/偏空,✅ 趨勢追蹤中，尚未觸發佈局點,-3.93,-7.15,-5.32,True,-3.93,-14.12,-7.58,True,1.55,-14.12,-7.68,True,1.55,-24.86,-21.85,True
2026-06-22,8081.TW,8081,343.0,76.01,無特殊徵兆,➖ 中性/偏空,✅ 趨勢追蹤中，尚未觸發佈局點,-5.45,-12.5,-12.09,True,-5.45,-16.79,-14.16,True,-1.9,-18.37,-5.54,True,-1.9,-33.24,-31.92,True
2026-06-22,3227.TWO,3227O,229.0,57.82,無特殊徵兆,➖ 中性/偏空,✅ 趨勢追蹤中，尚未觸發佈局點,-2.22,-5.14,-4.93,True,-1.18,-11.61,-2.64,True,4.24,-11.61,-1.81,True,4.24,-23.8,-20.31,True
2026-06-22,3131.TWO,3131O,3750.0,66.73,無特殊徵兆,➖ 中性/偏空,✅ 趨勢追蹤中，尚未觸發佈局點,-5.87,-10.71,-8.48,True,-3.64,-13.59,-6.78,True,5.92,-13.59,-10.32,True,5.92,-28.38,-24.46,True
2026-06-22,2449.TW,2449,321.0,58.21,無特殊徵兆,➖ 中性/偏空,✅ 趨勢追蹤中，尚未觸發佈局點,4.48,-3.94,-2.61,False,4.48,-10.15,-8.82,True,8.62,-10.15,3.74,True,8.62,-23.6,-20.05,True
2026-06-22,0050.TW,元大台灣50,110.75,69.67,庫存動態防禦,➖ 中性/偏空,🛡️【洗盤耐受區】嚴禁攤平加碼，死守底線 (104.00)！,0.79,-1.23,-1.19,False,0.79,-7.74,-6.26,True,0.79,-7.74,-2.85,True,0.79,-11.78,-10.97,True
2026-06-22,2449.TW,2449,321.0,58.21,無特殊徵兆,➖ 中性/偏空,✅ 趨勢追蹤中，尚未觸發佈局點,4.48,-3.94,-2.61,False,4.48,-10.15,-8.82,True,8.62,-10.15,3.74,True,8.62,-23.6,-20.05,True
2026-06-22,3163.TWO,波若威,895.0,43.1,無特殊徵兆,➖ 中性/偏空,✅ 趨勢追蹤中，尚未觸發佈局點,-16.08,-17.69,-17.69,True,-16.08,-34.57,-31.72,True,-16.08,-34.57,-24.23,True,-16.08,-44.34,-41.02,True
2026-06-22,3037.TW,欣興,1000.0,57.54,無特殊徵兆,➖ 中性/偏空,✅ 趨勢追蹤中，尚未觸發佈局點,7.28,-2.8,-2.8,False,8.78,-8.59,-2.6,True,11.27,-10.3,-8.3,True,11.27,-25.3,-25.0,True
2026-06-22,0050.TW,元大台灣50,109.65,68.27,庫存動態防禦,➖ 中性/偏空,🛡️【洗盤耐受區】嚴禁攤平加碼，死守底線 (103.95)！,1.8,-0.24,-0.2,False,1.8,-6.81,-5.32,True,1.8,-6.81,-1.87,True,1.8,-10.89,-10.08,True
2026-06-22,3019.TW,亞光,164.5,62.86,無特殊徵兆,➖ 中性/偏空,✅ 趨勢追蹤中，尚未觸發佈局點,-2.93,-8.54,-7.36,True,-2.93,-16.41,-16.11,True,-2.93,-16.41,-7.9,True,-2.93,-24.32,-21.58,True
2026-06-22,8150.TW,南茂,111.5,64.42,無特殊徵兆,➖ 中性/偏空,✅ 趨勢追蹤中，尚未觸發佈局點,-0.82,-8.79,-5.69,True,-0.82,-18.92,-18.83,True,3.59,-18.92,3.59,True,12.11,-18.92,-7.62,True
2026-06-22,1301.TW,台塑,52.1,63.08,無特殊徵兆,➖ 中性/偏空,✅ 趨勢追蹤中，尚未觸發佈局點,1.15,-6.36,-5.79,True,13.7,-8.45,1.15,True,22.84,-8.45,15.93,True,31.67,-8.45,16.31,True
2026-06-22,1326.TW,台化,54.9,62.88,無特殊徵兆,➖ 中性/偏空,✅ 趨勢追蹤中，尚未觸發佈局點,6.61,-4.55,-4.37,False,13.48,-6.56,0.0,True,32.97,-6.56,23.13,True,32.97,-6.56,16.94,True
2026-06-22,1476.TW,儒鴻,326.0,47.92,無特殊徵兆,➖ 中性/偏空,✅ 趨勢追蹤中，尚未觸發佈局點,-2.45,-5.67,-4.14,True,0.46,-5.67,-0.15,True,,,,False,,,,False
2026-06-22,1536.TW,和大,49.25,45.51,無特殊徵兆,➖ 中性/偏空,✅ 趨勢追蹤中，尚未觸發佈局點,4.16,-1.12,-0.51,False,4.16,-4.57,-3.35,False,9.44,-4.57,7.82,False,16.14,-4.57,0.1,False
2026-06-22,1605.TW,華新,40.6,60.52,無特殊徵兆,➖ 中性/偏空,✅ 趨勢追蹤中，尚未觸發佈局點,-0.25,-7.27,-6.9,True,-0.25,-13.55,-12.81,True,-0.25,-14.04,-9.98,True,-0.25,-23.4,-21.67,True
2026-06-22,1609.TW,大亞,38.35,54.99,無特殊徵兆,➖ 中性/偏空,✅ 趨勢追蹤中，尚未觸發佈局點,1.3,-3.13,-3.13,False,1.3,-7.95,-3.91,True,14.08,-7.95,14.08,True,15.38,-7.95,-5.22,True
2026-06-22,1795.TW,美時,194.5,44.17,無特殊徵兆,➖ 中性/偏空,✅ 趨勢追蹤中，尚未觸發佈局點,-0.26,-2.83,-2.06,False,0.26,-5.91,-2.06,True,3.86,-5.91,-3.08,True,,,,False
2026-06-22,1802.TW,台玻,74.3,60.83,無特殊徵兆,➖ 中性/偏空,✅ 趨勢追蹤中，尚未觸發佈局點,4.04,-7.0,-5.92,True,4.04,-12.52,-8.48,True,,,,False,,,,False
2026-06-22,2324.TW,仁寶,38.1,56.05,無特殊徵兆,➖ 中性/偏空,✅ 趨勢追蹤中，尚未觸發佈局點,-0.26,-4.99,-4.07,False,1.57,-10.63,-10.24,True,1.57,-10.76,-6.3,True,1.57,-11.55,-9.71,True
2026-06-22,2330.TW,台積電,2460.0,66.4,無特殊徵兆,➖ 中性/偏空,✅ 趨勢追蹤中，尚未觸發佈局點,3.05,1.22,1.22,False,3.05,-5.49,-3.66,True,3.05,-5.49,0.0,True,3.05,-6.91,-5.69,True
2026-06-22,2353.TW,宏碁,34.65,53.14,無特殊徵兆,➖ 中性/偏空,✅ 趨勢追蹤中，尚未觸發佈局點,-1.01,-4.47,-3.61,False,1.15,-8.37,-7.07,True,1.15,-8.66,-5.34,True,1.15,-17.32,-15.58,True
2026-06-22,2356.TW,英業達,68.7,56.66,無特殊徵兆,➖ 中性/偏空,✅ 趨勢追蹤中，尚未觸發佈局點,-2.43,-7.23,-6.81,True,-2.43,-11.04,-9.34,True,-2.43,-11.04,-5.25,True,2.64,-17.18,-16.74,True
2026-06-22,2371.TW,大同,28.3,42.73,無特殊徵兆,➖ 中性/偏空,✅ 趨勢追蹤中，尚未觸發佈局點,0.18,-2.12,-2.12,False,0.18,-7.42,-4.06,True,1.59,-7.42,-0.53,True,1.59,-10.07,-8.48,True
2026-06-22,2377.TW,微星,140.5,61.29,無特殊徵兆,➖ 中性/偏空,✅ 趨勢追蹤中，尚未觸發佈局點,-4.94,-8.4,-7.71,True,-2.52,-9.43,-3.9,True,1.63,-9.43,-1.48,True,5.77,-9.43,-2.18,True
2026-06-22,2382.TW,廣達,379.5,59.35,無特殊徵兆,➖ 中性/偏空,✅ 趨勢追蹤中，尚未觸發佈局點,-3.72,-7.0,-5.86,True,-3.72,-9.78,-7.25,True,-0.68,-9.78,-4.47,True,-0.68,-18.58,-16.73,True
2026-06-22,2409.TW,友達,29.85,69.7,無特殊徵兆,➖ 中性/偏空,✅ 趨勢追蹤中，尚未觸發佈局點,8.68,-4.49,-4.33,False,8.68,-9.1,0.78,True,13.46,-9.1,4.4,True,13.46,-19.15,-16.35,True
2026-06-22,2449.TW,京元電子,321.0,58.21,無特殊徵兆,➖ 中性/偏空,✅ 趨勢追蹤中，尚未觸發佈局點,4.48,-3.94,-2.61,False,4.48,-10.15,-8.82,True,8.62,-10.15,3.74,True,8.62,-23.6,-20.05,True
2026-06-22,2454.TW,聯發科,4440.0,59.48,無特殊徵兆,➖ 中性/偏空,✅ 趨勢追蹤中，尚未觸發佈局點,7.13,1.09,1.53,False,7.13,-14.36,-12.46,True,7.13,-14.36,-7.65,True,7.13,-27.03,-24.77,True
2026-06-22,2606.TW,裕民,61.9,43.19,無特殊徵兆,➖ 中性/偏空,✅ 趨勢追蹤中，尚未觸發佈局點,0.81,-1.45,-0.32,False,0.81,-4.52,-2.91,False,,,,False,,,,False
2026-06-22,2637.TW,慧洋,77.4,59.01,無特殊徵兆,➖ 中性/偏空,✅ 趨勢追蹤中，尚未觸發佈局點,0.0,-1.55,-0.78,False,0.0,-8.4,-6.2,True,14.73,-8.4,14.6,True,,,,False
2026-06-22,2886.TW,兆豐金,45.15,74.78,無特殊徵兆,➖ 中性/偏空,✅ 趨勢追蹤中，尚未觸發佈局點,-2.42,-5.41,-3.49,True,1.21,-5.41,-1.35,True,1.21,-5.41,-1.14,True,3.24,-5.41,2.92,True
2026-06-22,2883.TW,凱基金,30.65,76.8,無特殊徵兆,➖ 中性/偏空,✅ 趨勢追蹤中，尚未觸發佈局點,-2.58,-5.11,-5.11,True,-2.58,-7.0,-6.53,True,-2.58,-9.95,-5.38,True,1.79,-9.95,-3.59,True
2026-06-22,2887.TW,台新金,32.4,78.26,無特殊徵兆,➖ 中性/偏空,✅ 趨勢追蹤中，尚未觸發佈局點,-2.2,-5.02,-4.58,True,-1.16,-7.1,-2.05,True,3.59,-7.1,1.8,True,12.04,-7.1,4.33,True
2026-06-22,2352.TW,佳士達,31.2,58.82,無特殊徵兆,➖ 中性/偏空,✅ 趨勢追蹤中，尚未觸發佈局點,-1.58,-5.15,-3.6,True,-0.19,-9.33,-3.91,True,9.73,-9.33,9.73,True,12.52,-9.49,-7.47,True
2026-06-22,3019.TW,亞光,165.0,63.2,無特殊徵兆,➖ 中性/偏空,✅ 趨勢追蹤中，尚未觸發佈局點,-3.22,-8.81,-7.64,True,-3.22,-16.67,-16.36,True,-3.22,-16.67,-8.18,True,-3.22,-24.55,-21.82,True
2026-06-22,2317.TW,鴻海,273.5,55.25,無特殊徵兆,➖ 中性/偏空,✅ 趨勢追蹤中，尚未觸發佈局點,-3.96,-8.04,-7.86,True,-3.96,-12.66,-12.48,True,-3.96,-13.71,-11.52,True,-3.96,-15.9,-14.26,True
2026-06-22,1326.TW,台化,56.9,66.31,無特殊徵兆,➖ 中性/偏空,✅ 趨勢追蹤中，尚未觸發佈局點,2.87,-7.91,-7.73,True,9.49,-9.84,-3.51,True,28.3,-9.84,18.8,True,28.3,-9.84,12.83,True
2026-06-22,2207.TW,2207,475.5,56.13,無特殊徵兆,➖ 中性/偏空,✅ 趨勢追蹤中，尚未觸發佈局點,3.68,0.53,2.0,False,3.68,-0.21,0.63,False,3.68,-3.05,0.21,False,6.62,-3.05,3.05,False
2026-06-22,2449.TW,2449,326.5,59.71,無特殊徵兆,➖ 中性/偏空,✅ 趨勢追蹤中，尚未觸發佈局點,2.72,-5.56,-4.25,True,2.72,-11.66,-10.35,True,6.79,-11.66,2.0,True,6.79,-24.88,-21.4,True
2026-06-22,3227.TWO,3227O,232.0,59.92,無特殊徵兆,➖ 中性/偏空,✅ 趨勢追蹤中，尚未觸發佈局點,-3.49,-6.37,-6.16,True,-2.46,-12.75,-3.9,True,2.89,-12.75,-3.08,True,2.89,-24.78,-21.34,True
2026-06-22,2449.TW,2449,326.5,59.71,無特殊徵兆,➖ 中性/偏空,✅ 趨勢追蹤中，尚未觸發佈局點,2.72,-5.56,-4.25,True,2.72,-11.66,-10.35,True,6.79,-11.66,2.0,True,6.79,-24.88,-21.4,True
2026-06-22,0050.TW,元大台灣50,110.9,69.85,庫存動態防禦,➖ 中性/偏空,🛡️【洗盤耐受區】嚴禁攤平加碼，死守底線 (104.01)！,0.65,-1.37,-1.32,False,0.65,-7.86,-6.39,True,0.65,-7.86,-2.98,True,0.65,-11.9,-11.09,True
2026-06-22,3019.TW,亞光,163.0,61.8,無特殊徵兆,➖ 中性/偏空,✅ 趨勢追蹤中，尚未觸發佈局點,-2.04,-7.69,-6.5,True,-2.04,-15.64,-15.34,True,-2.04,-15.64,-7.06,True,-2.04,-23.62,-20.86,True
2026-06-22,8150.TW,南茂,114.0,65.67,無特殊徵兆,➖ 中性/偏空,✅ 趨勢追蹤中，尚未觸發佈局點,-2.99,-10.79,-7.76,True,-2.99,-20.7,-20.61,True,1.32,-20.7,1.32,True,9.65,-20.7,-9.65,True
2026-06-22,1301.TW,台塑,52.8,64.52,無特殊徵兆,➖ 中性/偏空,✅ 趨勢追蹤中，尚未觸發佈局點,-0.19,-7.6,-7.04,True,12.19,-9.66,-0.19,True,21.21,-9.66,14.39,True,29.92,-9.66,14.77,True
2026-06-22,1326.TW,台化,56.4,65.51,無特殊徵兆,➖ 中性/偏空,✅ 趨勢追蹤中，尚未觸發佈局點,3.78,-7.09,-6.91,True,10.46,-9.04,-2.66,True,29.43,-9.04,19.86,True,29.43,-9.04,13.83,True
2026-06-22,1476.TW,儒鴻,317.0,42.0,無特殊徵兆,➖ 中性/偏空,✅ 趨勢追蹤中，尚未觸發佈局點,0.32,-3.0,-1.42,False,3.31,-3.0,2.68,False,,,,False,,,,False
2026-06-22,1605.TW,華新,41.65,62.68,無特殊徵兆,➖ 中性/偏空,✅ 趨勢追蹤中，尚未觸發佈局點,-2.76,-9.6,-9.24,True,-2.76,-15.73,-15.01,True,-2.76,-16.21,-12.24,True,-2.76,-25.33,-23.65,True
2026-06-22,1609.TW,大亞,38.75,56.39,無特殊徵兆,➖ 中性/偏空,✅ 趨勢追蹤中，尚未觸發佈局點,0.26,-4.13,-4.13,False,0.26,-8.9,-4.9,True,12.9,-8.9,12.9,True,14.19,-8.9,-6.19,True
2026-06-22,1795.TW,美時,191.5,40.99,無特殊徵兆,➖ 中性/偏空,✅ 趨勢追蹤中，尚未觸發佈局點,1.31,-1.31,-0.52,False,1.83,-4.44,-0.52,False,5.48,-4.44,-1.57,False,,,,False
2026-06-22,1802.TW,台玻,76.4,63.22,無特殊徵兆,➖ 中性/偏空,✅ 趨勢追蹤中，尚未觸發佈局點,1.18,-9.55,-8.51,True,1.18,-14.92,-10.99,True,,,,False,,,,False
2026-06-22,2317.TW,鴻海,270.0,53.4,無特殊徵兆,➖ 中性/偏空,✅ 趨勢追蹤中，尚未觸發佈局點,-2.71,-6.85,-6.67,True,-2.71,-11.52,-11.34,True,-2.71,-12.59,-10.37,True,-2.71,-14.81,-13.15,True
2026-06-22,2324.TW,仁寶,37.95,55.65,無特殊徵兆,➖ 中性/偏空,✅ 趨勢追蹤中，尚未觸發佈局點,0.13,-4.61,-3.69,False,1.98,-10.28,-9.88,True,1.98,-10.41,-5.93,True,1.98,-11.2,-9.35,True
2026-06-22,2330.TW,台積電,2510.0,69.51,無特殊徵兆,➖ 中性/偏空,✅ 趨勢追蹤中，尚未觸發佈局點,1.0,-0.8,-0.8,False,1.0,-7.37,-5.58,True,1.0,-7.37,-1.99,True,1.0,-8.76,-7.57,True
2026-06-22,2352.TW,佳士達,31.25,59.02,無特殊徵兆,➖ 中性/偏空,✅ 趨勢追蹤中，尚未觸發佈局點,-1.74,-5.3,-3.75,True,-0.35,-9.48,-4.06,True,9.55,-9.48,9.55,True,12.34,-9.63,-7.62,True
2026-06-22,2353.TW,宏碁,34.45,52.57,無特殊徵兆,➖ 中性/偏空,✅ 趨勢追蹤中，尚未觸發佈局點,-0.44,-3.92,-3.05,False,1.74,-7.84,-6.53,True,1.74,-8.13,-4.79,True,1.74,-16.84,-15.09,True
2026-06-22,2377.TW,微星,139.0,60.14,無特殊徵兆,➖ 中性/偏空,✅ 趨勢追蹤中，尚未觸發佈局點,-3.92,-7.41,-6.71,True,-1.47,-8.46,-2.87,True,2.72,-8.46,-0.42,True,6.92,-8.46,-1.12,True
2026-06-22,2382.TW,廣達,378.5,59.01,無特殊徵兆,➖ 中性/偏空,✅ 趨勢追蹤中，尚未觸發佈局點,-3.46,-6.76,-5.61,True,-3.46,-9.54,-7.01,True,-0.42,-9.54,-4.22,True,-0.42,-18.36,-16.51,True
2026-06-22,2449.TW,京元電子,339.0,62.73,無特殊徵兆,➖ 中性/偏空,✅ 趨勢追蹤中，尚未觸發佈局點,-1.07,-9.04,-7.78,True,-1.07,-14.92,-13.66,True,2.85,-14.92,-1.77,True,2.85,-27.65,-24.3,True
2026-06-22,2454.TW,聯發科,4465.0,59.94,無特殊徵兆,➖ 中性/偏空,✅ 趨勢追蹤中，尚未觸發佈局點,6.53,0.52,0.96,False,6.53,-14.84,-12.95,True,6.53,-14.84,-8.16,True,6.53,-27.44,-25.2,True
2026-06-22,2606.TW,裕民,61.8,42.83,無特殊徵兆,➖ 中性/偏空,✅ 趨勢追蹤中，尚未觸發佈局點,0.97,-1.29,-0.16,False,0.97,-4.37,-2.75,False,,,,False,,,,False
2026-06-22,2637.TW,慧洋,77.0,57.52,無特殊徵兆,➖ 中性/偏空,✅ 趨勢追蹤中，尚未觸發佈局點,0.52,-1.04,-0.26,False,0.52,-7.92,-5.71,True,15.32,-7.92,15.19,True,,,,False
2026-06-22,1301.TW,台塑,53.1,65.1,無特殊徵兆,➖ 中性/偏空,✅ 趨勢追蹤中，尚未觸發佈局點,-0.75,-8.12,-7.56,True,11.56,-10.17,-0.75,True,20.53,-10.17,13.75,True,29.19,-10.17,14.12,True
2026-06-22,1301.TW,1301,53.1,65.1,無特殊徵兆,➖ 中性/偏空,✅ 趨勢追蹤中，尚未觸發佈局點,-0.75,-8.12,-7.56,True,11.56,-10.17,-0.75,True,20.53,-10.17,13.75,True,29.19,-10.17,14.12,True
2026-06-22,2890.TW,2890,39.85,81.17,無特殊徵兆,➖ 中性/偏空,✅ 趨勢追蹤中，尚未觸發佈局點,-3.61,-6.48,-4.8,True,-2.17,-6.96,-5.52,True,-1.93,-6.96,-1.93,True,1.18,-6.96,-5.04,True
2026-06-22,2883.TW,凱基金,30.35,74.33,無特殊徵兆,➖ 中性/偏空,✅ 趨勢追蹤中，尚未觸發佈局點,-1.62,-4.17,-4.17,False,-1.62,-6.08,-5.6,True,-1.62,-9.06,-4.45,True,2.8,-9.06,-2.64,True
2026-06-22,2449.TW,2449,326.5,59.71,無特殊徵兆,➖ 中性/偏空,✅ 趨勢追蹤中，尚未觸發佈局點,2.72,-5.56,-4.25,True,2.72,-11.66,-10.35,True,6.79,-11.66,2.0,True,6.79,-24.88,-21.4,True
2026-06-22,1476.TW,儒鴻,320.0,43.8,無特殊徵兆,➖ 中性/偏空,✅ 趨勢追蹤中，尚未觸發佈局點,-0.62,-3.91,-2.34,False,2.34,-3.91,1.72,False,,,,False,,,,False
2026-06-22,4904.TW,4904,106.5,59.96,無特殊徵兆,➖ 中性/偏空,✅ 趨勢追蹤中，尚未觸發佈局點,2.82,-0.94,0.47,False,3.29,-2.35,-0.47,False,,,,False,,,,False
2026-06-22,1605.TW,華新,41.6,62.58,無特殊徵兆,➖ 中性/偏空,✅ 趨勢追蹤中，尚未觸發佈局點,-2.64,-9.5,-9.13,True,-2.64,-15.63,-14.9,True,-2.64,-16.11,-12.14,True,-2.64,-25.24,-23.56,True
2026-06-22,1795.TW,美時,192.5,41.87,無特殊徵兆,➖ 中性/偏空,✅ 趨勢追蹤中，尚未觸發佈局點,0.78,-1.82,-1.04,False,1.3,-4.94,-1.04,False,4.94,-4.94,-2.08,False,,,,False
2026-06-22,1802.TW,台玻,77.8,64.66,無特殊徵兆,➖ 中性/偏空,✅ 趨勢追蹤中，尚未觸發佈局點,-0.64,-11.18,-10.15,True,-0.64,-16.45,-12.6,True,,,,False,,,,False
2026-06-22,2352.TW,佳士達,31.35,59.41,無特殊徵兆,➖ 中性/偏空,✅ 趨勢追蹤中，尚未觸發佈局點,-2.06,-5.6,-4.06,True,-0.67,-9.77,-4.37,True,9.2,-9.77,9.2,True,11.98,-9.92,-7.92,True
2026-06-22,2353.TW,宏碁,34.35,52.27,無特殊徵兆,➖ 中性/偏空,✅ 趨勢追蹤中，尚未觸發佈局點,-0.15,-3.64,-2.77,False,2.04,-7.57,-6.26,True,2.04,-7.86,-4.51,True,2.04,-16.59,-14.85,True
2026-06-22,2377.TW,微星,139.5,60.53,無特殊徵兆,➖ 中性/偏空,✅ 趨勢追蹤中，尚未觸發佈局點,-4.26,-7.74,-7.04,True,-1.82,-8.79,-3.22,True,2.36,-8.79,-0.78,True,6.53,-8.79,-1.47,True
2026-06-22,2382.TW,廣達,378.0,58.84,無特殊徵兆,➖ 中性/偏空,✅ 趨勢追蹤中，尚未觸發佈局點,-3.33,-6.63,-5.49,True,-3.33,-9.42,-6.89,True,-0.29,-9.42,-4.09,True,-0.29,-18.25,-16.4,True
2026-06-22,2449.TW,京元電子,326.5,59.71,無特殊徵兆,➖ 中性/偏空,✅ 趨勢追蹤中，尚未觸發佈局點,2.72,-5.56,-4.25,True,2.72,-11.66,-10.35,True,6.79,-11.66,2.0,True,6.79,-24.88,-21.4,True
2026-06-22,2454.TW,聯發科,4480.0,60.21,無特殊徵兆,➖ 中性/偏空,✅ 趨勢追蹤中，尚未觸發佈局點,6.17,0.18,0.63,False,6.17,-15.13,-13.24,True,6.17,-15.13,-8.47,True,6.17,-27.68,-25.45,True
2026-06-22,2606.TW,裕民,61.6,42.09,無特殊徵兆,➖ 中性/偏空,✅ 趨勢追蹤中，尚未觸發佈局點,1.3,-0.97,0.16,False,1.3,-4.06,-2.44,False,,,,False,,,,False
2026-06-22,2637.TW,慧洋,76.6,56.1,無特殊徵兆,➖ 中性/偏空,✅ 趨勢追蹤中，尚未觸發佈局點,1.04,-0.52,0.26,False,1.04,-7.44,-5.22,True,15.93,-7.44,15.8,True,,,,False
2026-06-22,2886.TW,兆豐金,44.45,67.12,無特殊徵兆,➖ 中性/偏空,✅ 趨勢追蹤中，尚未觸發佈局點,-0.88,-3.92,-1.97,False,2.8,-3.92,0.2,False,2.8,-3.92,0.42,False,4.87,-3.92,4.54,False
2026-06-22,2317.TW,鴻海,272.0,54.48,無特殊徵兆,➖ 中性/偏空,✅ 趨勢追蹤中，尚未觸發佈局點,-3.43,-7.53,-7.35,True,-3.43,-12.17,-12.0,True,-3.43,-13.24,-11.03,True,-3.43,-15.44,-13.79,True
2026-06-22,2887.TW,台新金,32.1,75.53,無特殊徵兆,➖ 中性/偏空,✅ 趨勢追蹤中，尚未觸發佈局點,-1.29,-4.13,-3.69,False,-0.24,-6.23,-1.14,True,4.55,-6.23,2.76,True,13.09,-6.23,5.3,True
2026-06-22,2883.TW,凱基金,30.55,75.96,無特殊徵兆,➖ 中性/偏空,✅ 趨勢追蹤中，尚未觸發佈局點,-2.27,-4.8,-4.8,False,-2.27,-6.69,-6.22,True,-2.27,-9.66,-5.07,True,2.13,-9.66,-3.27,True
2026-06-22,1301.TW,1301,53.1,65.1,無特殊徵兆,➖ 中性/偏空,✅ 趨勢追蹤中，尚未觸發佈局點,-0.75,-8.12,-7.56,True,11.56,-10.17,-0.75,True,20.53,-10.17,13.75,True,29.19,-10.17,14.12,True
2026-06-22,6269.TW,台郡,86.7,70.74,無特殊徵兆,➖ 中性/偏空,✅ 趨勢追蹤中，尚未觸發佈局點,5.88,-6.0,-3.34,True,5.88,-22.15,-21.11,True,5.88,-26.76,-23.07,True,5.88,-40.25,-37.6,True
2026-06-22,4904.TW,遠傳,106.5,59.96,無特殊徵兆,➖ 中性/偏空,✅ 趨勢追蹤中，尚未觸發佈局點,2.82,-0.94,0.47,False,3.29,-2.35,-0.47,False,,,,False,,,,False
2026-06-22,3324.TWO,雙鴻,1095.0,54.06,無特殊徵兆,➖ 中性/偏空,✅ 趨勢追蹤中，尚未觸發佈局點,-1.37,-6.39,-6.39,True,-1.37,-11.6,-9.13,True,-1.37,-11.6,-7.76,True,-1.37,-25.21,-21.64,True
2026-06-22,3231.TW,緯創,163.0,54.65,無特殊徵兆,➖ 中性/偏空,✅ 趨勢追蹤中，尚未觸發佈局點,-3.24,-6.5,-6.2,True,-3.24,-9.46,-8.57,True,-3.24,-9.46,-6.5,True,-3.24,-14.72,-11.96,True
2026-06-22,3163.TWO,波若威,874.0,41.52,無特殊徵兆,➖ 中性/偏空,✅ 趨勢追蹤中，尚未觸發佈局點,-14.06,-15.71,-15.71,True,-14.06,-33.0,-30.08,True,-14.06,-33.0,-22.41,True,-14.06,-43.0,-39.6,True
2026-06-22,3037.TW,欣興,1040.0,60.7,無特殊徵兆,➖ 中性/偏空,✅ 趨勢追蹤中，尚未觸發佈局點,3.15,-6.54,-6.54,True,4.59,-12.1,-6.35,True,6.99,-13.75,-11.83,True,6.99,-28.17,-27.88,True
2026-06-22,3714.TW,富采,71.8,56.19,無特殊徵兆,➖ 中性/偏空,✅ 趨勢追蹤中，尚未觸發佈局點,1.03,-3.91,-3.78,False,1.03,-15.86,-14.35,True,1.03,-15.86,-10.72,True,1.03,-31.13,-27.99,True
2026-06-23,3019.TW,亞光,156.0,54.02,無特殊徵兆,➖ 中性/偏空,✅ 趨勢追蹤中，尚未觸發佈局點,-0.32,-4.17,-0.32,False,0.32,-11.86,-8.65,True,2.24,-11.86,-7.69,True,2.24,-20.19,-11.86,True
2026-06-23,2324.TW,仁寶,36.85,52.07,無特殊徵兆,➖ 中性/偏空,✅ 趨勢追蹤中，尚未觸發佈局點,4.21,-1.76,2.85,False,5.02,-7.6,-4.21,True,5.02,-7.73,-4.21,True,5.02,-8.55,-2.31,True
2026-06-23,1301.TW,台塑,49.4,53.84,無特殊徵兆,➖ 中性/偏空,✅ 趨勢追蹤中，尚未觸發佈局點,9.29,-3.45,9.29,False,19.91,-3.45,10.32,False,29.55,-3.45,15.99,False,38.87,-3.45,27.53,False
2026-06-23,1476.TW,儒鴻,312.5,39.37,無特殊徵兆,➖ 中性/偏空,✅ 趨勢追蹤中，尚未觸發佈局點,3.04,-1.28,2.24,False,4.8,-1.28,0.0,False,,,,False,,,,False
2026-06-23,1605.TW,華新,37.8,51.86,無特殊徵兆,➖ 中性/偏空,✅ 趨勢追蹤中，尚未觸發佈局點,1.59,-3.17,0.93,False,5.03,-7.14,-1.59,True,5.03,-7.8,-7.28,True,5.03,-17.72,-12.83,True
2026-06-23,1609.TW,大亞,37.3,53.09,無特殊徵兆,➖ 中性/偏空,✅ 趨勢追蹤中，尚未觸發佈局點,0.94,-1.61,0.27,False,4.69,-5.36,1.88,True,18.63,-5.36,12.47,True,18.63,-5.36,0.67,True
2026-06-23,1795.TW,美時,191.0,40.52,無特殊徵兆,➖ 中性/偏空,✅ 趨勢追蹤中，尚未觸發佈局點,1.83,-1.05,1.31,False,3.14,-4.19,0.26,False,5.76,-4.19,-1.57,False,,,,False
2026-06-23,1802.TW,台玻,70.1,52.76,無特殊徵兆,➖ 中性/偏空,✅ 趨勢追蹤中，尚未觸發佈局點,0.43,-3.28,-1.14,False,6.7,-7.28,6.7,True,,,,False,,,,False
2026-06-23,2606.TW,裕民,61.2,41.32,無特殊徵兆,➖ 中性/偏空,✅ 趨勢追蹤中，尚未觸發佈局點,0.98,-0.49,0.33,False,1.63,-3.43,-1.47,False,,,,False,,,,False
2026-06-23,2353.TW,宏碁,33.35,49.14,無特殊徵兆,➖ 中性/偏空,✅ 趨勢追蹤中，尚未觸發佈局點,3.45,-0.9,2.55,False,5.1,-4.8,-0.75,False,5.1,-5.1,-4.05,True,5.1,-14.09,-9.45,True
2026-06-23,2356.TW,英業達,66.4,52.62,無特殊徵兆,➖ 中性/偏空,✅ 趨勢追蹤中，尚未觸發佈局點,-1.68,-6.2,-3.14,True,-0.08,-7.95,-2.85,True,0.94,-7.95,-4.6,True,6.2,-14.31,-9.49,True
2026-06-23,2371.TW,大同,27.75,39.4,無特殊徵兆,➖ 中性/偏空,✅ 趨勢追蹤中，尚未觸發佈局點,0.9,-0.9,-0.72,False,0.9,-5.59,-1.62,True,3.6,-5.59,-1.62,True,3.6,-8.29,-3.96,True
2026-06-23,2377.TW,微星,133.5,54.04,無特殊徵兆,➖ 中性/偏空,✅ 趨勢追蹤中，尚未觸發佈局點,-1.05,-4.69,-2.87,False,6.23,-4.69,6.23,False,6.96,-4.69,-0.32,False,11.32,-4.69,6.23,False
2026-06-23,2382.TW,廣達,368.5,54.0,無特殊徵兆,➖ 中性/偏空,✅ 趨勢追蹤中，尚未觸發佈局點,-3.18,-5.14,-3.18,True,-2.4,-7.09,-4.22,True,2.28,-7.09,-2.92,True,2.28,-16.15,-12.08,True
2026-06-23,2637.TW,慧洋,76.8,56.72,無特殊徵兆,➖ 中性/偏空,✅ 趨勢追蹤中，尚未觸發佈局點,0.0,-2.21,-1.43,False,15.63,-7.68,14.58,True,20.05,-7.68,19.53,True,,,,False
2026-06-23,2886.TW,兆豐金,45.2,72.26,無特殊徵兆,➖ 中性/偏空,✅ 趨勢追蹤中，尚未觸發佈局點,-3.7,-5.3,-4.98,True,1.1,-5.3,-1.67,True,1.1,-5.3,-0.18,True,4.3,-5.3,3.66,True
2026-06-23,2883.TW,凱基金,30.15,72.65,無特殊徵兆,➖ 中性/偏空,✅ 趨勢追蹤中，尚未觸發佈局點,-3.37,-5.46,-4.49,True,-1.29,-7.63,-4.81,True,2.49,-8.46,-0.17,True,3.48,-8.46,-1.49,True
2026-06-23,2887.TW,台新金,32.25,75.7,無特殊徵兆,➖ 中性/偏空,✅ 趨勢追蹤中，尚未觸發佈局點,-4.13,-5.77,-5.77,True,-0.11,-6.67,-0.85,True,5.86,-6.67,4.07,True,12.57,-6.67,7.6,True
2026-06-23,2330.TW,台積電,2500.0,68.15,無特殊徵兆,➖ 中性/偏空,✅ 趨勢追蹤中，尚未觸發佈局點,-2.2,-4.4,-4.4,False,-1.0,-7.0,-3.6,True,0.2,-7.0,-2.4,True,0.2,-8.4,-3.6,True
2026-06-23,6239.TW,力成,343.0,56.21,無特殊徵兆,➖ 中性/偏空,✅ 趨勢追蹤中，尚未觸發佈局點,-1.07,-6.08,-3.36,True,3.5,-13.22,-3.5,True,3.5,-13.22,-7.51,True,3.5,-24.52,-22.23,True
2026-06-23,2382.TW,廣達,369.5,54.44,無特殊徵兆,➖ 中性/偏空,✅ 趨勢追蹤中，尚未觸發佈局點,-3.45,-5.39,-3.45,True,-2.67,-7.34,-4.48,True,2.01,-7.34,-3.19,True,2.01,-16.37,-12.31,True
2026-06-23,2606.TW,裕民,61.7,42.68,無特殊徵兆,➖ 中性/偏空,✅ 趨勢追蹤中，尚未觸發佈局點,0.16,-1.3,-0.49,False,0.81,-4.21,-2.27,False,,,,False,,,,False
2026-06-23,2637.TW,慧洋,76.6,55.96,無特殊徵兆,➖ 中性/偏空,✅ 趨勢追蹤中，尚未觸發佈局點,0.26,-1.96,-1.17,False,15.93,-7.44,14.88,True,20.37,-7.44,19.84,True,,,,False
2026-06-23,2886.TW,兆豐金,45.45,73.29,無特殊徵兆,➖ 中性/偏空,✅ 趨勢追蹤中，尚未觸發佈局點,-4.23,-5.82,-5.5,True,0.54,-5.82,-2.21,True,0.54,-5.82,-0.73,True,3.72,-5.82,3.09,True
2026-06-23,2883.TW,凱基金,30.35,74.33,無特殊徵兆,➖ 中性/偏空,✅ 趨勢追蹤中，尚未觸發佈局點,-4.01,-6.08,-5.12,True,-1.94,-8.24,-5.44,True,1.81,-9.06,-0.82,True,2.8,-9.06,-2.14,True
2026-06-23,2887.TW,台新金,32.4,76.14,無特殊徵兆,➖ 中性/偏空,✅ 趨勢追蹤中，尚未觸發佈局點,-4.58,-6.21,-6.21,True,-0.57,-7.1,-1.31,True,5.37,-7.1,3.59,True,12.04,-7.1,7.1,True
2026-06-23,3163.TWO,波若威,873.0,41.56,無特殊徵兆,➖ 中性/偏空,✅ 趨勢追蹤中，尚未觸發佈局點,-16.39,-18.53,-18.34,True,-16.39,-32.92,-23.0,True,-16.0,-32.92,-27.86,True,-16.0,-42.93,-35.45,True
2026-06-23,3231.TW,緯創,159.5,51.82,無特殊徵兆,➖ 中性/偏空,✅ 趨勢追蹤中，尚未觸發佈局點,-3.54,-6.26,-4.75,True,-2.03,-7.47,-4.14,True,-2.03,-7.47,-5.96,True,-2.03,-12.85,-6.27,True
2026-06-23,4904.TW,遠傳,107.5,62.92,無特殊徵兆,➖ 中性/偏空,✅ 趨勢追蹤中，尚未觸發佈局點,0.0,-3.26,-0.47,False,2.33,-4.19,-2.33,False,,,,False,,,,False
2026-06-23,0050.TW,元大台灣50,110.2,67.42,庫存動態防禦,➖ 中性/偏空,🛡️【洗盤耐受區】嚴禁攤平加碼，死守底線 (104.49)！,-2.5,-4.26,-3.36,False,-2.36,-7.28,-2.77,True,-0.83,-7.28,-4.21,True,-0.83,-11.34,-6.99,True
2026-06-23,3163.TWO,波若威,873.0,41.56,無特殊徵兆,➖ 中性/偏空,✅ 趨勢追蹤中，尚未觸發佈局點,-16.39,-18.53,-18.34,True,-16.39,-32.92,-23.0,True,-16.0,-32.92,-27.86,True,-16.0,-42.93,-35.45,True
2026-06-23,9933.TW,中鼎,43.0,60.19,無特殊徵兆,➖ 中性/偏空,✅ 趨勢追蹤中，尚未觸發佈局點,0.35,-1.4,-0.23,False,,,,False,,,,False,,,,False
2026-06-23,9939.TW,宏全,132.0,62.28,無特殊徵兆,➖ 中性/偏空,✅ 趨勢追蹤中，尚未觸發佈局點,-1.52,-3.03,-2.65,False,,,,False,,,,False,,,,False
2026-06-23,4904.TW,4904,107.5,62.92,無特殊徵兆,➖ 中性/偏空,✅ 趨勢追蹤中，尚未觸發佈局點,0.0,-3.26,-0.47,False,2.33,-4.19,-2.33,False,,,,False,,,,False
2026-06-23,6415.TW,6415,668.0,66.12,無特殊徵兆,➖ 中性/偏空,✅ 趨勢追蹤中，尚未觸發佈局點,-7.34,-12.57,-9.43,True,-0.75,-17.07,-10.48,True,-0.75,-17.07,-16.17,True,-0.75,-37.95,-30.91,True
2026-06-23,5469.TW,5469,87.1,53.89,無特殊徵兆,➖ 中性/偏空,✅ 趨勢追蹤中，尚未觸發佈局點,-3.13,-5.8,-4.8,True,4.66,-5.8,-0.57,True,4.66,-7.47,-7.47,True,4.66,-24.91,-19.06,True
2026-06-23,1314.TW,1314,7.87,56.57,無特殊徵兆,➖ 中性/偏空,✅ 趨勢追蹤中，尚未觸發佈局點,1.52,-1.91,1.52,False,6.61,-1.91,6.23,False,35.96,-1.91,24.14,False,35.96,-1.91,7.37,False
2026-06-23,6415.TW,矽力-KY,668.0,66.12,無特殊徵兆,➖ 中性/偏空,✅ 趨勢追蹤中，尚未觸發佈局點,-7.34,-12.57,-9.43,True,-0.75,-17.07,-10.48,True,-0.75,-17.07,-16.17,True,-0.75,-37.95,-30.91,True
2026-06-23,3231.TW,緯創,158.5,51.04,無特殊徵兆,➖ 中性/偏空,✅ 趨勢追蹤中，尚未觸發佈局點,-2.93,-5.67,-4.15,True,-1.41,-6.88,-3.54,True,-1.41,-6.88,-5.36,True,-1.41,-12.3,-5.68,True
2026-06-23,0050.TW,元大台灣50,110.1,67.15,庫存動態防禦,➖ 中性/偏空,🛡️【洗盤耐受區】嚴禁攤平加碼，死守底線 (104.49)！,-2.41,-4.17,-3.27,False,-2.27,-7.2,-2.68,True,-0.74,-7.2,-4.13,True,-0.74,-11.26,-6.9,True
2026-06-23,6239.TW,力成,344.5,56.62,無特殊徵兆,➖ 中性/偏空,✅ 趨勢追蹤中，尚未觸發佈局點,-1.5,-6.49,-3.78,True,3.05,-13.6,-3.92,True,3.05,-13.6,-7.91,True,3.05,-24.85,-22.57,True
2026-06-23,2371.TW,大同,27.7,39.11,無特殊徵兆,➖ 中性/偏空,✅ 趨勢追蹤中，尚未觸發佈局點,1.08,-0.72,-0.54,False,1.08,-5.42,-1.44,True,3.79,-5.42,-1.44,True,3.79,-8.12,-3.79,True
2026-06-23,2377.TW,微星,133.5,54.04,無特殊徵兆,➖ 中性/偏空,✅ 趨勢追蹤中，尚未觸發佈局點,-1.05,-4.69,-2.87,False,6.23,-4.69,6.23,False,6.96,-4.69,-0.32,False,11.32,-4.69,6.23,False
2026-06-23,2606.TW,裕民,61.7,42.68,無特殊徵兆,➖ 中性/偏空,✅ 趨勢追蹤中，尚未觸發佈局點,0.16,-1.3,-0.49,False,0.81,-4.21,-2.27,False,,,,False,,,,False
2026-06-23,2637.TW,慧洋,76.8,56.72,無特殊徵兆,➖ 中性/偏空,✅ 趨勢追蹤中，尚未觸發佈局點,0.0,-2.21,-1.43,False,15.63,-7.68,14.58,True,20.05,-7.68,19.53,True,,,,False
2026-06-23,2886.TW,兆豐金,45.2,72.26,無特殊徵兆,➖ 中性/偏空,✅ 趨勢追蹤中，尚未觸發佈局點,-3.7,-5.3,-4.98,True,1.1,-5.3,-1.67,True,1.1,-5.3,-0.18,True,4.3,-5.3,3.66,True
2026-06-23,2883.TW,凱基金,30.1,72.24,無特殊徵兆,➖ 中性/偏空,✅ 趨勢追蹤中，尚未觸發佈局點,-3.21,-5.3,-4.34,True,-1.13,-7.48,-4.65,True,2.66,-8.31,0.0,True,3.65,-8.31,-1.33,True
2026-06-23,2887.TW,台新金,32.15,75.4,無特殊徵兆,➖ 中性/偏空,✅ 趨勢追蹤中，尚未觸發佈局點,-3.84,-5.48,-5.48,True,0.2,-6.38,-0.54,True,6.19,-6.38,4.39,True,12.92,-6.38,7.93,True
2026-06-23,3163.TWO,波若威,868.0,41.09,無特殊徵兆,➖ 中性/偏空,✅ 趨勢追蹤中，尚未觸發佈局點,-15.91,-18.06,-17.87,True,-15.91,-32.53,-22.56,True,-15.52,-32.53,-27.45,True,-15.52,-42.6,-35.08,True
2026-06-23,3231.TW,緯創,158.5,51.04,無特殊徵兆,➖ 中性/偏空,✅ 趨勢追蹤中，尚未觸發佈局點,-2.93,-5.67,-4.15,True,-1.41,-6.88,-3.54,True,-1.41,-6.88,-5.36,True,-1.41,-12.3,-5.68,True
2026-06-23,2356.TW,英業達,66.1,52.07,無特殊徵兆,➖ 中性/偏空,✅ 趨勢追蹤中，尚未觸發佈局點,-1.23,-5.78,-2.7,True,0.38,-7.54,-2.41,True,1.4,-7.54,-4.17,True,6.68,-13.92,-9.08,True
2026-06-23,4904.TW,遠傳,107.0,61.22,無特殊徵兆,➖ 中性/偏空,✅ 趨勢追蹤中，尚未觸發佈局點,0.47,-2.8,0.0,False,2.8,-3.74,-1.87,False,,,,False,,,,False
2026-06-23,9933.TW,中鼎,43.3,61.83,無特殊徵兆,➖ 中性/偏空,✅ 趨勢追蹤中，尚未觸發佈局點,-0.35,-2.08,-0.92,False,,,,False,,,,False,,,,False
2026-06-23,8046.TW,8046,909.0,55.39,無特殊徵兆,➖ 中性/偏空,✅ 趨勢追蹤中，尚未觸發佈局點,4.95,-2.62,4.84,False,30.36,-2.62,30.36,False,41.36,-2.62,13.31,False,55.67,-2.62,30.91,False
2026-06-23,4904.TW,4904,107.0,61.22,無特殊徵兆,➖ 中性/偏空,✅ 趨勢追蹤中，尚未觸發佈局點,0.47,-2.8,0.0,False,2.8,-3.74,-1.87,False,,,,False,,,,False
2026-06-23,8046.TW,8046,909.0,55.39,無特殊徵兆,➖ 中性/偏空,✅ 趨勢追蹤中，尚未觸發佈局點,4.95,-2.62,4.84,False,30.36,-2.62,30.36,False,41.36,-2.62,13.31,False,55.67,-2.62,30.91,False
2026-06-23,8046.TW,8046,909.0,55.39,無特殊徵兆,➖ 中性/偏空,✅ 趨勢追蹤中，尚未觸發佈局點,4.95,-2.62,4.84,False,30.36,-2.62,30.36,False,41.36,-2.62,13.31,False,55.67,-2.62,30.91,False
2026-06-23,2377.TW,微星,134.0,54.58,無特殊徵兆,➖ 中性/偏空,✅ 趨勢追蹤中，尚未觸發佈局點,-1.42,-5.04,-3.23,True,5.83,-5.04,5.83,True,6.56,-5.04,-0.69,True,10.91,-5.04,5.83,True
2026-06-23,6239.TW,力成,344.0,56.48,無特殊徵兆,➖ 中性/偏空,✅ 趨勢追蹤中，尚未觸發佈局點,-1.36,-6.35,-3.64,True,3.2,-13.48,-3.78,True,3.2,-13.48,-7.78,True,3.2,-24.74,-22.46,True
2026-06-23,4904.TW,遠傳,106.5,59.62,無特殊徵兆,➖ 中性/偏空,✅ 趨勢追蹤中，尚未觸發佈局點,0.94,-2.35,0.47,False,3.29,-3.29,-1.41,False,,,,False,,,,False
2026-06-23,2353.TW,宏碁,33.4,49.29,無特殊徵兆,➖ 中性/偏空,✅ 趨勢追蹤中，尚未觸發佈局點,3.29,-1.05,2.4,False,4.94,-4.94,-0.9,False,4.94,-5.24,-4.19,True,4.94,-14.22,-9.58,True
2026-06-23,2324.TW,仁寶,36.55,51.11,無特殊徵兆,➖ 中性/偏空,✅ 趨勢追蹤中，尚未觸發佈局點,5.06,-0.96,3.69,False,5.88,-6.84,-3.42,True,5.88,-6.98,-3.42,True,5.88,-7.8,-1.5,True
2026-06-23,6415.TW,矽力-KY,648.0,62.83,無特殊徵兆,➖ 中性/偏空,✅ 趨勢追蹤中，尚未觸發佈局點,-4.48,-9.88,-6.64,True,2.31,-14.51,-7.72,True,2.31,-14.51,-13.58,True,2.31,-36.03,-28.78,True
2026-06-23,9933.TW,中鼎,43.25,61.55,無特殊徵兆,➖ 中性/偏空,✅ 趨勢追蹤中，尚未觸發佈局點,-0.23,-1.97,-0.81,False,,,,False,,,,False,,,,False
2026-06-23,9939.TW,宏全,132.0,62.28,無特殊徵兆,➖ 中性/偏空,✅ 趨勢追蹤中，尚未觸發佈局點,-1.52,-3.03,-2.65,False,,,,False,,,,False,,,,False
2026-06-23,1802.TW,1802,70.1,52.76,無特殊徵兆,➖ 中性/偏空,✅ 趨勢追蹤中，尚未觸發佈局點,0.43,-3.28,-1.14,False,6.7,-7.28,6.7,True,,,,False,,,,False
2026-06-23,4904.TW,4904,106.5,59.62,無特殊徵兆,➖ 中性/偏空,✅ 趨勢追蹤中，尚未觸發佈局點,0.94,-2.35,0.47,False,3.29,-3.29,-1.41,False,,,,False,,,,False
2026-06-23,6415.TW,6415,648.0,62.83,無特殊徵兆,➖ 中性/偏空,✅ 趨勢追蹤中，尚未觸發佈局點,-4.48,-9.88,-6.64,True,2.31,-14.51,-7.72,True,2.31,-14.51,-13.58,True,2.31,-36.03,-28.78,True
2026-06-23,2330.TW,台積電,2490.0,66.85,無特殊徵兆,➖ 中性/偏空,✅ 趨勢追蹤中，尚未觸發佈局點,-1.81,-4.02,-4.02,False,-0.6,-6.63,-3.21,True,0.6,-6.63,-2.01,True,0.6,-8.03,-3.21,True
2026-06-23,5469.TW,5469,86.6,52.95,無特殊徵兆,➖ 中性/偏空,✅ 趨勢追蹤中，尚未觸發佈局點,-2.57,-5.26,-4.25,True,5.27,-5.26,0.0,True,5.27,-6.94,-6.94,True,5.27,-24.48,-18.59,True
2026-06-23,1314.TW,1314,7.85,55.99,無特殊徵兆,➖ 中性/偏空,✅ 趨勢追蹤中，尚未觸發佈局點,1.78,-1.66,1.78,False,6.88,-1.66,6.5,False,36.31,-1.66,24.46,False,36.31,-1.66,7.64,False
2026-06-23,3019.TW,亞光,157.0,55.01,無特殊徵兆,➖ 中性/偏空,✅ 趨勢追蹤中，尚未觸發佈局點,-0.96,-4.78,-0.96,False,-0.32,-12.42,-9.24,True,1.59,-12.42,-8.28,True,1.59,-20.7,-12.42,True
2026-06-23,1301.TW,台塑,49.55,54.26,無特殊徵兆,➖ 中性/偏空,✅ 趨勢追蹤中，尚未觸發佈局點,8.96,-3.74,8.96,False,19.55,-3.74,9.99,False,29.16,-3.74,15.64,False,38.45,-3.74,27.14,False
2026-06-23,1476.TW,儒鴻,312.5,39.37,無特殊徵兆,➖ 中性/偏空,✅ 趨勢追蹤中，尚未觸發佈局點,3.04,-1.28,2.24,False,4.8,-1.28,0.0,False,,,,False,,,,False
2026-06-23,1605.TW,華新,37.8,51.86,無特殊徵兆,➖ 中性/偏空,✅ 趨勢追蹤中，尚未觸發佈局點,1.59,-3.17,0.93,False,5.03,-7.14,-1.59,True,5.03,-7.8,-7.28,True,5.03,-17.72,-12.83,True
2026-06-23,1795.TW,美時,190.5,40.07,無特殊徵兆,➖ 中性/偏空,✅ 趨勢追蹤中，尚未觸發佈局點,2.1,-0.79,1.57,False,3.41,-3.94,0.52,False,6.04,-3.94,-1.31,False,,,,False
2026-06-23,1802.TW,台玻,69.9,52.49,無特殊徵兆,➖ 中性/偏空,✅ 趨勢追蹤中，尚未觸發佈局點,0.72,-3.0,-0.86,False,7.01,-7.01,7.01,True,,,,False,,,,False
2026-06-23,1802.TW,1802,70.1,52.76,無特殊徵兆,➖ 中性/偏空,✅ 趨勢追蹤中，尚未觸發佈局點,0.43,-3.28,-1.14,False,6.7,-7.28,6.7,True,,,,False,,,,False
2026-06-23,2382.TW,廣達,372.5,55.8,無特殊徵兆,➖ 中性/偏空,✅ 趨勢追蹤中，尚未觸發佈局點,-4.22,-6.15,-4.22,True,-3.45,-8.09,-5.25,True,1.18,-8.09,-3.97,True,1.18,-17.05,-13.02,True
2026-06-23,2371.TW,大同,27.8,39.68,無特殊徵兆,➖ 中性/偏空,✅ 趨勢追蹤中，尚未觸發佈局點,0.72,-1.08,-0.9,False,0.72,-5.76,-1.8,True,3.42,-5.76,-1.8,True,3.42,-8.45,-4.14,True
2026-06-23,2353.TW,宏碁,33.4,49.29,無特殊徵兆,➖ 中性/偏空,✅ 趨勢追蹤中，尚未觸發佈局點,3.29,-1.05,2.4,False,4.94,-4.94,-0.9,False,4.94,-5.24,-4.19,True,4.94,-14.22,-9.58,True
2026-06-23,2887.TW,台新金,32.2,75.55,無特殊徵兆,➖ 中性/偏空,✅ 趨勢追蹤中，尚未觸發佈局點,-3.98,-5.63,-5.63,True,0.05,-6.52,-0.7,True,6.02,-6.52,4.23,True,12.74,-6.52,7.76,True
2026-06-23,3037.TW,欣興,1005.0,57.96,無特殊徵兆,➖ 中性/偏空,✅ 趨勢追蹤中，尚未觸發佈局點,-5.47,-9.04,-7.55,True,8.24,-9.04,6.25,True,10.72,-16.82,-16.42,True,10.72,-25.67,-17.91,True
2026-06-23,3163.TWO,波若威,870.0,41.24,無特殊徵兆,➖ 中性/偏空,✅ 趨勢追蹤中，尚未觸發佈局點,-16.1,-18.25,-18.06,True,-16.1,-32.69,-22.74,True,-15.71,-32.69,-27.62,True,-15.71,-42.74,-35.23,True
2026-06-23,3231.TW,緯創,161.5,53.45,無特殊徵兆,➖ 中性/偏空,✅ 趨勢追蹤中，尚未觸發佈局點,-4.73,-7.42,-5.93,True,-3.24,-8.61,-5.33,True,-3.24,-8.61,-7.12,True,-3.24,-13.93,-7.43,True
2026-06-23,3324.TWO,雙鴻,1060.0,50.2,無特殊徵兆,➖ 中性/偏空,✅ 趨勢追蹤中，尚未觸發佈局點,0.47,-6.13,-0.47,True,1.42,-8.68,-4.72,True,1.42,-9.43,-8.49,True,1.42,-22.74,-12.64,True
2026-06-23,3714.TW,富采,72.5,56.91,無特殊徵兆,➖ 中性/偏空,✅ 趨勢追蹤中，尚未觸發佈局點,0.05,-6.74,-3.21,True,0.05,-16.67,-10.62,True,0.05,-16.67,-15.45,True,0.05,-31.79,-27.86,True
2026-06-23,4904.TW,遠傳,109.0,66.61,無特殊徵兆,➖ 中性/偏空,✅ 趨勢追蹤中，尚未觸發佈局點,-1.38,-4.59,-1.83,False,0.92,-5.5,-3.67,True,,,,False,,,,False
2026-06-23,6239.TW,力成,366.0,63.22,無特殊徵兆,➖ 中性/偏空,✅ 趨勢追蹤中，尚未觸發佈局點,-7.29,-11.98,-9.43,True,-3.0,-18.68,-9.57,True,-3.0,-18.68,-13.32,True,-3.0,-29.26,-27.12,True
2026-06-23,6269.TW,台郡,88.7,72.09,無特殊徵兆,➖ 中性/偏空,✅ 趨勢追蹤中，尚未觸發佈局點,-4.96,-11.05,-10.94,True,-4.96,-23.9,-19.95,True,-4.96,-29.99,-29.54,True,-4.96,-41.6,-36.98,True
2026-06-23,6415.TW,矽力-KY,679.0,67.51,無特殊徵兆,➖ 中性/偏空,✅ 趨勢追蹤中，尚未觸發佈局點,-8.84,-13.99,-10.9,True,-2.36,-18.41,-11.93,True,-2.36,-18.41,-17.53,True,-2.36,-38.95,-32.03,True
2026-06-23,9933.TW,中鼎,43.5,62.97,無特殊徵兆,➖ 中性/偏空,✅ 趨勢追蹤中，尚未觸發佈局點,-0.8,-2.53,-1.38,False,,,,False,,,,False,,,,False
2026-06-23,9939.TW,宏全,132.0,62.28,無特殊徵兆,➖ 中性/偏空,✅ 趨勢追蹤中，尚未觸發佈局點,-1.52,-3.03,-2.65,False,,,,False,,,,False,,,,False
2026-06-23,2301.TW,2301,239.5,61.05,無特殊徵兆,➖ 中性/偏空,✅ 趨勢追蹤中，尚未觸發佈局點,-6.71,-11.88,-10.43,True,-3.4,-16.84,-8.15,True,-3.4,-16.84,-11.88,True,-3.4,-22.43,-14.36,True
2026-06-23,2449.TW,2449,343.0,63.68,無特殊徵兆,➖ 中性/偏空,✅ 趨勢追蹤中，尚未觸發佈局點,-6.92,-12.04,-7.75,True,-3.33,-15.91,-6.65,True,1.65,-15.91,-12.32,True,1.65,-28.5,-22.83,True
2026-06-23,1802.TW,1802,75.2,60.79,無特殊徵兆,➖ 中性/偏空,✅ 趨勢追蹤中，尚未觸發佈局點,-6.38,-9.84,-7.85,True,-0.53,-13.56,-0.53,True,,,,False,,,,False
2026-06-23,4904.TW,4904,109.0,66.61,無特殊徵兆,➖ 中性/偏空,✅ 趨勢追蹤中，尚未觸發佈局點,-1.38,-4.59,-1.83,False,0.92,-5.5,-3.67,True,,,,False,,,,False
2026-06-23,2883.TW,凱基金,30.6,75.05,無特殊徵兆,➖ 中性/偏空,✅ 趨勢追蹤中，尚未觸發佈局點,-4.79,-6.85,-5.9,True,-2.74,-8.99,-6.21,True,0.98,-9.8,-1.63,True,1.96,-9.8,-2.94,True
2026-06-23,2886.TW,兆豐金,44.75,70.2,無特殊徵兆,➖ 中性/偏空,✅ 趨勢追蹤中，尚未觸發佈局點,-2.73,-4.35,-4.02,False,2.12,-4.35,-0.69,False,2.12,-4.35,0.82,False,5.35,-4.35,4.7,False
2026-06-23,2637.TW,慧洋,76.7,56.34,無特殊徵兆,➖ 中性/偏空,✅ 趨勢追蹤中，尚未觸發佈局點,0.13,-2.09,-1.3,False,15.78,-7.56,14.73,True,20.21,-7.56,19.69,True,,,,False
2026-06-23,2606.TW,裕民,62.1,43.92,無特殊徵兆,➖ 中性/偏空,✅ 趨勢追蹤中，尚未觸發佈局點,-0.48,-1.93,-1.13,False,0.16,-4.83,-2.9,False,,,,False,,,,False
2026-06-23,2356.TW,英業達,66.8,53.36,無特殊徵兆,➖ 中性/偏空,✅ 趨勢追蹤中，尚未觸發佈局點,-2.27,-6.76,-3.72,True,-0.67,-8.5,-3.43,True,0.34,-8.5,-5.17,True,5.56,-14.82,-10.03,True
2026-06-23,0050.TW,元大台灣50,111.75,70.89,庫存動態防禦,➖ 中性/偏空,🛡️【洗盤耐受區】嚴禁攤平加碼，死守底線 (104.57)！,-3.85,-5.59,-4.7,True,-3.72,-8.57,-4.12,True,-2.21,-8.57,-5.54,True,-2.21,-12.57,-8.28,True
2026-06-23,3019.TW,亞光,162.5,61.17,無特殊徵兆,➖ 中性/偏空,✅ 趨勢追蹤中，尚未觸發佈局點,-4.31,-8.0,-4.31,True,-3.69,-15.38,-12.31,True,-1.85,-15.38,-11.38,True,-1.85,-23.38,-15.38,True
2026-06-23,8150.TW,南茂,105.0,57.76,無特殊徵兆,➖ 中性/偏空,✅ 趨勢追蹤中，尚未觸發佈局點,-0.32,-7.47,-3.14,True,3.91,-13.9,-5.24,True,12.86,-13.9,3.81,True,19.05,-13.9,-0.95,True
2026-06-23,1301.TW,台塑,52.8,64.58,無特殊徵兆,➖ 中性/偏空,✅ 趨勢追蹤中，尚未觸發佈局點,2.25,-9.66,2.25,True,12.19,-9.66,3.22,True,21.21,-9.66,8.52,True,29.92,-9.66,19.32,True
2026-06-23,1476.TW,儒鴻,317.0,42.0,無特殊徵兆,➖ 中性/偏空,✅ 趨勢追蹤中，尚未觸發佈局點,1.58,-2.68,0.79,False,3.31,-2.68,-1.42,False,,,,False,,,,False
2026-06-23,1513.TW,中興電,183.0,66.65,無特殊徵兆,➖ 中性/偏空,✅ 趨勢追蹤中，尚未觸發佈局點,-2.44,-5.61,-2.44,True,-2.18,-7.72,-6.66,True,-2.18,-7.72,-7.72,True,-2.18,-15.85,-11.2,True
2026-06-23,1536.TW,和大,50.7,50.84,無特殊徵兆,➖ 中性/偏空,✅ 趨勢追蹤中，尚未觸發佈局點,-2.96,-4.64,-4.04,False,-2.86,-7.3,-5.92,True,7.89,-7.3,0.99,True,12.82,-7.3,-0.39,True
2026-06-23,1605.TW,華新,40.3,59.28,無特殊徵兆,➖ 中性/偏空,✅ 趨勢追蹤中，尚未觸發佈局點,-4.71,-9.18,-5.33,True,-1.49,-12.9,-7.69,True,-1.49,-13.52,-13.03,True,-1.49,-22.83,-18.24,True
2026-06-23,2301.TW,2301,239.5,61.05,無特殊徵兆,➖ 中性/偏空,✅ 趨勢追蹤中，尚未觸發佈局點,-6.71,-11.88,-10.43,True,-3.4,-16.84,-8.15,True,-3.4,-16.84,-11.88,True,-3.4,-22.43,-14.36,True
2026-06-23,1609.TW,大亞,38.75,58.86,無特殊徵兆,➖ 中性/偏空,✅ 趨勢追蹤中，尚未觸發佈局點,-2.84,-5.29,-3.48,True,0.77,-8.9,-1.94,True,14.19,-8.9,8.26,True,14.19,-8.9,-3.1,True
2026-06-23,1802.TW,台玻,75.2,60.79,無特殊徵兆,➖ 中性/偏空,✅ 趨勢追蹤中，尚未觸發佈局點,-6.38,-9.84,-7.85,True,-0.53,-13.56,-0.53,True,,,,False,,,,False
2026-06-23,2324.TW,仁寶,37.7,54.86,無特殊徵兆,➖ 中性/偏空,✅ 趨勢追蹤中，尚未觸發佈局點,1.86,-3.98,0.53,False,2.65,-9.68,-6.37,True,2.65,-9.81,-6.37,True,2.65,-10.61,-4.51,True
2026-06-23,2330.TW,台積電,2520.0,70.1,無特殊徵兆,➖ 中性/偏空,✅ 趨勢追蹤中，尚未觸發佈局點,-2.98,-5.16,-5.16,True,-1.79,-7.74,-4.37,True,-0.6,-7.74,-3.17,True,-0.6,-9.13,-4.37,True
2026-06-23,2352.TW,佳士達,31.5,60.0,無特殊徵兆,➖ 中性/偏空,✅ 趨勢追蹤中，尚未觸發佈局點,-3.75,-7.13,-6.05,True,4.69,-10.2,4.69,True,11.45,-10.2,5.77,True,11.45,-10.35,-5.9,True
2026-06-23,2353.TW,宏碁,34.05,51.34,無特殊徵兆,➖ 中性/偏空,✅ 趨勢追蹤中，尚未觸發佈局點,1.32,-2.94,0.44,False,2.94,-6.75,-2.79,True,2.94,-7.05,-6.02,True,2.94,-15.86,-11.31,True
2026-06-23,2356.TW,英業達,68.3,56.14,無特殊徵兆,➖ 中性/偏空,✅ 趨勢追蹤中，尚未觸發佈局點,-4.42,-8.81,-5.83,True,-2.86,-10.51,-5.55,True,-1.86,-10.51,-7.25,True,3.24,-16.69,-12.01,True
2026-06-23,2371.TW,大同,28.3,43.12,無特殊徵兆,➖ 中性/偏空,✅ 趨勢追蹤中，尚未觸發佈局點,-1.06,-2.83,-2.65,False,-1.06,-7.42,-3.53,True,1.59,-7.42,-3.53,True,1.59,-10.07,-5.83,True
2026-06-23,2382.TW,廣達,377.5,58.22,無特殊徵兆,➖ 中性/偏空,✅ 趨勢追蹤中，尚未觸發佈局點,-5.49,-7.4,-5.49,True,-4.73,-9.3,-6.51,True,-0.16,-9.3,-5.24,True,-0.16,-18.15,-14.17,True
2026-06-23,2409.TW,友達,30.9,71.38,無特殊徵兆,➖ 中性/偏空,✅ 趨勢追蹤中，尚未觸發佈局點,1.65,-10.12,-2.96,True,5.79,-12.19,4.04,True,9.6,-12.19,-6.62,True,9.6,-21.89,-18.55,True
2026-06-23,2449.TW,京元電子,343.0,63.68,無特殊徵兆,➖ 中性/偏空,✅ 趨勢追蹤中，尚未觸發佈局點,-6.92,-12.04,-7.75,True,-3.33,-15.91,-6.65,True,1.65,-15.91,-12.32,True,1.65,-28.5,-22.83,True
2026-06-23,1795.TW,美時,192.5,42.31,無特殊徵兆,➖ 中性/偏空,✅ 趨勢追蹤中，尚未觸發佈局點,1.04,-1.82,0.52,False,2.34,-4.94,-0.52,False,4.94,-4.94,-2.34,False,,,,False
2026-06-23,3714.TW,3714,72.5,56.91,無特殊徵兆,➖ 中性/偏空,✅ 趨勢追蹤中，尚未觸發佈局點,0.05,-6.74,-3.21,True,0.05,-16.67,-10.62,True,0.05,-16.67,-15.45,True,0.05,-31.79,-27.86,True
2026-06-23,2377.TW,微星,137.0,58.0,無特殊徵兆,➖ 中性/偏空,✅ 趨勢追蹤中，尚未觸發佈局點,-3.58,-7.12,-5.35,True,3.51,-7.12,3.51,True,4.22,-7.12,-2.87,True,8.48,-7.12,3.51,True
2026-06-23,6415.TW,6415,679.0,67.51,無特殊徵兆,➖ 中性/偏空,✅ 趨勢追蹤中，尚未觸發佈局點,-8.84,-13.99,-10.9,True,-2.36,-18.41,-11.93,True,-2.36,-18.41,-17.53,True,-2.36,-38.95,-32.03,True
2026-06-23,3231.TW,緯創,161.5,53.45,無特殊徵兆,➖ 中性/偏空,✅ 趨勢追蹤中，尚未觸發佈局點,-4.73,-7.42,-5.93,True,-3.24,-8.61,-5.33,True,-3.24,-8.61,-7.12,True,-3.24,-13.93,-7.43,True
2026-06-23,4904.TW,遠傳,107.5,62.92,無特殊徵兆,➖ 中性/偏空,✅ 趨勢追蹤中，尚未觸發佈局點,0.0,-3.26,-0.47,False,2.33,-4.19,-2.33,False,,,,False,,,,False
2026-06-23,9933.TW,中鼎,43.25,61.55,無特殊徵兆,➖ 中性/偏空,✅ 趨勢追蹤中，尚未觸發佈局點,-0.23,-1.97,-0.81,False,,,,False,,,,False,,,,False
2026-06-23,4904.TW,4904,107.5,62.92,無特殊徵兆,➖ 中性/偏空,✅ 趨勢追蹤中，尚未觸發佈局點,0.0,-3.26,-0.47,False,2.33,-4.19,-2.33,False,,,,False,,,,False
2026-06-23,1514.TW,1514,126.0,53.64,無特殊徵兆,➖ 中性/偏空,✅ 趨勢追蹤中，尚未觸發佈局點,-1.32,-4.37,-2.46,False,-1.32,-10.08,-6.27,True,-0.94,-10.08,-7.8,True,-0.94,-23.95,-18.08,True
2026-06-23,1314.TW,1314,7.91,57.77,無特殊徵兆,➖ 中性/偏空,✅ 趨勢追蹤中，尚未觸發佈局點,1.01,-2.4,1.01,False,6.07,-2.4,5.69,False,35.27,-2.4,23.51,False,35.27,-2.4,6.83,False
2026-06-23,3163.TWO,波若威,881.0,42.39,無特殊徵兆,➖ 中性/偏空,✅ 趨勢追蹤中，尚未觸發佈局點,-17.15,-19.27,-19.08,True,-17.15,-33.53,-23.7,True,-16.77,-33.53,-28.52,True,-16.77,-43.45,-36.03,True
2026-06-23,0050.TW,元大台灣50,111.0,69.71,庫存動態防禦,➖ 中性/偏空,🛡️【洗盤耐受區】嚴禁攤平加碼，死守底線 (104.53)！,-3.2,-4.95,-4.05,False,-3.07,-7.95,-3.47,True,-1.55,-7.95,-4.9,True,-1.55,-11.98,-7.66,True
2026-06-23,3019.TW,亞光,157.5,55.52,無特殊徵兆,➖ 中性/偏空,✅ 趨勢追蹤中，尚未觸發佈局點,-1.27,-5.08,-1.27,True,-0.63,-12.7,-9.52,True,1.27,-12.7,-8.57,True,1.27,-20.95,-12.7,True
2026-06-23,1301.TW,台塑,50.2,56.16,無特殊徵兆,➖ 中性/偏空,✅ 趨勢追蹤中，尚未觸發佈局點,7.55,-4.99,7.55,False,18.0,-4.99,8.57,False,27.49,-4.99,14.14,False,36.65,-4.99,25.5,False
2026-06-23,1476.TW,儒鴻,313.0,39.65,無特殊徵兆,➖ 中性/偏空,✅ 趨勢追蹤中，尚未觸發佈局點,2.88,-1.44,2.08,False,4.63,-1.44,-0.16,False,,,,False,,,,False
2026-06-23,1605.TW,華新,38.4,53.47,無特殊徵兆,➖ 中性/偏空,✅ 趨勢追蹤中，尚未觸發佈局點,0.0,-4.69,-0.65,False,3.39,-8.59,-3.12,True,3.39,-9.24,-8.72,True,3.39,-19.01,-14.19,True
2026-06-23,1609.TW,大亞,37.55,54.19,無特殊徵兆,➖ 中性/偏空,✅ 趨勢追蹤中，尚未觸發佈局點,0.27,-2.26,-0.4,False,3.99,-5.99,1.2,True,17.84,-5.99,11.72,True,17.84,-5.99,-0.0,True
2026-06-23,1795.TW,美時,190.0,39.63,無特殊徵兆,➖ 中性/偏空,✅ 趨勢追蹤中，尚未觸發佈局點,2.37,-0.53,1.84,False,3.68,-3.68,0.79,False,6.32,-3.68,-1.05,False,,,,False
2026-06-23,2324.TW,仁寶,36.8,51.91,無特殊徵兆,➖ 中性/偏空,✅ 趨勢追蹤中，尚未觸發佈局點,4.35,-1.63,2.99,False,5.16,-7.47,-4.08,True,5.16,-7.61,-4.08,True,5.16,-8.42,-2.17,True
2026-06-23,2449.TW,2449,343.0,63.68,無特殊徵兆,➖ 中性/偏空,✅ 趨勢追蹤中，尚未觸發佈局點,-6.92,-12.04,-7.75,True,-3.33,-15.91,-6.65,True,1.65,-15.91,-12.32,True,1.65,-28.5,-22.83,True
2026-06-23,2330.TW,台積電,2515.0,69.81,無特殊徵兆,➖ 中性/偏空,✅ 趨勢追蹤中，尚未觸發佈局點,-2.78,-4.97,-4.97,False,-1.59,-7.55,-4.17,True,-0.4,-7.55,-2.98,True,-0.4,-8.95,-4.17,True
2026-06-23,2887.TW,台新金,32.3,75.85,無特殊徵兆,➖ 中性/偏空,✅ 趨勢追蹤中，尚未觸發佈局點,-4.28,-5.92,-5.92,True,-0.26,-6.81,-1.01,True,5.69,-6.81,3.91,True,12.39,-6.81,7.43,True
2026-06-23,2886.TW,兆豐金,44.8,70.44,無特殊徵兆,➖ 中性/偏空,✅ 趨勢追蹤中，尚未觸發佈局點,-2.84,-4.45,-4.13,False,2.0,-4.45,-0.8,False,2.0,-4.45,0.71,False,5.23,-4.45,4.58,False
2026-06-23,1536.TW,1536,50.7,50.84,無特殊徵兆,➖ 中性/偏空,✅ 趨勢追蹤中，尚未觸發佈局點,-2.96,-4.64,-4.04,False,-2.86,-7.3,-5.92,True,7.89,-7.3,0.99,True,12.82,-7.3,-0.39,True
2026-06-23,2883.TW,凱基金,30.35,74.33,無特殊徵兆,➖ 中性/偏空,✅ 趨勢追蹤中，尚未觸發佈局點,-4.01,-6.08,-5.12,True,-1.94,-8.24,-5.44,True,1.81,-9.06,-0.82,True,2.8,-9.06,-2.14,True
2026-06-23,1802.TW,1802,75.2,60.79,無特殊徵兆,➖ 中性/偏空,✅ 趨勢追蹤中，尚未觸發佈局點,-6.38,-9.84,-7.85,True,-0.53,-13.56,-0.53,True,,,,False,,,,False
2026-06-23,1314.TW,1314,8.04,62.03,無特殊徵兆,➖ 中性/偏空,✅ 趨勢追蹤中，尚未觸發佈局點,-0.62,-3.98,-0.62,False,4.35,-3.98,3.98,False,33.08,-3.98,21.52,False,33.08,-3.98,5.1,False
2026-06-23,0050.TW,元大台灣50,111.15,70.15,庫存動態防禦,➖ 中性/偏空,🛡️【洗盤耐受區】嚴禁攤平加碼，死守底線 (104.54)！,-3.33,-5.08,-4.18,True,-3.2,-8.07,-3.6,True,-1.68,-8.07,-5.03,True,-1.68,-12.1,-7.78,True
2026-06-23,3019.TW,亞光,156.5,54.51,無特殊徵兆,➖ 中性/偏空,✅ 趨勢追蹤中，尚未觸發佈局點,-0.64,-4.47,-0.64,False,0.0,-12.14,-8.95,True,1.92,-12.14,-7.99,True,1.92,-20.45,-12.14,True
2026-06-23,1301.TW,台塑,50.5,57.08,無特殊徵兆,➖ 中性/偏空,✅ 趨勢追蹤中，尚未觸發佈局點,6.91,-5.55,6.91,True,17.3,-5.55,7.92,True,26.73,-5.55,13.47,True,35.84,-5.55,24.75,True
2026-06-23,1476.TW,儒鴻,309.0,37.55,無特殊徵兆,➖ 中性/偏空,✅ 趨勢追蹤中，尚未觸發佈局點,4.21,-0.16,3.4,False,5.99,-0.16,1.13,False,,,,False,,,,False
2026-06-23,5469.TW,5469,90.8,61.87,無特殊徵兆,➖ 中性/偏空,✅ 趨勢追蹤中，尚未觸發佈局點,-7.08,-9.64,-8.68,True,0.4,-9.64,-4.62,True,0.4,-11.24,-11.24,True,0.4,-27.97,-22.36,True
2026-06-23,1605.TW,華新,39.05,55.32,無特殊徵兆,➖ 中性/偏空,✅ 趨勢追蹤中，尚未觸發佈局點,-1.66,-6.27,-2.3,True,1.66,-10.12,-4.74,True,1.66,-10.76,-10.24,True,1.66,-20.36,-15.62,True
2026-06-23,1795.TW,美時,192.5,42.31,無特殊徵兆,➖ 中性/偏空,✅ 趨勢追蹤中，尚未觸發佈局點,1.04,-1.82,0.52,False,2.34,-4.94,-0.52,False,4.94,-4.94,-2.34,False,,,,False
2026-06-23,2324.TW,仁寶,36.75,51.75,無特殊徵兆,➖ 中性/偏空,✅ 趨勢追蹤中，尚未觸發佈局點,4.49,-1.5,3.13,False,5.31,-7.35,-3.95,True,5.31,-7.48,-3.95,True,5.31,-8.3,-2.04,True
2026-06-23,2330.TW,台積電,2520.0,70.1,無特殊徵兆,➖ 中性/偏空,✅ 趨勢追蹤中，尚未觸發佈局點,-2.98,-5.16,-5.16,True,-1.79,-7.74,-4.37,True,-0.6,-7.74,-3.17,True,-0.6,-9.13,-4.37,True
2026-06-23,2353.TW,宏碁,33.55,49.75,無特殊徵兆,➖ 中性/偏空,✅ 趨勢追蹤中，尚未觸發佈局點,2.83,-1.49,1.94,False,4.47,-5.37,-1.34,True,4.47,-5.66,-4.62,True,4.47,-14.61,-9.99,True
2026-06-23,2356.TW,英業達,66.5,52.8,無特殊徵兆,➖ 中性/偏空,✅ 趨勢追蹤中，尚未觸發佈局點,-1.83,-6.34,-3.29,True,-0.23,-8.09,-2.99,True,0.79,-8.09,-4.74,True,6.04,-14.44,-9.62,True
2026-06-23,2382.TW,廣達,373.5,56.27,無特殊徵兆,➖ 中性/偏空,✅ 趨勢追蹤中，尚未觸發佈局點,-4.48,-6.41,-4.48,True,-3.71,-8.33,-5.51,True,0.91,-8.33,-4.22,True,0.91,-17.27,-13.25,True
2026-06-23,1513.TW,中興電,179.5,63.11,無特殊徵兆,➖ 中性/偏空,✅ 趨勢追蹤中，尚未觸發佈局點,-0.54,-3.77,-0.54,False,-0.27,-5.92,-4.84,True,-0.27,-5.92,-5.92,True,-0.27,-14.21,-9.47,True
2026-06-23,2606.TW,裕民,61.8,42.96,無特殊徵兆,➖ 中性/偏空,✅ 趨勢追蹤中，尚未觸發佈局點,-0.0,-1.46,-0.65,False,0.65,-4.37,-2.43,False,,,,False,,,,False
2026-06-23,2637.TW,慧洋,77.1,57.88,無特殊徵兆,➖ 中性/偏空,✅ 趨勢追蹤中，尚未觸發佈局點,-0.39,-2.59,-1.82,False,15.18,-8.04,14.14,True,19.58,-8.04,19.07,True,,,,False
2026-06-24,2408.TW,南亞科,442.0,60.89,無特殊徵兆,➖ 中性/偏空,✅ 趨勢追蹤中，尚未觸發佈局點,8.93,4.08,7.57,False,12.31,-7.09,-5.06,True,12.31,-12.84,-10.41,True,12.31,-13.91,0.79,True
2026-06-24,2382.TW,廣達,367.0,53.18,無特殊徵兆,➖ 中性/偏空,✅ 趨勢追蹤中，尚未觸發佈局點,-2.0,-4.62,-4.23,False,-1.61,-6.71,-2.79,True,2.7,-6.71,-1.48,True,2.7,-15.8,-10.35,True
2026-06-24,2379.TW,瑞昱,809.0,64.96,無特殊徵兆,➖ 中性/偏空,✅ 趨勢追蹤中，尚未觸發佈局點,3.09,-2.72,0.62,False,6.55,-9.02,2.47,True,6.55,-9.02,0.99,True,6.55,-14.83,-8.16,True
2026-06-24,2377.TW,微星,134.0,54.52,無特殊徵兆,➖ 中性/偏空,✅ 趨勢追蹤中，尚未觸發佈局點,-1.78,-4.32,-3.23,False,6.56,-4.68,5.47,False,6.56,-4.68,2.93,False,14.17,-4.68,12.36,False
2026-06-24,2371.TW,大同,27.6,38.52,無特殊徵兆,➖ 中性/偏空,✅ 趨勢追蹤中，尚未觸發佈局點,1.45,-1.09,-1.09,False,1.45,-5.07,-2.17,True,4.17,-5.07,-2.17,True,4.17,-7.79,-4.35,True
2026-06-24,1795.TW,美時,193.5,44.11,無特殊徵兆,➖ 中性/偏空,✅ 趨勢追蹤中，尚未觸發佈局點,0.78,-2.33,-2.33,False,1.81,-5.43,-2.33,True,4.39,-6.98,-6.72,True,,,,False
2026-06-24,2353.TW,宏碁,33.95,51.08,無特殊徵兆,➖ 中性/偏空,✅ 趨勢追蹤中，尚未觸發佈局點,3.24,-0.74,-0.44,False,3.24,-6.48,-5.45,True,3.24,-6.77,-4.86,True,3.24,-15.61,-10.01,True
2026-06-24,2352.TW,佳士達,30.45,54.02,無特殊徵兆,➖ 中性/偏空,✅ 趨勢追蹤中，尚未觸發佈局點,-1.54,-3.45,-3.13,False,10.37,-7.1,2.75,True,15.29,-7.1,9.26,True,15.29,-7.26,-3.45,True
2026-06-24,2317.TW,鴻海,256.0,45.08,無特殊徵兆,➖ 中性/偏空,✅ 趨勢追蹤中，尚未觸發佈局點,-0.43,-2.32,-2.32,False,-0.43,-6.69,-5.93,True,-0.43,-8.59,-7.23,True,1.17,-10.16,-1.76,True
2026-06-24,1802.TW,台玻,68.7,50.8,無特殊徵兆,➖ 中性/偏空,✅ 趨勢追蹤中，尚未觸發佈局點,6.55,1.16,1.31,False,12.52,-5.39,3.49,True,,,,False,,,,False
2026-06-24,1609.TW,大亞,37.25,52.86,無特殊徵兆,➖ 中性/偏空,✅ 趨勢追蹤中，尚未觸發佈局點,1.74,-1.48,-1.48,False,7.38,-5.23,3.89,True,18.79,-5.23,6.04,True,18.79,-5.23,1.34,True
2026-06-24,2409.TW,友達,30.3,66.58,無特殊徵兆,➖ 中性/偏空,✅ 趨勢追蹤中，尚未觸發佈局點,0.9,-4.94,-1.37,False,11.77,-10.45,-0.56,True,11.77,-10.45,-4.12,True,11.77,-20.35,-16.29,True
2026-06-24,2356.TW,英業達,66.6,52.95,無特殊徵兆,➖ 中性/偏空,✅ 趨勢追蹤中，尚未觸發佈局點,-2.12,-3.87,-2.99,False,0.64,-8.23,-2.7,True,0.64,-8.23,-3.72,True,5.88,-14.56,-7.36,True
2026-06-24,2324.TW,仁寶,37.65,54.42,無特殊徵兆,➖ 中性/偏空,✅ 趨勢追蹤中，尚未觸發佈局點,2.79,-2.12,-2.12,False,2.79,-9.56,-8.1,True,2.79,-9.69,-5.71,True,2.79,-10.49,-3.85,True
2026-06-24,2454.TW,聯發科,4305.0,54.82,無特殊徵兆,➖ 中性/偏空,✅ 趨勢追蹤中，尚未觸發佈局點,2.64,-2.67,-0.48,False,2.64,-11.68,0.1,True,2.64,-11.68,-7.2,True,2.64,-24.74,-10.57,True
2026-06-24,2606.TW,裕民,61.1,40.93,無特殊徵兆,➖ 中性/偏空,✅ 趨勢追蹤中，尚未觸發佈局點,1.8,0.49,0.98,False,1.8,-3.27,-2.62,False,,,,False,,,,False
2026-06-24,2637.TW,慧洋,75.9,53.25,無特殊徵兆,➖ 中性/偏空,✅ 趨勢追蹤中，尚未觸發佈局點,0.53,-0.66,0.26,False,17.0,-6.59,12.25,True,26.48,-6.59,24.77,True,,,,False
2026-06-24,2886.TW,兆豐金,44.8,67.78,無特殊徵兆,➖ 中性/偏空,✅ 趨勢追蹤中，尚未觸發佈局點,1.03,-4.02,0.39,False,2.0,-4.02,-0.69,False,2.0,-4.02,0.71,False,5.55,-4.02,3.72,False
2026-06-24,2883.TW,凱基金,29.75,69.31,無特殊徵兆,➖ 中性/偏空,✅ 趨勢追蹤中，尚未觸發佈局點,-0.61,-3.37,-0.94,False,0.04,-6.39,-4.87,True,4.87,-7.23,3.19,True,4.87,-7.23,2.35,True
2026-06-24,2887.TW,台新金,31.7,71.17,無特殊徵兆,➖ 中性/偏空,✅ 趨勢追蹤中，尚未觸發佈局點,-2.01,-4.14,-3.38,False,3.45,-5.05,1.17,True,9.21,-5.05,8.75,True,14.52,-5.05,9.15,True
2026-06-24,3037.TW,欣興,933.0,49.93,無特殊徵兆,➖ 中性/偏空,✅ 趨勢追蹤中，尚未觸發佈局點,9.1,0.97,9.1,False,19.26,0.97,11.24,False,19.26,-10.4,-7.5,True,19.26,-19.94,-2.79,True
2026-06-24,3163.TWO,波若威,840.0,38.98,無特殊徵兆,➖ 中性/偏空,✅ 趨勢追蹤中，尚未觸發佈局點,-14.52,-20.28,-19.17,True,-14.52,-30.28,-24.22,True,-12.7,-30.28,-21.49,True,-12.7,-40.69,-26.24,True
2026-06-24,3231.TW,緯創,157.5,50.22,無特殊徵兆,➖ 中性/偏空,✅ 趨勢追蹤中，尚未觸發佈局點,-0.78,-4.15,-2.01,False,-0.78,-6.29,-2.31,True,-0.78,-7.94,-6.98,True,4.13,-11.75,4.13,True
2026-06-24,3324.TWO,雙鴻,1065.0,50.96,無特殊徵兆,➖ 中性/偏空,✅ 趨勢追蹤中，尚未觸發佈局點,0.94,-5.16,-5.16,True,0.94,-9.11,-5.16,True,0.94,-15.12,-13.15,True,0.94,-23.1,-14.74,True
2026-06-24,1605.TW,華新,38.0,52.37,無特殊徵兆,➖ 中性/偏空,✅ 趨勢追蹤中，尚未觸發佈局點,4.47,-0.92,-0.79,False,4.47,-7.63,-5.92,True,4.47,-10.26,-8.29,True,4.47,-18.16,-11.84,True
2026-06-24,3714.TW,富采,70.9,54.01,無特殊徵兆,➖ 中性/偏空,✅ 趨勢追蹤中，尚未觸發佈局點,0.78,-6.17,-6.17,True,0.78,-14.79,-11.99,True,0.78,-14.95,-12.69,True,0.78,-30.25,-24.12,True
2026-06-24,2449.TW,京元電子,331.5,59.63,無特殊徵兆,➖ 中性/偏空,✅ 趨勢追蹤中，尚未觸發佈局點,-0.69,-5.55,-4.27,True,0.03,-12.99,-5.27,True,5.18,-13.85,-12.57,True,5.18,-26.02,-15.57,True
2026-06-24,1536.TW,和大,48.55,44.23,無特殊徵兆,➖ 中性/偏空,✅ 趨勢追蹤中，尚未觸發佈局點,1.44,-1.03,-1.03,False,1.44,-3.19,-1.54,False,12.67,-3.19,2.99,False,17.82,-3.19,7.72,False
2026-06-24,6239.TW,力成,338.0,54.76,無特殊徵兆,➖ 中性/偏空,✅ 趨勢追蹤中，尚未觸發佈局點,5.03,-6.43,-5.41,True,5.03,-11.94,-2.66,True,5.03,-11.94,-7.73,True,5.03,-23.4,-14.7,True
2026-06-24,1476.TW,儒鴻,320.0,45.48,無特殊徵兆,➖ 中性/偏空,✅ 趨勢追蹤中，尚未觸發佈局點,2.34,-0.16,0.31,False,2.34,-2.97,-2.66,False,,,,False,,,,False
2026-06-24,4904.TW,遠傳,106.0,57.87,無特殊徵兆,➖ 中性/偏空,✅ 趨勢追蹤中，尚未觸發佈局點,3.77,-0.47,2.36,False,3.77,-2.83,-2.36,False,,,,False,,,,False
2026-06-24,2887.TW,台新金,31.75,71.62,無特殊徵兆,➖ 中性/偏空,✅ 趨勢追蹤中，尚未觸發佈局點,-2.17,-4.29,-3.53,False,3.28,-5.2,1.01,True,9.04,-5.2,8.58,True,14.34,-5.2,8.98,True
2026-06-24,3163.TWO,波若威,839.0,38.91,無特殊徵兆,➖ 中性/偏空,✅ 趨勢追蹤中，尚未觸發佈局點,-14.42,-20.19,-19.07,True,-14.42,-30.2,-24.13,True,-12.6,-30.2,-21.4,True,-12.6,-40.62,-26.16,True
2026-06-24,3231.TW,緯創,156.5,49.43,無特殊徵兆,➖ 中性/偏空,✅ 趨勢追蹤中，尚未觸發佈局點,-0.15,-3.54,-1.38,False,-0.15,-5.69,-1.69,True,-0.15,-7.35,-6.39,True,4.79,-11.18,4.79,True
2026-06-24,3324.TWO,雙鴻,1045.0,48.8,無特殊徵兆,➖ 中性/偏空,✅ 趨勢追蹤中，尚未觸發佈局點,2.87,-3.35,-3.35,False,2.87,-7.37,-3.35,True,2.87,-13.49,-11.48,True,2.87,-21.63,-13.11,True
2026-06-24,3714.TW,富采,70.2,52.97,無特殊徵兆,➖ 中性/偏空,✅ 趨勢追蹤中，尚未觸發佈局點,1.79,-5.23,-5.23,True,1.79,-13.94,-11.11,True,1.79,-14.1,-11.82,True,1.79,-29.56,-23.36,True
2026-06-24,4904.TW,遠傳,105.5,56.32,無特殊徵兆,➖ 中性/偏空,✅ 趨勢追蹤中，尚未觸發佈局點,4.27,0.0,2.84,False,4.27,-2.37,-1.9,False,,,,False,,,,False
2026-06-24,6269.TW,台郡,80.5,60.54,無特殊徵兆,➖ 中性/偏空,✅ 趨勢追蹤中，尚未觸發佈局點,2.98,-6.46,-5.71,True,2.98,-19.25,-18.63,True,2.98,-22.86,-20.87,True,2.98,-35.65,-27.95,True
2026-06-24,6415.TW,矽力-KY,607.0,56.65,無特殊徵兆,➖ 中性/偏空,✅ 趨勢追蹤中，尚未觸發佈局點,9.23,-0.16,1.32,False,9.23,-8.73,-3.13,True,9.23,-13.34,-9.23,True,9.23,-31.71,-20.35,True
2026-06-24,8150.TW,南茂,102.0,55.28,無特殊徵兆,➖ 中性/偏空,✅ 趨勢追蹤中，尚未觸發佈局點,6.97,-7.07,-7.07,True,6.97,-11.37,4.9,True,16.18,-11.37,4.41,True,22.55,-11.37,-1.96,True
2026-06-24,9933.TW,中鼎,42.7,58.41,無特殊徵兆,➖ 中性/偏空,✅ 趨勢追蹤中，尚未觸發佈局點,3.04,0.7,2.22,False,,,,False,,,,False,,,,False
2026-06-24,9939.TW,宏全,129.0,53.72,無特殊徵兆,➖ 中性/偏空,✅ 趨勢追蹤中，尚未觸發佈局點,1.55,-0.78,-0.39,False,,,,False,,,,False,,,,False
2026-06-24,8046.TW,8046,914.0,55.9,無特殊徵兆,➖ 中性/偏空,✅ 趨勢追蹤中，尚未觸發佈局點,14.33,7.33,14.33,False,40.59,7.33,28.56,False,40.59,7.33,20.9,False,54.81,7.33,42.78,False
2026-06-24,4904.TW,4904,105.5,56.32,無特殊徵兆,➖ 中性/偏空,✅ 趨勢追蹤中，尚未觸發佈局點,4.27,0.0,2.84,False,4.27,-2.37,-1.9,False,,,,False,,,,False
2026-06-24,8046.TW,8046,914.0,55.9,無特殊徵兆,➖ 中性/偏空,✅ 趨勢追蹤中，尚未觸發佈局點,14.33,7.33,14.33,False,40.59,7.33,28.56,False,40.59,7.33,20.9,False,54.81,7.33,42.78,False
2026-06-24,8046.TW,8046,914.0,55.9,無特殊徵兆,➖ 中性/偏空,✅ 趨勢追蹤中，尚未觸發佈局點,14.33,7.33,14.33,False,40.59,7.33,28.56,False,40.59,7.33,20.9,False,54.81,7.33,42.78,False
2026-06-24,3450.TW,3450,581.0,62.41,無特殊徵兆,➖ 中性/偏空,✅ 趨勢追蹤中，尚未觸發佈局點,4.48,-2.93,0.86,False,4.48,-13.77,-11.88,True,4.48,-17.3,-12.22,True,4.48,-34.17,-21.08,True
2026-06-24,0050.TW,元大台灣50,107.05,59.22,庫存動態防禦,➖ 中性/偏空,🛡️【洗盤耐受區】嚴禁攤平加碼，死守底線 (101.71)！,0.32,-1.25,-0.47,False,2.09,-4.55,1.53,False,2.09,-4.55,-1.53,False,2.09,-8.73,-2.99,True
2026-06-24,1301.TW,台塑,54.1,63.55,無特殊徵兆,➖ 中性/偏空,✅ 趨勢追蹤中，尚未觸發佈局點,9.5,-0.57,6.2,False,9.5,-4.6,0.37,False,18.3,-4.6,7.21,False,26.8,-4.6,17.38,False
2026-06-24,1326.TW,台化,57.7,65.01,無特殊徵兆,➖ 中性/偏空,✅ 趨勢追蹤中，尚未觸發佈局點,7.97,0.87,3.12,False,7.97,-7.97,-2.43,True,26.52,-7.97,12.13,True,27.38,-7.97,22.36,True
2026-06-24,1513.TW,中興電,183.0,66.7,無特殊徵兆,➖ 中性/偏空,✅ 趨勢追蹤中，尚未觸發佈局點,-2.18,-4.03,-2.44,False,-2.18,-7.72,-6.66,True,-2.18,-9.56,-9.56,True,-2.18,-15.85,-11.2,True
2026-06-24,6239.TW,力成,337.5,54.62,無特殊徵兆,➖ 中性/偏空,✅ 趨勢追蹤中，尚未觸發佈局點,5.19,-6.29,-5.27,True,5.19,-11.81,-2.51,True,5.19,-11.81,-7.6,True,5.19,-23.29,-14.57,True
2026-06-24,3714.TW,富采,71.2,54.44,無特殊徵兆,➖ 中性/偏空,✅ 趨勢追蹤中，尚未觸發佈局點,0.36,-6.56,-6.56,True,0.36,-15.15,-12.36,True,0.36,-15.31,-13.06,True,0.36,-30.55,-24.44,True
2026-06-24,6415.TW,矽力-KY,605.0,56.38,無特殊徵兆,➖ 中性/偏空,✅ 趨勢追蹤中，尚未觸發佈局點,9.59,0.17,1.65,False,9.59,-8.43,-2.81,True,9.59,-13.06,-8.93,True,9.59,-31.49,-20.08,True
2026-06-24,2379.TW,瑞昱,803.0,64.16,無特殊徵兆,➖ 中性/偏空,✅ 趨勢追蹤中，尚未觸發佈局點,3.86,-1.99,1.37,False,7.35,-8.34,3.24,True,7.35,-8.34,1.74,True,7.35,-14.2,-7.47,True
2026-06-24,2382.TW,廣達,372.0,55.55,無特殊徵兆,➖ 中性/偏空,✅ 趨勢追蹤中，尚未觸發佈局點,-3.32,-5.9,-5.51,True,-2.93,-7.96,-4.09,True,1.32,-7.96,-2.81,True,1.32,-16.94,-11.56,True
2026-06-24,2408.TW,南亞科,443.5,61.18,無特殊徵兆,➖ 中性/偏空,✅ 趨勢追蹤中，尚未觸發佈局點,8.56,3.73,7.21,False,11.93,-7.4,-5.38,True,11.93,-13.13,-10.71,True,11.93,-14.21,0.45,True
2026-06-24,2409.TW,友達,30.5,66.95,無特殊徵兆,➖ 中性/偏空,✅ 趨勢追蹤中，尚未觸發佈局點,0.24,-5.56,-2.01,True,11.04,-11.04,-1.21,True,11.04,-11.04,-4.75,True,11.04,-20.87,-16.84,True
2026-06-24,2449.TW,京元電子,333.5,60.15,無特殊徵兆,➖ 中性/偏空,✅ 趨勢追蹤中，尚未觸發佈局點,-1.28,-6.12,-4.84,True,-0.57,-13.52,-5.84,True,4.55,-14.37,-13.09,True,4.55,-26.46,-16.08,True
2026-06-24,2606.TW,裕民,61.4,41.79,無特殊徵兆,➖ 中性/偏空,✅ 趨勢追蹤中，尚未觸發佈局點,1.3,0.0,0.49,False,1.3,-3.75,-3.09,False,,,,False,,,,False
2026-06-24,2637.TW,慧洋,75.7,52.53,無特殊徵兆,➖ 中性/偏空,✅ 趨勢追蹤中，尚未觸發佈局點,0.79,-0.4,0.53,False,17.31,-6.34,12.55,True,26.82,-6.34,25.1,True,,,,False
2026-06-24,2883.TW,凱基金,29.8,69.71,無特殊徵兆,➖ 中性/偏空,✅ 趨勢追蹤中，尚未觸發佈局點,-0.78,-3.53,-1.1,False,-0.13,-6.54,-5.03,True,4.7,-7.38,3.02,True,4.7,-7.38,2.18,True
2026-06-24,2887.TW,台新金,31.6,70.29,無特殊徵兆,➖ 中性/偏空,✅ 趨勢追蹤中，尚未觸發佈局點,-1.7,-3.84,-3.07,False,3.77,-4.75,1.49,False,9.56,-4.75,9.1,False,14.88,-4.75,9.49,False
2026-06-24,3163.TWO,波若威,840.0,38.98,無特殊徵兆,➖ 中性/偏空,✅ 趨勢追蹤中，尚未觸發佈局點,-14.52,-20.28,-19.17,True,-14.52,-30.28,-24.22,True,-12.7,-30.28,-21.49,True,-12.7,-40.69,-26.24,True
2026-06-24,3231.TW,緯創,157.5,50.22,無特殊徵兆,➖ 中性/偏空,✅ 趨勢追蹤中，尚未觸發佈局點,-0.78,-4.15,-2.01,False,-0.78,-6.29,-2.31,True,-0.78,-7.94,-6.98,True,4.13,-11.75,4.13,True
2026-06-24,2377.TW,微星,133.5,54.04,無特殊徵兆,➖ 中性/偏空,✅ 趨勢追蹤中，尚未觸發佈局點,-1.41,-3.96,-2.87,False,6.96,-4.32,5.86,False,6.96,-4.32,3.32,False,14.6,-4.32,12.78,False
2026-06-24,3324.TWO,雙鴻,1055.0,49.9,無特殊徵兆,➖ 中性/偏空,✅ 趨勢追蹤中，尚未觸發佈局點,1.9,-4.27,-4.27,False,1.9,-8.25,-4.27,True,1.9,-14.31,-12.32,True,1.9,-22.37,-13.93,True
2026-06-24,6239.TW,力成,338.0,54.76,無特殊徵兆,➖ 中性/偏空,✅ 趨勢追蹤中，尚未觸發佈局點,5.03,-6.43,-5.41,True,5.03,-11.94,-2.66,True,5.03,-11.94,-7.73,True,5.03,-23.4,-14.7,True
2026-06-24,6269.TW,台郡,79.0,58.58,無特殊徵兆,➖ 中性/偏空,✅ 趨勢追蹤中，尚未觸發佈局點,4.94,-4.68,-3.92,False,4.94,-17.72,-17.09,True,4.94,-21.39,-19.37,True,4.94,-34.43,-26.58,True
2026-06-24,6415.TW,矽力-KY,605.0,56.38,無特殊徵兆,➖ 中性/偏空,✅ 趨勢追蹤中，尚未觸發佈局點,9.59,0.17,1.65,False,9.59,-8.43,-2.81,True,9.59,-13.06,-8.93,True,9.59,-31.49,-20.08,True
2026-06-24,8150.TW,南茂,103.0,56.05,無特殊徵兆,➖ 中性/偏空,✅ 趨勢追蹤中，尚未觸發佈局點,5.93,-7.97,-7.97,True,5.93,-12.23,3.88,True,15.05,-12.23,3.4,True,21.36,-12.23,-2.91,True
2026-06-24,9933.TW,中鼎,42.9,59.5,無特殊徵兆,➖ 中性/偏空,✅ 趨勢追蹤中，尚未觸發佈局點,2.56,0.23,1.75,False,,,,False,,,,False,,,,False
2026-06-24,9939.TW,宏全,128.5,52.43,無特殊徵兆,➖ 中性/偏空,✅ 趨勢追蹤中，尚未觸發佈局點,1.95,-0.39,0.0,False,,,,False,,,,False,,,,False
2026-06-24,1326.TW,1326,57.7,65.01,無特殊徵兆,➖ 中性/偏空,✅ 趨勢追蹤中，尚未觸發佈局點,7.97,0.87,3.12,False,7.97,-7.97,-2.43,True,26.52,-7.97,12.13,True,27.38,-7.97,22.36,True
2026-06-24,2409.TW,2409,30.5,66.95,無特殊徵兆,➖ 中性/偏空,✅ 趨勢追蹤中，尚未觸發佈局點,0.24,-5.56,-2.01,True,11.04,-11.04,-1.21,True,11.04,-11.04,-4.75,True,11.04,-20.87,-16.84,True
2026-06-24,2610.TW,2610,23.25,78.76,無特殊徵兆,➖ 中性/偏空,✅ 趨勢追蹤中，尚未觸發佈局點,6.45,1.94,4.09,False,6.45,-4.09,-3.01,False,6.45,-14.62,-14.41,True,,,,False
2026-06-24,2883.TW,凱基金,29.75,69.31,無特殊徵兆,➖ 中性/偏空,✅ 趨勢追蹤中，尚未觸發佈局點,-0.61,-3.37,-0.94,False,0.04,-6.39,-4.87,True,4.87,-7.23,3.19,True,4.87,-7.23,2.35,True
2026-06-24,4904.TW,遠傳,107.0,61.23,無特殊徵兆,➖ 中性/偏空,✅ 趨勢追蹤中，尚未觸發佈局點,2.8,-1.4,1.4,False,2.8,-3.74,-3.27,False,,,,False,,,,False
2026-06-24,2371.TW,大同,27.55,38.23,無特殊徵兆,➖ 中性/偏空,✅ 趨勢追蹤中，尚未觸發佈局點,1.63,-0.91,-0.91,False,1.63,-4.9,-2.0,False,4.36,-4.9,-2.0,False,4.36,-7.62,-4.17,True
2026-06-24,2610.TW,2610,23.25,78.76,無特殊徵兆,➖ 中性/偏空,✅ 趨勢追蹤中，尚未觸發佈局點,6.45,1.94,4.09,False,6.45,-4.09,-3.01,False,6.45,-14.62,-14.41,True,,,,False
2026-06-24,2356.TW,英業達,66.4,52.6,無特殊徵兆,➖ 中性/偏空,✅ 趨勢追蹤中，尚未觸發佈局點,-1.83,-3.58,-2.7,False,0.94,-7.95,-2.41,True,0.94,-7.95,-3.43,True,6.2,-14.31,-7.08,True
2026-06-24,8150.TW,南茂,102.0,55.28,無特殊徵兆,➖ 中性/偏空,✅ 趨勢追蹤中，尚未觸發佈局點,6.97,-7.07,-7.07,True,6.97,-11.37,4.9,True,16.18,-11.37,4.41,True,22.55,-11.37,-1.96,True
2026-06-24,9933.TW,中鼎,42.8,58.95,無特殊徵兆,➖ 中性/偏空,✅ 趨勢追蹤中，尚未觸發佈局點,2.8,0.47,1.99,False,,,,False,,,,False,,,,False
2026-06-24,9939.TW,宏全,128.5,52.43,無特殊徵兆,➖ 中性/偏空,✅ 趨勢追蹤中，尚未觸發佈局點,1.95,-0.39,0.0,False,,,,False,,,,False,,,,False
2026-06-24,8046.TW,8046,946.0,58.87,無特殊徵兆,➖ 中性/偏空,✅ 趨勢追蹤中，尚未觸發佈局點,10.47,3.7,10.47,False,35.84,3.7,24.21,False,35.84,3.7,16.81,False,49.58,3.7,37.95,False
2026-06-24,4904.TW,4904,106.0,57.87,無特殊徵兆,➖ 中性/偏空,✅ 趨勢追蹤中，尚未觸發佈局點,3.77,-0.47,2.36,False,3.77,-2.83,-2.36,False,,,,False,,,,False
2026-06-24,8046.TW,8046,946.0,58.87,無特殊徵兆,➖ 中性/偏空,✅ 趨勢追蹤中，尚未觸發佈局點,10.47,3.7,10.47,False,35.84,3.7,24.21,False,35.84,3.7,16.81,False,49.58,3.7,37.95,False
2026-06-24,8046.TW,8046,946.0,58.87,無特殊徵兆,➖ 中性/偏空,✅ 趨勢追蹤中，尚未觸發佈局點,10.47,3.7,10.47,False,35.84,3.7,24.21,False,35.84,3.7,16.81,False,49.58,3.7,37.95,False
2026-06-24,3450.TW,3450,580.0,62.25,無特殊徵兆,➖ 中性/偏空,✅ 趨勢追蹤中，尚未觸發佈局點,4.66,-2.76,1.03,False,4.66,-13.62,-11.72,True,4.66,-17.16,-12.07,True,4.66,-34.05,-20.95,True
2026-06-24,0050.TW,元大台灣50,107.15,59.45,庫存動態防禦,➖ 中性/偏空,🛡️【洗盤耐受區】嚴禁攤平加碼，死守底線 (101.81)！,0.23,-1.35,-0.56,False,1.99,-4.64,1.44,False,1.99,-4.64,-1.63,False,1.99,-8.81,-3.08,True
2026-06-24,1301.TW,台塑,54.5,64.19,無特殊徵兆,➖ 中性/偏空,✅ 趨勢追蹤中，尚未觸發佈局點,8.69,-1.3,5.42,False,8.69,-5.3,-0.37,True,17.43,-5.3,6.42,True,25.87,-5.3,16.51,True
2026-06-24,1326.TW,台化,57.7,65.01,無特殊徵兆,➖ 中性/偏空,✅ 趨勢追蹤中，尚未觸發佈局點,7.97,0.87,3.12,False,7.97,-7.97,-2.43,True,26.52,-7.97,12.13,True,27.38,-7.97,22.36,True
2026-06-24,1476.TW,儒鴻,319.5,45.11,無特殊徵兆,➖ 中性/偏空,✅ 趨勢追蹤中，尚未觸發佈局點,2.5,0.0,0.47,False,2.5,-2.82,-2.5,False,,,,False,,,,False
2026-06-24,1513.TW,中興電,185.0,68.14,無特殊徵兆,➖ 中性/偏空,✅ 趨勢追蹤中，尚未觸發佈局點,-3.24,-5.06,-3.5,True,-3.24,-8.71,-7.67,True,-3.24,-10.54,-10.54,True,-3.24,-16.76,-12.16,True
2026-06-24,1536.TW,和大,48.65,44.52,無特殊徵兆,➖ 中性/偏空,✅ 趨勢追蹤中，尚未觸發佈局點,1.23,-1.23,-1.23,False,1.23,-3.39,-1.75,False,12.44,-3.39,2.77,False,17.57,-3.39,7.5,False
2026-06-24,1605.TW,華新,38.15,52.75,無特殊徵兆,➖ 中性/偏空,✅ 趨勢追蹤中，尚未觸發佈局點,4.06,-1.31,-1.18,False,4.06,-7.99,-6.29,True,4.06,-10.62,-8.65,True,4.06,-18.48,-12.19,True
2026-06-24,1609.TW,大亞,37.4,53.46,無特殊徵兆,➖ 中性/偏空,✅ 趨勢追蹤中，尚未觸發佈局點,1.34,-1.87,-1.87,False,6.95,-5.61,3.48,True,18.32,-5.61,5.61,True,18.32,-5.61,0.94,True
2026-06-24,1795.TW,美時,193.5,44.11,無特殊徵兆,➖ 中性/偏空,✅ 趨勢追蹤中，尚未觸發佈局點,0.78,-2.33,-2.33,False,1.81,-5.43,-2.33,True,4.39,-6.98,-6.72,True,,,,False
2026-06-24,1802.TW,台玻,69.3,51.63,無特殊徵兆,➖ 中性/偏空,✅ 趨勢追蹤中，尚未觸發佈局點,5.63,0.29,0.43,False,11.54,-6.2,2.6,True,,,,False,,,,False
2026-06-24,2317.TW,鴻海,256.0,45.08,無特殊徵兆,➖ 中性/偏空,✅ 趨勢追蹤中，尚未觸發佈局點,-0.43,-2.32,-2.32,False,-0.43,-6.69,-5.93,True,-0.43,-8.59,-7.23,True,1.17,-10.16,-1.76,True
2026-06-24,2352.TW,佳士達,30.6,54.83,無特殊徵兆,➖ 中性/偏空,✅ 趨勢追蹤中，尚未觸發佈局點,-2.03,-3.92,-3.61,False,9.83,-7.56,2.24,True,14.73,-7.56,8.72,True,14.73,-7.71,-3.92,True
2026-06-24,2353.TW,宏碁,34.2,51.85,無特殊徵兆,➖ 中性/偏空,✅ 趨勢追蹤中，尚未觸發佈局點,2.49,-1.46,-1.17,False,2.49,-7.16,-6.14,True,2.49,-7.46,-5.56,True,2.49,-16.23,-10.67,True
2026-06-24,6269.TW,台郡,79.7,59.48,無特殊徵兆,➖ 中性/偏空,✅ 趨勢追蹤中，尚未觸發佈局點,4.02,-5.52,-4.77,True,4.02,-18.44,-17.82,True,4.02,-22.08,-20.08,True,4.02,-35.01,-27.23,True
2026-06-24,2886.TW,兆豐金,44.9,68.84,無特殊徵兆,➖ 中性/偏空,✅ 趨勢追蹤中，尚未觸發佈局點,0.81,-4.24,0.16,False,1.77,-4.24,-0.91,False,1.77,-4.24,0.49,False,5.32,-4.24,3.49,False
2026-06-24,2606.TW,裕民,61.2,41.22,無特殊徵兆,➖ 中性/偏空,✅ 趨勢追蹤中，尚未觸發佈局點,1.63,0.33,0.82,False,1.63,-3.43,-2.78,False,,,,False,,,,False
2026-06-24,3714.TW,富采,69.7,52.15,無特殊徵兆,➖ 中性/偏空,✅ 趨勢追蹤中，尚未觸發佈局點,2.52,-4.55,-4.55,False,2.52,-13.32,-10.47,True,2.52,-13.49,-11.19,True,2.52,-29.05,-22.81,True
2026-06-24,4904.TW,遠傳,106.5,59.5,無特殊徵兆,➖ 中性/偏空,✅ 趨勢追蹤中，尚未觸發佈局點,3.29,-0.94,1.88,False,3.29,-3.29,-2.82,False,,,,False,,,,False
2026-06-24,6239.TW,力成,334.0,53.68,無特殊徵兆,➖ 中性/偏空,✅ 趨勢追蹤中，尚未觸發佈局點,6.29,-5.31,-4.28,True,6.29,-10.89,-1.49,True,6.29,-10.89,-6.63,True,6.29,-22.48,-13.68,True
2026-06-24,6269.TW,台郡,82.9,63.98,無特殊徵兆,➖ 中性/偏空,✅ 趨勢追蹤中，尚未觸發佈局點,0.0,-9.17,-8.44,True,0.0,-21.59,-20.99,True,0.0,-25.09,-23.16,True,0.0,-37.52,-30.04,True
2026-06-24,6415.TW,矽力-KY,615.0,57.77,無特殊徵兆,➖ 中性/偏空,✅ 趨勢追蹤中，尚未觸發佈局點,7.8,-1.46,0.0,False,7.8,-9.92,-4.39,True,7.8,-14.47,-10.41,True,7.8,-32.6,-21.38,True
2026-06-24,9933.TW,中鼎,42.55,57.61,無特殊徵兆,➖ 中性/偏空,✅ 趨勢追蹤中，尚未觸發佈局點,3.41,1.06,2.59,False,,,,False,,,,False,,,,False
2026-06-24,9939.TW,宏全,130.0,56.52,無特殊徵兆,➖ 中性/偏空,✅ 趨勢追蹤中，尚未觸發佈局點,0.77,-1.54,-1.15,False,,,,False,,,,False,,,,False
2026-06-24,8046.TW,8046,891.0,53.2,無特殊徵兆,➖ 中性/偏空,✅ 趨勢追蹤中，尚未觸發佈局點,17.28,10.1,17.28,False,44.22,10.1,31.87,False,44.22,10.1,24.02,False,58.81,10.1,46.46,False
2026-06-24,4904.TW,4904,106.5,59.5,無特殊徵兆,➖ 中性/偏空,✅ 趨勢追蹤中，尚未觸發佈局點,3.29,-0.94,1.88,False,3.29,-3.29,-2.82,False,,,,False,,,,False
2026-06-24,3324.TWO,雙鴻,1005.0,44.37,無特殊徵兆,➖ 中性/偏空,✅ 趨勢追蹤中，尚未觸發佈局點,6.97,0.5,0.5,False,6.97,-3.68,0.5,False,6.97,-10.05,-7.96,True,6.97,-18.51,-9.65,True
2026-06-24,8046.TW,8046,891.0,53.2,無特殊徵兆,➖ 中性/偏空,✅ 趨勢追蹤中，尚未觸發佈局點,17.28,10.1,17.28,False,44.22,10.1,31.87,False,44.22,10.1,24.02,False,58.81,10.1,46.46,False
2026-06-24,8046.TW,8046,891.0,53.2,無特殊徵兆,➖ 中性/偏空,✅ 趨勢追蹤中，尚未觸發佈局點,17.28,10.1,17.28,False,44.22,10.1,31.87,False,44.22,10.1,24.02,False,58.81,10.1,46.46,False
2026-06-24,3450.TW,3450,572.0,60.94,無特殊徵兆,➖ 中性/偏空,✅ 趨勢追蹤中，尚未觸發佈局點,6.12,-1.4,2.45,False,6.12,-12.41,-10.49,True,6.12,-16.0,-10.84,True,6.12,-33.13,-19.84,True
2026-06-24,3019.TW,亞光,154.0,56.42,庫存動態防禦,➖ 中性/偏空,🛡️【洗盤耐受區】嚴禁攤平加碼，死守底線 (136.57)！,1.62,-3.25,-2.6,False,1.62,-10.71,-9.09,True,3.57,-10.71,-5.84,True,3.57,-19.16,-9.74,True
2026-06-24,0050.TW,元大台灣50,107.65,61.05,庫存動態防禦,➖ 中性/偏空,🛡️【洗盤耐受區】嚴禁攤平加碼，死守底線 (102.29)！,-0.24,-1.81,-1.02,False,1.52,-5.08,0.96,True,1.52,-5.08,-2.08,True,1.52,-9.24,-3.53,True
2026-06-24,1301.TW,台塑,51.8,59.38,無特殊徵兆,➖ 中性/偏空,✅ 趨勢追蹤中，尚未觸發佈局點,14.36,3.84,10.92,False,14.36,-0.37,4.83,False,23.55,-0.37,11.97,False,32.43,-0.37,22.59,False
2026-06-24,1326.TW,台化,57.5,64.74,無特殊徵兆,➖ 中性/偏空,✅ 趨勢追蹤中，尚未觸發佈局點,8.35,1.22,3.48,False,8.35,-7.65,-2.09,True,26.96,-7.65,12.52,True,27.83,-7.65,22.78,True
2026-06-24,1476.TW,儒鴻,315.0,41.56,無特殊徵兆,➖ 中性/偏空,✅ 趨勢追蹤中，尚未觸發佈局點,3.97,1.43,1.9,False,3.97,-1.43,-1.11,False,,,,False,,,,False
2026-06-24,1513.TW,中興電,183.5,67.07,無特殊徵兆,➖ 中性/偏空,✅ 趨勢追蹤中，尚未觸發佈局點,-2.45,-4.29,-2.71,False,-2.45,-7.97,-6.92,True,-2.45,-9.81,-9.81,True,-2.45,-16.08,-11.44,True
2026-06-24,1536.TW,和大,49.1,45.9,無特殊徵兆,➖ 中性/偏空,✅ 趨勢追蹤中，尚未觸發佈局點,0.31,-2.14,-2.14,False,0.31,-4.28,-2.65,False,11.41,-4.28,1.83,False,16.5,-4.28,6.52,False
2026-06-24,1605.TW,華新,38.25,53.0,無特殊徵兆,➖ 中性/偏空,✅ 趨勢追蹤中，尚未觸發佈局點,3.79,-1.57,-1.44,False,3.79,-8.24,-6.54,True,3.79,-10.85,-8.89,True,3.79,-18.69,-12.42,True
2026-06-24,3231.TW,緯創,156.5,49.43,無特殊徵兆,➖ 中性/偏空,✅ 趨勢追蹤中，尚未觸發佈局點,-0.15,-3.54,-1.38,False,-0.15,-5.69,-1.69,True,-0.15,-7.35,-6.39,True,4.79,-11.18,4.79,True
2026-06-24,3163.TWO,波若威,839.0,38.91,無特殊徵兆,➖ 中性/偏空,✅ 趨勢追蹤中，尚未觸發佈局點,-14.42,-20.19,-19.07,True,-14.42,-30.2,-24.13,True,-12.6,-30.2,-21.4,True,-12.6,-40.62,-26.16,True
2026-06-24,3037.TW,欣興,934.0,50.03,無特殊徵兆,➖ 中性/偏空,✅ 趨勢追蹤中，尚未觸發佈局點,8.98,0.86,8.98,False,19.14,0.86,11.12,False,19.14,-10.49,-7.6,True,19.14,-20.02,-2.89,True
2026-06-24,2637.TW,慧洋,75.6,52.18,無特殊徵兆,➖ 中性/偏空,✅ 趨勢追蹤中，尚未觸發佈局點,0.93,-0.26,0.66,False,17.46,-6.22,12.7,True,26.98,-6.22,25.26,True,,,,False
2026-06-24,3019.TW,亞光,151.5,54.02,無特殊徵兆,➖ 中性/偏空,✅ 趨勢追蹤中，尚未觸發佈局點,3.3,-1.65,-0.99,False,3.3,-9.24,-7.59,True,5.28,-9.24,-4.29,True,5.28,-17.82,-8.25,True
2026-06-24,8150.TW,南茂,102.5,55.66,無特殊徵兆,➖ 中性/偏空,✅ 趨勢追蹤中，尚未觸發佈局點,6.44,-7.52,-7.52,True,6.44,-11.8,4.39,True,15.61,-11.8,3.9,True,21.95,-11.8,-2.44,True
2026-06-24,1301.TW,台塑,48.85,52.21,無特殊徵兆,➖ 中性/偏空,✅ 趨勢追蹤中，尚未觸發佈局點,21.27,10.11,17.61,False,21.27,5.65,11.16,False,31.01,5.65,18.73,False,40.43,5.65,29.99,False
2026-06-24,1326.TW,台化,52.7,56.65,無特殊徵兆,➖ 中性/偏空,✅ 趨勢追蹤中，尚未觸發佈局點,18.22,10.44,12.9,False,18.22,0.76,6.83,False,38.52,0.76,22.77,False,39.47,0.76,33.97,False
2026-06-24,1476.TW,儒鴻,312.0,39.08,無特殊徵兆,➖ 中性/偏空,✅ 趨勢追蹤中，尚未觸發佈局點,4.97,2.4,2.88,False,4.97,-0.48,-0.16,False,,,,False,,,,False
2026-06-24,1536.TW,和大,48.65,44.52,無特殊徵兆,➖ 中性/偏空,✅ 趨勢追蹤中，尚未觸發佈局點,1.23,-1.23,-1.23,False,1.23,-3.39,-1.75,False,12.44,-3.39,2.77,False,17.57,-3.39,7.5,False
2026-06-24,1605.TW,華新,36.95,49.59,無特殊徵兆,➖ 中性/偏空,✅ 趨勢追蹤中，尚未觸發佈局點,7.44,1.89,2.03,False,7.44,-5.01,-3.25,True,7.44,-7.71,-5.68,True,7.44,-15.83,-9.34,True
2026-06-24,1609.TW,大亞,37.4,53.46,無特殊徵兆,➖ 中性/偏空,✅ 趨勢追蹤中，尚未觸發佈局點,1.34,-1.87,-1.87,False,6.95,-5.61,3.48,True,18.32,-5.61,5.61,True,18.32,-5.61,0.94,True
2026-06-24,1795.TW,美時,189.5,39.13,無特殊徵兆,➖ 中性/偏空,✅ 趨勢追蹤中，尚未觸發佈局點,2.9,-0.26,-0.26,False,3.96,-3.43,-0.26,False,6.6,-5.01,-4.75,True,,,,False
2026-06-24,1802.TW,台玻,68.7,50.8,無特殊徵兆,➖ 中性/偏空,✅ 趨勢追蹤中，尚未觸發佈局點,6.55,1.16,1.31,False,12.52,-5.39,3.49,True,,,,False,,,,False
2026-06-24,2317.TW,鴻海,257.0,45.62,無特殊徵兆,➖ 中性/偏空,✅ 趨勢追蹤中，尚未觸發佈局點,-0.81,-2.7,-2.7,False,-0.81,-7.05,-6.29,True,-0.81,-8.95,-7.59,True,0.78,-10.51,-2.14,True
2026-06-24,2324.TW,仁寶,36.75,51.75,無特殊徵兆,➖ 中性/偏空,✅ 趨勢追蹤中，尚未觸發佈局點,5.31,0.27,0.27,False,5.31,-7.35,-5.85,True,5.31,-7.48,-3.4,True,5.31,-8.3,-1.5,True
2026-06-24,2352.TW,佳士達,30.6,54.83,無特殊徵兆,➖ 中性/偏空,✅ 趨勢追蹤中，尚未觸發佈局點,-2.03,-3.92,-3.61,False,9.83,-7.56,2.24,True,14.73,-7.56,8.72,True,14.73,-7.71,-3.92,True
2026-06-24,2353.TW,宏碁,33.15,48.49,無特殊徵兆,➖ 中性/偏空,✅ 趨勢追蹤中，尚未觸發佈局點,5.73,1.66,1.96,False,5.73,-4.22,-3.17,False,5.73,-4.52,-2.56,False,5.73,-13.57,-7.84,True
2026-06-24,2356.TW,英業達,64.6,49.31,無特殊徵兆,➖ 中性/偏空,✅ 趨勢追蹤中，尚未觸發佈局點,0.91,-0.89,0.01,False,3.76,-5.39,0.31,True,3.76,-5.39,-0.74,True,9.16,-11.92,-4.49,True
2026-06-24,2371.TW,大同,27.65,38.81,無特殊徵兆,➖ 中性/偏空,✅ 趨勢追蹤中，尚未觸發佈局點,1.27,-1.27,-1.27,False,1.27,-5.24,-2.35,True,3.98,-5.24,-2.35,True,3.98,-7.96,-4.52,True
2026-06-24,2377.TW,微星,132.0,52.39,無特殊徵兆,➖ 中性/偏空,✅ 趨勢追蹤中，尚未觸發佈局點,-0.29,-2.87,-1.76,False,8.17,-3.23,7.07,False,8.17,-3.23,4.49,False,15.9,-3.23,14.06,False
2026-06-24,2379.TW,瑞昱,843.0,69.94,無特殊徵兆,➖ 中性/偏空,✅ 趨勢追蹤中，尚未觸發佈局點,-1.07,-6.64,-3.44,True,2.25,-12.69,-1.66,True,2.25,-12.69,-3.08,True,2.25,-18.27,-11.86,True
2026-06-24,2382.TW,廣達,365.5,52.5,無特殊徵兆,➖ 中性/偏空,✅ 趨勢追蹤中，尚未觸發佈局點,-1.6,-4.23,-3.83,False,-1.21,-6.32,-2.39,True,3.12,-6.32,-1.08,True,3.12,-15.46,-9.99,True
2026-06-24,2409.TW,友達,28.3,61.37,無特殊徵兆,➖ 中性/偏空,✅ 趨勢追蹤中，尚未觸發佈局點,8.04,1.78,5.6,False,19.67,-4.12,6.47,False,19.67,-4.12,2.65,False,19.67,-14.72,-10.38,True
2026-06-24,2449.TW,京元電子,325.0,57.4,無特殊徵兆,➖ 中性/偏空,✅ 趨勢追蹤中，尚未觸發佈局點,1.3,-3.66,-2.35,False,2.03,-11.25,-3.37,True,7.28,-12.13,-10.82,True,7.28,-24.54,-13.88,True
2026-06-24,2454.TW,聯發科,4430.0,58.15,無特殊徵兆,➖ 中性/偏空,✅ 趨勢追蹤中，尚未觸發佈局點,-0.26,-5.42,-3.29,True,-0.26,-14.17,-2.73,True,-0.26,-14.17,-9.82,True,-0.26,-26.86,-13.09,True
2026-06-24,2606.TW,裕民,61.3,41.5,無特殊徵兆,➖ 中性/偏空,✅ 趨勢追蹤中，尚未觸發佈局點,1.47,0.16,0.65,False,1.47,-3.59,-2.94,False,,,,False,,,,False
2026-06-24,2637.TW,慧洋,76.4,55.12,無特殊徵兆,➖ 中性/偏空,✅ 趨勢追蹤中，尚未觸發佈局點,-0.13,-1.31,-0.39,False,16.23,-7.2,11.52,True,25.65,-7.2,23.95,True,,,,False
2026-06-24,2886.TW,兆豐金,44.85,68.31,無特殊徵兆,➖ 中性/偏空,✅ 趨勢追蹤中，尚未觸發佈局點,0.92,-4.13,0.28,False,1.89,-4.13,-0.8,False,1.89,-4.13,0.6,False,5.43,-4.13,3.61,False
2026-06-24,2883.TW,凱基金,29.9,70.54,無特殊徵兆,➖ 中性/偏空,✅ 趨勢追蹤中，尚未觸發佈局點,-1.11,-3.86,-1.43,False,-0.46,-6.86,-5.35,True,4.35,-7.69,2.68,True,4.35,-7.69,1.84,True
2026-06-24,2887.TW,台新金,32.0,73.94,無特殊徵兆,➖ 中性/偏空,✅ 趨勢追蹤中，尚未觸發佈局點,-2.93,-5.04,-4.29,True,2.48,-5.94,0.22,True,8.19,-5.94,7.73,True,13.44,-5.94,8.12,True
2026-06-24,1609.TW,大亞,37.6,54.23,無特殊徵兆,➖ 中性/偏空,✅ 趨勢追蹤中，尚未觸發佈局點,0.8,-2.39,-2.39,False,6.38,-6.12,2.93,True,17.69,-6.12,5.05,True,17.69,-6.12,0.4,True
2026-06-24,1795.TW,美時,191.5,41.48,無特殊徵兆,➖ 中性/偏空,✅ 趨勢追蹤中，尚未觸發佈局點,1.83,-1.31,-1.31,False,2.87,-4.44,-1.31,False,5.48,-6.01,-5.74,True,,,,False
2026-06-24,0050.TW,元大台灣50,107.85,61.5,庫存動態防禦,➖ 中性/偏空,🛡️【洗盤耐受區】嚴禁攤平加碼，死守底線 (102.59)！,-0.42,-1.99,-1.2,False,1.33,-5.26,0.78,True,1.33,-5.26,-2.26,True,1.33,-9.41,-3.71,True
2026-06-24,2317.TW,鴻海,260.0,47.38,無特殊徵兆,➖ 中性/偏空,✅ 趨勢追蹤中，尚未觸發佈局點,-1.96,-3.83,-3.83,False,-1.96,-8.12,-7.37,True,-1.96,-10.0,-8.65,True,-0.38,-11.54,-3.27,True
2026-06-24,8046.TW,8046,917.0,56.19,無特殊徵兆,➖ 中性/偏空,✅ 趨勢追蹤中，尚未觸發佈局點,13.96,6.98,13.96,False,40.13,6.98,28.14,False,40.13,6.98,20.5,False,54.31,6.98,42.31,False
2026-06-24,3450.TW,3450,598.0,65.41,無特殊徵兆,➖ 中性/偏空,✅ 趨勢追蹤中，尚未觸發佈局點,1.51,-5.69,-2.01,True,1.51,-16.22,-14.38,True,1.51,-19.65,-14.72,True,1.51,-36.04,-23.33,True
2026-06-24,3019.TW,亞光,153.0,55.55,庫存動態防禦,➖ 中性/偏空,🛡️【洗盤耐受區】嚴禁攤平加碼，死守底線 (135.57)！,2.29,-2.61,-1.96,False,2.29,-10.13,-8.5,True,4.25,-10.13,-5.23,True,4.25,-18.63,-9.15,True
2026-06-24,0050.TW,元大台灣50,106.85,59.29,庫存動態防禦,➖ 中性/偏空,🛡️【洗盤耐受區】嚴禁攤平加碼，死守底線 (101.39)！,0.51,-1.07,-0.28,False,2.28,-4.37,1.72,False,2.28,-4.37,-1.35,False,2.28,-8.56,-2.81,True
2026-06-24,1301.TW,台塑,51.6,58.98,無特殊徵兆,➖ 中性/偏空,✅ 趨勢追蹤中，尚未觸發佈局點,14.8,4.24,11.35,False,14.8,0.02,5.23,False,24.03,0.02,12.4,False,32.95,0.02,23.06,False
2026-06-24,1326.TW,台化,57.7,65.01,無特殊徵兆,➖ 中性/偏空,✅ 趨勢追蹤中，尚未觸發佈局點,7.97,0.87,3.12,False,7.97,-7.97,-2.43,True,26.52,-7.97,12.13,True,27.38,-7.97,22.36,True
2026-06-24,1476.TW,儒鴻,319.5,45.11,無特殊徵兆,➖ 中性/偏空,✅ 趨勢追蹤中，尚未觸發佈局點,2.5,0.0,0.47,False,2.5,-2.82,-2.5,False,,,,False,,,,False
2026-06-24,1536.TW,和大,48.45,43.95,無特殊徵兆,➖ 中性/偏空,✅ 趨勢追蹤中，尚未觸發佈局點,1.65,-0.83,-0.83,False,1.65,-2.99,-1.34,False,12.9,-2.99,3.2,False,18.06,-2.99,7.95,False
2026-06-24,1605.TW,華新,37.7,51.58,無特殊徵兆,➖ 中性/偏空,✅ 趨勢追蹤中，尚未觸發佈局點,5.31,-0.13,0.0,False,5.31,-6.9,-5.17,True,5.31,-9.55,-7.56,True,5.31,-17.51,-11.14,True
2026-06-24,8046.TW,8046,917.0,56.19,無特殊徵兆,➖ 中性/偏空,✅ 趨勢追蹤中，尚未觸發佈局點,13.96,6.98,13.96,False,40.13,6.98,28.14,False,40.13,6.98,20.5,False,54.31,6.98,42.31,False
2026-06-24,1609.TW,大亞,37.15,52.45,無特殊徵兆,➖ 中性/偏空,✅ 趨勢追蹤中，尚未觸發佈局點,2.02,-1.21,-1.21,False,7.67,-4.98,4.17,False,19.11,-4.98,6.33,False,19.11,-4.98,1.62,False
2026-06-24,1802.TW,台玻,68.7,50.8,無特殊徵兆,➖ 中性/偏空,✅ 趨勢追蹤中，尚未觸發佈局點,6.55,1.16,1.31,False,12.52,-5.39,3.49,True,,,,False,,,,False
2026-06-24,2317.TW,鴻海,256.0,45.08,無特殊徵兆,➖ 中性/偏空,✅ 趨勢追蹤中，尚未觸發佈局點,-0.43,-2.32,-2.32,False,-0.43,-6.69,-5.93,True,-0.43,-8.59,-7.23,True,1.17,-10.16,-1.76,True
2026-06-24,2324.TW,仁寶,37.1,52.82,無特殊徵兆,➖ 中性/偏空,✅ 趨勢追蹤中，尚未觸發佈局點,4.31,-0.67,-0.67,False,4.31,-8.22,-6.74,True,4.31,-8.36,-4.31,True,4.31,-9.16,-2.43,True
2026-06-24,2352.TW,佳士達,30.4,53.75,無特殊徵兆,➖ 中性/偏空,✅ 趨勢追蹤中，尚未觸發佈局點,-1.38,-3.29,-2.97,False,10.55,-6.95,2.91,True,15.48,-6.95,9.44,True,15.48,-7.11,-3.29,True
2026-06-24,2353.TW,宏碁,33.85,50.76,無特殊徵兆,➖ 中性/偏空,✅ 趨勢追蹤中，尚未觸發佈局點,3.55,-0.44,-0.15,False,3.55,-6.2,-5.17,True,3.55,-6.5,-4.58,True,3.55,-15.36,-9.75,True
2026-06-24,2356.TW,英業達,66.1,52.07,無特殊徵兆,➖ 中性/偏空,✅ 趨勢追蹤中，尚未觸發佈局點,-1.38,-3.14,-2.26,False,1.4,-7.54,-1.97,True,1.4,-7.54,-2.99,True,6.68,-13.92,-6.66,True
2026-06-24,2371.TW,大同,27.55,38.23,無特殊徵兆,➖ 中性/偏空,✅ 趨勢追蹤中，尚未觸發佈局點,1.63,-0.91,-0.91,False,1.63,-4.9,-2.0,False,4.36,-4.9,-2.0,False,4.36,-7.62,-4.17,True
2026-06-24,2377.TW,微星,133.5,54.04,無特殊徵兆,➖ 中性/偏空,✅ 趨勢追蹤中，尚未觸發佈局點,-1.41,-3.96,-2.87,False,6.96,-4.32,5.86,False,6.96,-4.32,3.32,False,14.6,-4.32,12.78,False
2026-06-24,2379.TW,瑞昱,818.0,66.21,無特殊徵兆,➖ 中性/偏空,✅ 趨勢追蹤中，尚未觸發佈局點,1.96,-3.79,-0.49,False,5.38,-10.02,1.34,True,5.38,-10.02,-0.12,True,5.38,-15.77,-9.17,True
2026-06-24,2382.TW,廣達,366.0,52.73,無特殊徵兆,➖ 中性/偏空,✅ 趨勢追蹤中，尚未觸發佈局點,-1.74,-4.36,-3.96,False,-1.34,-6.45,-2.52,True,2.98,-6.45,-1.21,True,2.98,-15.57,-10.11,True
2026-06-24,2408.TW,南亞科,442.0,60.89,無特殊徵兆,➖ 中性/偏空,✅ 趨勢追蹤中，尚未觸發佈局點,8.93,4.08,7.57,False,12.31,-7.09,-5.06,True,12.31,-12.84,-10.41,True,12.31,-13.91,0.79,True
2026-06-24,2449.TW,京元電子,327.5,58.33,無特殊徵兆,➖ 中性/偏空,✅ 趨勢追蹤中，尚未觸發佈局點,0.52,-4.4,-3.1,False,1.25,-11.93,-4.11,True,6.46,-12.8,-11.5,True,6.46,-25.11,-14.54,True
2026-06-24,1802.TW,台玻,69.9,52.49,無特殊徵兆,➖ 中性/偏空,✅ 趨勢追蹤中，尚未觸發佈局點,4.72,-0.57,-0.43,False,10.59,-7.01,1.72,True,,,,False,,,,False
2026-06-24,1795.TW,美時,192.5,42.82,無特殊徵兆,➖ 中性/偏空,✅ 趨勢追蹤中，尚未觸發佈局點,1.3,-1.82,-1.82,False,2.34,-4.94,-1.82,False,4.94,-6.49,-6.23,True,,,,False
2026-06-24,4904.TW,4904,104.5,53.47,無特殊徵兆,➖ 中性/偏空,✅ 趨勢追蹤中，尚未觸發佈局點,5.26,0.96,3.83,False,5.26,-1.44,-0.96,False,,,,False,,,,False
2026-06-24,8046.TW,8046,917.0,56.19,無特殊徵兆,➖ 中性/偏空,✅ 趨勢追蹤中，尚未觸發佈局點,13.96,6.98,13.96,False,40.13,6.98,28.14,False,40.13,6.98,20.5,False,54.31,6.98,42.31,False
2026-06-24,2324.TW,仁寶,38.0,55.38,無特殊徵兆,➖ 中性/偏空,✅ 趨勢追蹤中，尚未觸發佈局點,1.84,-3.03,-3.03,False,1.84,-10.39,-8.95,True,1.84,-10.53,-6.58,True,1.84,-11.32,-4.74,True
2026-06-24,2352.TW,佳士達,31.3,58.61,無特殊徵兆,➖ 中性/偏空,✅ 趨勢追蹤中，尚未觸發佈局點,-4.22,-6.07,-5.76,True,7.37,-9.62,-0.05,True,12.16,-9.62,6.29,True,12.16,-9.78,-6.07,True
2026-06-24,2353.TW,宏碁,34.3,52.15,無特殊徵兆,➖ 中性/偏空,✅ 趨勢追蹤中，尚未觸發佈局點,2.19,-1.75,-1.46,False,2.19,-7.43,-6.41,True,2.19,-7.73,-5.83,True,2.19,-16.47,-10.93,True
2026-06-24,2356.TW,英業達,67.0,53.63,無特殊徵兆,➖ 中性/偏空,✅ 趨勢追蹤中，尚未觸發佈局點,-2.71,-4.44,-3.57,False,0.04,-8.78,-3.28,True,0.04,-8.78,-4.3,True,5.25,-15.07,-7.91,True
2026-06-24,2371.TW,大同,27.95,41.38,無特殊徵兆,➖ 中性/偏空,✅ 趨勢追蹤中，尚未觸發佈局點,0.18,-2.33,-2.33,False,0.18,-6.26,-3.4,True,2.86,-6.26,-3.4,True,2.86,-8.94,-5.55,True
2026-06-24,2377.TW,微星,135.5,55.9,無特殊徵兆,➖ 中性/偏空,✅ 趨勢追蹤中，尚未觸發佈局點,-2.87,-5.38,-4.3,True,5.38,-5.73,4.3,True,5.38,-5.73,1.79,True,12.9,-5.73,11.11,True
2026-06-24,2379.TW,瑞昱,843.0,69.94,無特殊徵兆,➖ 中性/偏空,✅ 趨勢追蹤中，尚未觸發佈局點,-1.07,-6.64,-3.44,True,2.25,-12.69,-1.66,True,2.25,-12.69,-3.08,True,2.25,-18.27,-11.86,True
2026-06-24,2382.TW,廣達,368.0,53.64,無特殊徵兆,➖ 中性/偏空,✅ 趨勢追蹤中，尚未觸發佈局點,-2.27,-4.88,-4.49,False,-1.88,-6.96,-3.05,True,2.42,-6.96,-1.75,True,2.42,-16.03,-10.6,True
2026-06-24,2606.TW,裕民,61.5,42.08,無特殊徵兆,➖ 中性/偏空,✅ 趨勢追蹤中，尚未觸發佈局點,1.14,-0.16,0.33,False,1.14,-3.9,-3.25,False,,,,False,,,,False
2026-06-24,2637.TW,慧洋,76.3,54.73,無特殊徵兆,➖ 中性/偏空,✅ 趨勢追蹤中，尚未觸發佈局點,0.0,-1.18,-0.26,False,16.38,-7.08,11.66,True,25.82,-7.08,24.12,True,,,,False
2026-06-24,2886.TW,兆豐金,44.6,65.74,無特殊徵兆,➖ 中性/偏空,✅ 趨勢追蹤中，尚未觸發佈局點,1.49,-3.59,0.84,False,2.46,-3.59,-0.24,False,2.46,-3.59,1.16,False,6.03,-3.59,4.19,False
2026-06-24,2883.TW,凱基金,30.0,71.38,無特殊徵兆,➖ 中性/偏空,✅ 趨勢追蹤中，尚未觸發佈局點,-1.44,-4.18,-1.76,False,-0.8,-7.17,-5.67,True,4.0,-8.0,2.33,True,4.0,-8.0,1.5,True
2026-06-24,2449.TW,京元電子,323.0,56.68,無特殊徵兆,➖ 中性/偏空,✅ 趨勢追蹤中，尚未觸發佈局點,1.93,-3.07,-1.75,False,2.66,-10.71,-2.77,True,7.95,-11.59,-10.26,True,7.95,-24.07,-13.35,True
2026-06-24,2887.TW,台新金,31.95,73.46,無特殊徵兆,➖ 中性/偏空,✅ 趨勢追蹤中，尚未觸發佈局點,-2.78,-4.89,-4.14,False,2.64,-5.79,0.38,True,8.35,-5.79,7.9,True,13.62,-5.79,8.29,True
2026-06-24,9933.TW,中鼎,43.0,60.07,無特殊徵兆,➖ 中性/偏空,✅ 趨勢追蹤中，尚未觸發佈局點,2.33,0.0,1.51,False,,,,False,,,,False,,,,False
2026-06-24,8150.TW,南茂,104.0,56.85,無特殊徵兆,➖ 中性/偏空,✅ 趨勢追蹤中，尚未觸發佈局點,4.91,-8.86,-8.86,True,4.91,-13.08,2.88,True,13.94,-13.08,2.4,True,20.19,-13.08,-3.85,True
2026-06-24,6415.TW,矽力-KY,614.0,57.63,無特殊徵兆,➖ 中性/偏空,✅ 趨勢追蹤中，尚未觸發佈局點,7.98,-1.3,0.16,False,7.98,-9.77,-4.23,True,7.98,-14.33,-10.26,True,7.98,-32.49,-21.25,True
2026-06-24,6269.TW,台郡,82.8,63.83,無特殊徵兆,➖ 中性/偏空,✅ 趨勢追蹤中，尚未觸發佈局點,0.12,-9.06,-8.33,True,0.12,-21.5,-20.89,True,0.12,-25.0,-23.07,True,0.12,-37.44,-29.95,True
2026-06-24,9939.TW,宏全,130.0,56.52,無特殊徵兆,➖ 中性/偏空,✅ 趨勢追蹤中，尚未觸發佈局點,0.77,-1.54,-1.15,False,,,,False,,,,False,,,,False
2026-06-24,4904.TW,遠傳,104.5,53.47,無特殊徵兆,➖ 中性/偏空,✅ 趨勢追蹤中，尚未觸發佈局點,5.26,0.96,3.83,False,5.26,-1.44,-0.96,False,,,,False,,,,False
2026-06-24,3163.TWO,波若威,848.0,39.56,無特殊徵兆,➖ 中性/偏空,✅ 趨勢追蹤中，尚未觸發佈局點,-15.33,-21.03,-19.93,True,-15.33,-30.94,-24.94,True,-13.53,-30.94,-22.24,True,-13.53,-41.25,-26.94,True
2026-06-24,3714.TW,富采,72.8,56.6,無特殊徵兆,➖ 中性/偏空,✅ 趨勢追蹤中，尚未觸發佈局點,-1.85,-8.62,-8.62,True,-1.85,-17.01,-14.29,True,-1.85,-17.17,-14.97,True,-1.85,-32.07,-26.1,True
2026-06-24,3324.TWO,雙鴻,1015.0,45.38,無特殊徵兆,➖ 中性/偏空,✅ 趨勢追蹤中，尚未觸發佈局點,5.91,-0.49,-0.49,False,5.91,-4.63,-0.49,False,5.91,-10.94,-8.87,True,5.91,-19.31,-10.54,True
2026-06-24,3231.TW,緯創,158.5,51.04,無特殊徵兆,➖ 中性/偏空,✅ 趨勢追蹤中，尚未觸發佈局點,-1.41,-4.75,-2.62,False,-1.41,-6.88,-2.93,True,-1.41,-8.52,-7.57,True,3.47,-12.3,3.47,True
2026-06-24,6239.TW,力成,343.5,56.33,無特殊徵兆,➖ 中性/偏空,✅ 趨勢追蹤中，尚未觸發佈局點,3.35,-7.93,-6.93,True,3.35,-13.35,-4.22,True,3.35,-13.35,-9.21,True,3.35,-24.63,-16.06,True
2026-06-25,2356.TW,英業達,66.8,53.34,無特殊徵兆,➖ 中性/偏空,✅ 趨勢追蹤中，尚未觸發佈局點,-3.86,-8.5,-8.21,True,0.34,-8.5,-2.56,True,5.56,-8.5,1.21,True,5.56,-14.82,-5.69,True
2026-06-25,2353.TW,宏碁,33.8,50.48,無特殊徵兆,➖ 中性/偏空,✅ 趨勢追蹤中，尚未觸發佈局點,-0.74,-5.92,-5.62,True,0.89,-6.36,-5.33,True,0.89,-6.36,-3.85,True,0.89,-15.24,-10.8,True
2026-06-25,2352.TW,佳士達,30.45,53.96,無特殊徵兆,➖ 中性/偏空,✅ 趨勢追蹤中，尚未觸發佈局點,-2.18,-7.1,-6.94,True,10.37,-7.1,1.32,True,15.29,-7.1,4.81,True,15.29,-7.26,-1.15,True
2026-06-25,2330.TW,台積電,2410.0,57.01,無特殊徵兆,➖ 中性/偏空,✅ 趨勢追蹤中，尚未觸發佈局點,-1.66,-3.53,-2.9,False,3.94,-3.53,2.28,False,3.94,-3.53,0.21,False,3.94,-4.98,-0.21,False
2026-06-25,2324.TW,仁寶,37.0,52.05,無特殊徵兆,➖ 中性/偏空,✅ 趨勢追蹤中，尚未觸發佈局點,-1.49,-6.49,-5.95,True,-1.49,-8.11,-5.95,True,1.76,-8.11,-1.08,True,3.24,-8.92,-0.68,True
2026-06-25,1802.TW,台玻,70.8,53.67,無特殊徵兆,➖ 中性/偏空,✅ 趨勢追蹤中，尚未觸發佈局點,1.55,-7.63,-6.78,True,9.18,-8.19,-0.56,True,,,,False,,,,False
2026-06-25,1795.TW,美時,189.5,40.22,無特殊徵兆,➖ 中性/偏空,✅ 趨勢追蹤中，尚未觸發佈局點,-0.53,-3.43,-3.43,False,3.96,-3.43,1.32,False,6.6,-5.01,-3.17,True,,,,False
2026-06-25,1609.TW,大亞,36.85,50.91,無特殊徵兆,➖ 中性/偏空,✅ 趨勢追蹤中，尚未觸發佈局點,-0.41,-4.21,-4.21,False,8.55,-4.21,3.53,False,20.08,-4.21,6.11,False,20.08,-4.21,2.58,False
2026-06-25,1605.TW,華新,37.9,52.01,無特殊徵兆,➖ 中性/偏空,✅ 趨勢追蹤中，尚未觸發佈局點,-0.79,-6.73,-6.6,True,-0.13,-7.92,-6.2,True,0.53,-10.03,-9.23,True,0.53,-17.94,-11.21,True
2026-06-25,1536.TW,和大,48.1,42.88,無特殊徵兆,➖ 中性/偏空,✅ 趨勢追蹤中，尚未觸發佈局點,0.1,-2.29,-2.08,False,6.86,-2.29,5.82,False,14.35,-2.29,14.35,False,18.92,-2.29,7.28,False
2026-06-25,2371.TW,大同,27.35,37.02,無特殊徵兆,➖ 中性/偏空,✅ 趨勢追蹤中，尚未觸發佈局點,0.0,-4.2,-4.2,False,0.73,-4.2,0.37,False,5.12,-4.2,1.28,False,5.12,-6.95,-3.66,True
2026-06-25,2317.TW,鴻海,258.5,46.79,無特殊徵兆,➖ 中性/偏空,✅ 趨勢追蹤中，尚未觸發佈局點,-4.02,-6.84,-6.65,True,-4.02,-7.93,-7.54,True,-4.02,-9.48,-8.12,True,0.39,-11.03,-0.39,True
2026-06-25,2377.TW,微星,134.0,54.56,無特殊徵兆,➖ 中性/偏空,✅ 趨勢追蹤中，尚未觸發佈局點,-1.78,-4.68,-4.68,False,6.56,-4.68,3.66,False,6.92,-4.68,5.11,False,14.53,-4.68,10.18,False
2026-06-25,3231.TW,緯創,159.0,51.47,無特殊徵兆,➖ 中性/偏空,✅ 趨勢追蹤中，尚未觸發佈局點,-3.54,-7.18,-7.18,True,-1.72,-7.18,-3.84,True,-1.72,-9.12,-9.12,True,12.89,-12.58,9.12,True
2026-06-25,2382.TW,廣達,367.5,53.25,無特殊徵兆,➖ 中性/偏空,✅ 趨勢追蹤中，尚未觸發佈局點,-2.92,-6.83,-5.53,True,-1.75,-6.83,-3.7,True,2.56,-6.83,-2.53,True,2.56,-15.92,-8.57,True
2026-06-25,2409.TW,友達,30.0,65.04,無特殊徵兆,➖ 中性/偏空,✅ 趨勢追蹤中，尚未觸發佈局點,-1.2,-8.41,-8.41,True,12.89,-9.56,-0.05,True,12.89,-9.56,3.06,True,12.89,-19.55,-13.98,True
2026-06-25,2449.TW,京元電子,337.0,61.09,無特殊徵兆,➖ 中性/偏空,✅ 趨勢追蹤中，尚未觸發佈局點,-1.61,-13.71,-13.29,True,-1.61,-14.41,-2.17,True,3.46,-15.26,-13.15,True,3.46,-27.22,-19.48,True
2026-06-25,2454.TW,聯發科,4335.0,55.41,無特殊徵兆,➖ 中性/偏空,✅ 趨勢追蹤中，尚未觸發佈局點,-4.03,-11.03,-11.03,True,0.44,-12.29,-0.36,True,0.44,-12.29,-9.46,True,0.44,-25.26,-10.61,True
2026-06-25,2606.TW,裕民,61.9,43.89,無特殊徵兆,➖ 中性/偏空,✅ 趨勢追蹤中，尚未觸發佈局點,-0.16,-4.52,-3.72,False,-0.16,-4.52,-3.07,False,,,,False,,,,False
2026-06-25,2637.TW,慧洋,75.9,53.21,無特殊徵兆,➖ 中性/偏空,✅ 趨勢追蹤中，尚未觸發佈局點,0.0,-5.67,-5.53,True,17.0,-6.59,12.91,True,37.02,-6.59,34.39,True,,,,False
2026-06-25,2886.TW,兆豐金,46.4,73.22,無特殊徵兆,➖ 中性/偏空,✅ 趨勢追蹤中，尚未觸發佈局點,-3.59,-5.36,-4.11,True,-1.52,-7.02,-4.42,True,-1.52,-7.02,-2.97,True,1.91,-7.02,0.04,True
2026-06-25,2883.TW,凱基金,30.4,71.84,無特殊徵兆,➖ 中性/偏空,✅ 趨勢追蹤中，尚未觸發佈局點,-2.26,-5.12,-4.96,True,-2.1,-8.72,-8.22,True,2.63,-9.21,-1.15,True,2.96,-9.21,1.48,True
2026-06-25,2887.TW,台新金,32.05,71.97,無特殊徵兆,➖ 中性/偏空,✅ 趨勢追蹤中，尚未觸發佈局點,-3.54,-6.09,-4.29,True,2.32,-6.09,-0.98,True,11.47,-6.09,10.57,True,13.27,-6.09,7.64,True
2026-06-25,3163.TWO,波若威,802.0,36.25,無特殊徵兆,➖ 中性/偏空,✅ 趨勢追蹤中，尚未觸發佈局點,-15.87,-23.81,-23.81,True,-13.12,-26.98,-17.99,True,-8.57,-26.98,-21.06,True,-8.57,-37.88,-19.47,True
2026-06-25,2379.TW,瑞昱,817.0,65.24,無特殊徵兆,➖ 中性/偏空,✅ 趨勢追蹤中，尚未觸發佈局點,-3.67,-9.91,-9.42,True,5.51,-9.91,-0.73,True,5.51,-9.91,2.82,True,5.51,-15.67,-8.81,True
2026-06-25,1513.TW,中興電,184.0,66.59,無特殊徵兆,➖ 中性/偏空,✅ 趨勢追蹤中，尚未觸發佈局點,-3.76,-7.96,-7.96,True,-3.76,-8.22,-7.43,True,-3.76,-10.05,-8.42,True,-3.76,-16.3,-13.04,True
2026-06-25,2883.TW,凱基金,30.55,72.32,無特殊徵兆,➖ 中性/偏空,✅ 趨勢追蹤中，尚未觸發佈局點,-2.74,-5.59,-5.43,True,-2.58,-9.17,-8.67,True,2.13,-9.66,-1.64,True,2.45,-9.66,0.98,True
2026-06-25,3324.TWO,雙鴻,1015.0,45.65,無特殊徵兆,➖ 中性/偏空,✅ 趨勢追蹤中，尚未觸發佈局點,-0.99,-4.63,-4.43,False,2.46,-4.63,2.46,False,2.46,-10.94,-9.36,True,2.46,-19.31,-9.06,True
2026-06-25,2887.TW,台新金,32.15,72.31,無特殊徵兆,➖ 中性/偏空,✅ 趨勢追蹤中，尚未觸發佈局點,-3.84,-6.38,-4.58,True,2.0,-6.38,-1.29,True,11.12,-6.38,10.22,True,12.92,-6.38,7.31,True
2026-06-25,3037.TW,欣興,1015.0,57.36,無特殊徵兆,➖ 中性/偏空,✅ 趨勢追蹤中，尚未觸發佈局點,7.17,-5.22,-4.14,True,9.63,-6.6,-3.74,True,9.63,-17.64,-13.79,True,9.63,-26.4,-11.72,True
2026-06-25,3163.TWO,波若威,800.0,36.12,無特殊徵兆,➖ 中性/偏空,✅ 趨勢追蹤中，尚未觸發佈局點,-15.66,-23.62,-23.62,True,-12.9,-26.8,-17.78,True,-8.34,-26.8,-20.86,True,-8.34,-37.73,-19.27,True
2026-06-25,3231.TW,緯創,160.5,52.66,無特殊徵兆,➖ 中性/偏空,✅ 趨勢追蹤中，尚未觸發佈局點,-4.44,-8.04,-8.04,True,-2.64,-8.04,-4.74,True,-2.64,-9.97,-9.97,True,11.84,-13.4,8.1,True
2026-06-25,3324.TWO,雙鴻,1020.0,46.14,無特殊徵兆,➖ 中性/偏空,✅ 趨勢追蹤中，尚未觸發佈局點,-1.47,-5.1,-4.9,True,1.96,-5.1,1.96,True,1.96,-11.37,-9.8,True,1.96,-19.71,-9.51,True
2026-06-25,3714.TW,富采,68.0,49.17,無特殊徵兆,➖ 中性/偏空,✅ 趨勢追蹤中，尚未觸發佈局點,-2.31,-10.86,-10.72,True,-2.31,-11.15,-8.68,True,-0.15,-11.32,-6.32,True,-0.15,-27.28,-21.03,True
2026-06-25,4904.TW,遠傳,109.5,66.46,無特殊徵兆,➖ 中性/偏空,✅ 趨勢追蹤中，尚未觸發佈局點,-0.91,-3.2,-2.28,False,-0.91,-5.94,-5.94,True,,,,False,,,,False
2026-06-25,6239.TW,力成,331.0,52.75,無特殊徵兆,➖ 中性/偏空,✅ 趨勢追蹤中，尚未觸發佈局點,0.14,-8.45,-6.97,True,2.22,-10.08,-1.19,True,6.66,-10.08,-5.19,True,6.66,-21.78,-12.89,True
2026-06-25,6269.TW,台郡,76.0,54.76,無特殊徵兆,➖ 中性/偏空,✅ 趨勢追蹤中，尚未觸發佈局點,3.55,-5.79,-5.79,True,3.55,-16.45,-13.55,True,3.55,-18.29,-17.76,True,3.55,-31.84,-26.71,True
2026-06-25,6415.TW,矽力-KY,660.0,61.81,無特殊徵兆,➖ 中性/偏空,✅ 趨勢追蹤中，尚未觸發佈局點,-6.67,-16.06,-13.33,True,-5.45,-16.06,-5.45,True,-2.27,-20.91,-20.76,True,-2.27,-37.2,-28.11,True
2026-06-25,8150.TW,南茂,96.9,51.33,無特殊徵兆,➖ 中性/偏空,✅ 趨勢追蹤中，尚未觸發佈局點,6.99,-2.48,-0.65,False,16.1,-6.71,11.97,True,22.29,-6.71,20.74,True,29.0,-6.71,1.34,True
2026-06-25,9933.TW,中鼎,43.7,62.54,無特殊徵兆,➖ 中性/偏空,✅ 趨勢追蹤中，尚未觸發佈局點,-0.57,-5.26,-4.0,True,,,,False,,,,False,,,,False
2026-06-25,9939.TW,宏全,129.0,53.63,無特殊徵兆,➖ 中性/偏空,✅ 趨勢追蹤中，尚未觸發佈局點,0.0,-2.71,0.0,False,,,,False,,,,False,,,,False
2026-06-25,1326.TW,1326,61.1,69.34,無特殊徵兆,➖ 中性/偏空,✅ 趨勢追蹤中，尚未觸發佈局點,-4.58,-11.95,-11.29,True,1.31,-13.09,1.31,True,19.48,-13.09,-1.8,True,27.0,-13.09,17.35,True
2026-06-25,2409.TW,2409,29.85,64.48,無特殊徵兆,➖ 中性/偏空,✅ 趨勢追蹤中，尚未觸發佈局點,-0.7,-7.95,-7.95,True,13.46,-9.1,0.45,True,13.46,-9.1,3.58,True,13.46,-19.15,-13.55,True
2026-06-25,2610.TW,2610,24.3,82.4,無特殊徵兆,➖ 中性/偏空,✅ 趨勢追蹤中，尚未觸發佈局點,-0.21,-4.94,-4.53,False,-0.21,-8.23,-5.97,True,-0.21,-18.31,-16.67,True,,,,False
2026-06-25,3017.TW,3017,2510.0,51.0,無特殊徵兆,➖ 中性/偏空,✅ 趨勢追蹤中，尚未觸發佈局點,-1.98,-10.69,-10.69,True,8.72,-12.08,8.52,True,10.5,-12.08,-6.93,True,10.5,-20.19,-3.36,True
2026-06-25,2610.TW,2610,24.3,82.4,無特殊徵兆,➖ 中性/偏空,✅ 趨勢追蹤中，尚未觸發佈局點,-0.21,-4.94,-4.53,False,-0.21,-8.23,-5.97,True,-0.21,-18.31,-16.67,True,,,,False
2026-06-25,0050.TW,元大台灣50,107.2,59.53,庫存動態防禦,➖ 中性/偏空,🛡️【洗盤耐受區】嚴禁攤平加碼，死守底線 (101.84)！,-1.86,-4.68,-4.41,False,1.94,-4.68,0.88,False,1.94,-4.68,-1.9,False,1.94,-8.86,-3.08,True
2026-06-25,1301.TW,台塑,57.9,69.15,無特殊徵兆,➖ 中性/偏空,✅ 趨勢追蹤中，尚未觸發佈局點,-1.62,-10.69,-10.69,True,3.11,-10.86,3.11,True,10.54,-10.86,-5.35,True,20.55,-10.86,14.34,True
2026-06-25,1476.TW,儒鴻,322.5,47.41,無特殊徵兆,➖ 中性/偏空,✅ 趨勢追蹤中，尚未觸發佈局點,-0.31,-2.95,-2.17,False,1.09,-3.72,-2.33,False,,,,False,,,,False
2026-06-25,3714.TW,富采,67.7,48.72,無特殊徵兆,➖ 中性/偏空,✅ 趨勢追蹤中，尚未觸發佈局點,-1.88,-10.47,-10.32,True,-1.88,-10.76,-8.27,True,0.3,-10.93,-5.91,True,0.3,-26.96,-20.68,True
2026-06-25,2356.TW,英業達,66.7,53.16,無特殊徵兆,➖ 中性/偏空,✅ 趨勢追蹤中，尚未觸發佈局點,-3.72,-8.37,-8.08,True,0.49,-8.37,-2.41,True,5.72,-8.37,1.36,True,5.72,-14.69,-5.55,True
2026-06-25,6239.TW,力成,330.0,52.47,無特殊徵兆,➖ 中性/偏空,✅ 趨勢追蹤中，尚未觸發佈局點,0.45,-8.17,-6.69,True,2.53,-9.81,-0.89,True,6.98,-9.81,-4.9,True,6.98,-21.55,-12.63,True
2026-06-25,2409.TW,友達,30.4,66.56,無特殊徵兆,➖ 中性/偏空,✅ 趨勢追蹤中，尚未觸發佈局點,-2.5,-9.61,-9.61,True,11.41,-10.75,-1.37,True,11.41,-10.75,1.7,True,11.41,-20.61,-15.11,True
2026-06-25,2449.TW,京元電子,334.5,60.42,無特殊徵兆,➖ 中性/偏空,✅ 趨勢追蹤中，尚未觸發佈局點,-0.87,-13.07,-12.64,True,-0.87,-13.78,-1.44,True,4.24,-14.63,-12.5,True,4.24,-26.68,-18.88,True
2026-06-25,2454.TW,聯發科,4310.0,54.88,無特殊徵兆,➖ 中性/偏空,✅ 趨勢追蹤中，尚未觸發佈局點,-3.48,-10.51,-10.51,True,1.02,-11.78,0.21,True,1.02,-11.78,-8.93,True,1.02,-24.83,-10.09,True
2026-06-25,2606.TW,裕民,61.7,43.07,無特殊徵兆,➖ 中性/偏空,✅ 趨勢追蹤中，尚未觸發佈局點,0.16,-4.21,-3.4,False,0.16,-4.21,-2.76,False,,,,False,,,,False
2026-06-25,2637.TW,慧洋,76.1,53.87,無特殊徵兆,➖ 中性/偏空,✅ 趨勢追蹤中，尚未觸發佈局點,-0.26,-5.91,-5.78,True,16.69,-6.83,12.61,True,36.66,-6.83,34.03,True,,,,False
2026-06-25,2886.TW,兆豐金,46.65,74.02,無特殊徵兆,➖ 中性/偏空,✅ 趨勢追蹤中，尚未觸發佈局點,-4.11,-5.87,-4.63,True,-2.04,-7.52,-4.94,True,-2.04,-7.52,-3.49,True,1.37,-7.52,-0.49,True
2026-06-25,2883.TW,凱基金,30.5,72.16,無特殊徵兆,➖ 中性/偏空,✅ 趨勢追蹤中，尚未觸發佈局點,-2.58,-5.43,-5.27,True,-2.42,-9.02,-8.52,True,2.3,-9.51,-1.48,True,2.62,-9.51,1.15,True
2026-06-25,2887.TW,台新金,31.85,71.25,無特殊徵兆,➖ 中性/偏空,✅ 趨勢追蹤中，尚未觸發佈局點,-2.93,-5.5,-3.68,True,2.96,-5.5,-0.36,True,12.17,-5.5,11.26,True,13.98,-5.5,8.32,True
2026-06-25,3163.TWO,波若威,800.0,36.12,無特殊徵兆,➖ 中性/偏空,✅ 趨勢追蹤中，尚未觸發佈局點,-15.66,-23.62,-23.62,True,-12.9,-26.8,-17.78,True,-8.34,-26.8,-20.86,True,-8.34,-37.73,-19.27,True
2026-06-25,3231.TW,緯創,160.0,52.27,無特殊徵兆,➖ 中性/偏空,✅ 趨勢追蹤中，尚未觸發佈局點,-4.14,-7.76,-7.76,True,-2.33,-7.76,-4.44,True,-2.33,-9.69,-9.69,True,12.19,-13.12,8.44,True
2026-06-25,2382.TW,廣達,366.5,52.76,無特殊徵兆,➖ 中性/偏空,✅ 趨勢追蹤中，尚未觸發佈局點,-2.66,-6.58,-5.27,True,-1.48,-6.58,-3.44,True,2.84,-6.58,-2.26,True,2.84,-15.69,-8.32,True
2026-06-25,3714.TW,富采,67.5,48.43,無特殊徵兆,➖ 中性/偏空,✅ 趨勢追蹤中，尚未觸發佈局點,-1.59,-10.2,-10.06,True,-1.59,-10.5,-8.0,True,0.59,-10.67,-5.63,True,0.59,-26.74,-20.44,True
2026-06-25,6239.TW,力成,326.0,51.4,無特殊徵兆,➖ 中性/偏空,✅ 趨勢追蹤中，尚未觸發佈局點,1.68,-7.05,-5.54,True,3.78,-8.7,0.32,True,8.3,-8.7,-3.74,True,8.3,-20.58,-11.56,True
2026-06-25,6269.TW,台郡,75.9,54.64,無特殊徵兆,➖ 中性/偏空,✅ 趨勢追蹤中，尚未觸發佈局點,3.69,-5.67,-5.67,True,3.69,-16.34,-13.44,True,3.69,-18.18,-17.65,True,3.69,-31.75,-26.61,True
2026-06-25,6415.TW,矽力-KY,615.0,57.48,無特殊徵兆,➖ 中性/偏空,✅ 趨勢追蹤中，尚未觸發佈局點,0.16,-9.92,-6.99,True,1.46,-9.92,1.46,True,4.88,-15.12,-14.96,True,4.88,-32.6,-22.85,True
2026-06-25,8150.TW,南茂,96.0,50.7,無特殊徵兆,➖ 中性/偏空,✅ 趨勢追蹤中，尚未觸發佈局點,8.0,-1.57,0.28,False,17.19,-5.83,13.02,True,23.44,-5.83,21.88,True,30.21,-5.83,2.29,True
2026-06-25,9933.TW,中鼎,43.65,62.36,無特殊徵兆,➖ 中性/偏空,✅ 趨勢追蹤中，尚未觸發佈局點,-0.46,-5.15,-3.89,True,,,,False,,,,False,,,,False
2026-06-25,9939.TW,宏全,128.5,52.43,無特殊徵兆,➖ 中性/偏空,✅ 趨勢追蹤中，尚未觸發佈局點,0.39,-2.33,0.39,False,,,,False,,,,False,,,,False
2026-06-25,1301.TW,1301,58.0,69.27,無特殊徵兆,➖ 中性/偏空,✅ 趨勢追蹤中，尚未觸發佈局點,-1.79,-10.85,-10.85,True,2.93,-11.02,2.93,True,10.34,-11.02,-5.52,True,20.34,-11.02,14.14,True
2026-06-25,2404.TW,2404,1365.0,63.25,無特殊徵兆,➖ 中性/偏空,✅ 趨勢追蹤中，尚未觸發佈局點,-0.98,-7.02,-4.89,True,2.92,-8.79,-1.69,True,2.92,-16.24,-13.76,True,2.92,-19.08,-14.65,True
2026-06-25,2886.TW,兆豐金,46.85,74.63,無特殊徵兆,➖ 中性/偏空,✅ 趨勢追蹤中，尚未觸發佈局點,-4.52,-6.27,-5.03,True,-2.46,-7.91,-5.34,True,-2.46,-7.91,-3.9,True,0.93,-7.91,-0.92,True
2026-06-25,4904.TW,遠傳,108.5,64.55,無特殊徵兆,➖ 中性/偏空,✅ 趨勢追蹤中，尚未觸發佈局點,0.0,-2.3,-1.38,False,0.0,-5.07,-5.07,True,,,,False,,,,False
2026-06-25,4904.TW,遠傳,109.5,66.46,無特殊徵兆,➖ 中性/偏空,✅ 趨勢追蹤中，尚未觸發佈局點,-0.91,-3.2,-2.28,False,-0.91,-5.94,-5.94,True,,,,False,,,,False
2026-06-25,2379.TW,瑞昱,814.0,65.01,無特殊徵兆,➖ 中性/偏空,✅ 趨勢追蹤中，尚未觸發佈局點,-3.32,-9.58,-9.09,True,5.9,-9.58,-0.37,True,5.9,-9.58,3.19,True,5.9,-15.36,-8.48,True
2026-06-25,2371.TW,大同,27.3,36.73,無特殊徵兆,➖ 中性/偏空,✅ 趨勢追蹤中，尚未觸發佈局點,0.18,-4.03,-4.03,False,0.92,-4.03,0.55,False,5.31,-4.03,1.47,False,5.31,-6.78,-3.48,True
2026-06-25,6269.TW,台郡,75.7,54.4,無特殊徵兆,➖ 中性/偏空,✅ 趨勢追蹤中，尚未觸發佈局點,3.96,-5.42,-5.42,True,3.96,-16.12,-13.21,True,3.96,-17.97,-17.44,True,3.96,-31.57,-26.42,True
2026-06-25,6415.TW,矽力-KY,615.0,57.48,無特殊徵兆,➖ 中性/偏空,✅ 趨勢追蹤中，尚未觸發佈局點,0.16,-9.92,-6.99,True,1.46,-9.92,1.46,True,4.88,-15.12,-14.96,True,4.88,-32.6,-22.85,True
2026-06-25,8150.TW,南茂,96.4,50.98,無特殊徵兆,➖ 中性/偏空,✅ 趨勢追蹤中，尚未觸發佈局點,7.55,-1.98,-0.13,False,16.7,-6.22,12.55,True,22.93,-6.22,21.37,True,29.67,-6.22,1.87,True
2026-06-25,9939.TW,宏全,128.5,52.43,無特殊徵兆,➖ 中性/偏空,✅ 趨勢追蹤中，尚未觸發佈局點,0.39,-2.33,0.39,False,,,,False,,,,False,,,,False
2026-06-25,2409.TW,2409,30.0,65.04,無特殊徵兆,➖ 中性/偏空,✅ 趨勢追蹤中，尚未觸發佈局點,-1.2,-8.41,-8.41,True,12.89,-9.56,-0.05,True,12.89,-9.56,3.06,True,12.89,-19.55,-13.98,True
2026-06-25,2610.TW,2610,24.2,82.1,無特殊徵兆,➖ 中性/偏空,✅ 趨勢追蹤中，尚未觸發佈局點,0.21,-4.55,-4.13,False,0.21,-7.85,-5.58,True,0.21,-17.98,-16.32,True,,,,False
2026-06-25,3017.TW,3017,2520.0,51.6,無特殊徵兆,➖ 中性/偏空,✅ 趨勢追蹤中，尚未觸發佈局點,-2.36,-11.04,-11.04,True,8.29,-12.42,8.09,True,10.06,-12.42,-7.3,True,10.06,-20.51,-3.75,True
2026-06-25,2610.TW,2610,24.2,82.1,無特殊徵兆,➖ 中性/偏空,✅ 趨勢追蹤中，尚未觸發佈局點,0.21,-4.55,-4.13,False,0.21,-7.85,-5.58,True,0.21,-17.98,-16.32,True,,,,False
2026-06-25,0050.TW,元大台灣50,107.2,59.53,庫存動態防禦,➖ 中性/偏空,🛡️【洗盤耐受區】嚴禁攤平加碼，死守底線 (101.84)！,-1.86,-4.68,-4.41,False,1.94,-4.68,0.88,False,1.94,-4.68,-1.9,False,1.94,-8.86,-3.08,True
2026-06-25,2377.TW,微星,133.5,54.04,無特殊徵兆,➖ 中性/偏空,✅ 趨勢追蹤中，尚未觸發佈局點,-1.41,-4.32,-4.32,False,6.96,-4.32,4.05,False,7.32,-4.32,5.5,False,14.96,-4.32,10.59,False
2026-06-25,1301.TW,台塑,58.0,69.27,無特殊徵兆,➖ 中性/偏空,✅ 趨勢追蹤中，尚未觸發佈局點,-1.79,-10.85,-10.85,True,2.93,-11.02,2.93,True,10.34,-11.02,-5.52,True,20.34,-11.02,14.14,True
2026-06-25,1476.TW,儒鴻,321.0,46.29,無特殊徵兆,➖ 中性/偏空,✅ 趨勢追蹤中，尚未觸發佈局點,0.16,-2.49,-1.71,False,1.56,-3.27,-1.87,False,,,,False,,,,False
2026-06-25,1513.TW,中興電,185.0,68.14,無特殊徵兆,➖ 中性/偏空,✅ 趨勢追蹤中，尚未觸發佈局點,-4.28,-8.45,-8.45,True,-4.28,-8.71,-7.93,True,-4.28,-10.54,-8.92,True,-4.28,-16.76,-13.51,True
2026-06-25,1536.TW,和大,48.05,42.73,無特殊徵兆,➖ 中性/偏空,✅ 趨勢追蹤中，尚未觸發佈局點,0.21,-2.19,-1.98,False,6.97,-2.19,5.93,False,14.46,-2.19,14.46,False,19.04,-2.19,7.39,False
2026-06-25,1605.TW,華新,37.7,51.43,無特殊徵兆,➖ 中性/偏空,✅ 趨勢追蹤中，尚未觸發佈局點,-0.27,-6.23,-6.1,True,0.4,-7.43,-5.7,True,1.06,-9.55,-8.75,True,1.06,-17.51,-10.74,True
2026-06-25,1609.TW,大亞,36.7,50.26,無特殊徵兆,➖ 中性/偏空,✅ 趨勢追蹤中，尚未觸發佈局點,0.0,-3.81,-3.81,False,8.99,-3.81,3.95,False,20.57,-3.81,6.54,False,20.57,-3.81,3.0,False
2026-06-25,1802.TW,台玻,69.6,52.05,無特殊徵兆,➖ 中性/偏空,✅ 趨勢追蹤中，尚未觸發佈局點,3.3,-6.03,-5.17,True,11.06,-6.61,1.15,True,,,,False,,,,False
2026-06-25,2317.TW,鴻海,257.5,46.12,無特殊徵兆,➖ 中性/偏空,✅ 趨勢追蹤中，尚未觸發佈局點,-3.65,-6.47,-6.29,True,-3.65,-7.57,-7.18,True,-3.65,-9.13,-7.77,True,0.78,-10.68,0.0,True
2026-06-25,2324.TW,仁寶,36.85,51.58,無特殊徵兆,➖ 中性/偏空,✅ 趨勢追蹤中，尚未觸發佈局點,-1.09,-6.11,-5.56,True,-1.09,-7.73,-5.56,True,2.17,-7.73,-0.68,True,3.66,-8.55,-0.27,True
2026-06-25,2330.TW,台積電,2390.0,55.42,無特殊徵兆,➖ 中性/偏空,✅ 趨勢追蹤中，尚未觸發佈局點,-0.84,-2.72,-2.09,False,4.81,-2.72,3.14,False,4.81,-2.72,1.05,False,4.81,-4.18,0.63,False
2026-06-25,2352.TW,佳士達,30.5,54.25,無特殊徵兆,➖ 中性/偏空,✅ 趨勢追蹤中，尚未觸發佈局點,-2.34,-7.25,-7.09,True,10.19,-7.25,1.15,True,15.1,-7.25,4.64,True,15.1,-7.41,-1.31,True
2026-06-25,2353.TW,宏碁,33.8,50.48,無特殊徵兆,➖ 中性/偏空,✅ 趨勢追蹤中，尚未觸發佈局點,-0.74,-5.92,-5.62,True,0.89,-6.36,-5.33,True,0.89,-6.36,-3.85,True,0.89,-15.24,-10.8,True
2026-06-25,2637.TW,慧洋,75.9,53.21,無特殊徵兆,➖ 中性/偏空,✅ 趨勢追蹤中，尚未觸發佈局點,0.0,-5.67,-5.53,True,17.0,-6.59,12.91,True,37.02,-6.59,34.39,True,,,,False
2026-06-25,9933.TW,中鼎,43.6,62.19,無特殊徵兆,➖ 中性/偏空,✅ 趨勢追蹤中，尚未觸發佈局點,-0.34,-5.05,-3.78,True,,,,False,,,,False,,,,False
2026-06-25,2887.TW,台新金,32.15,72.31,無特殊徵兆,➖ 中性/偏空,✅ 趨勢追蹤中，尚未觸發佈局點,-3.84,-6.38,-4.58,True,2.0,-6.38,-1.29,True,11.12,-6.38,10.22,True,12.92,-6.38,7.31,True
2026-06-25,3037.TW,欣興,958.0,52.46,無特殊徵兆,➖ 中性/偏空,✅ 趨勢追蹤中，尚未觸發佈局點,13.55,0.42,1.57,False,16.15,-1.04,1.98,False,16.15,-12.73,-8.66,True,16.15,-22.03,-6.47,True
2026-06-25,3163.TWO,波若威,845.0,39.58,無特殊徵兆,➖ 中性/偏空,✅ 趨勢追蹤中，尚未觸發佈局點,-20.15,-27.68,-27.68,True,-17.54,-30.7,-22.16,True,-13.22,-30.7,-25.07,True,-13.22,-41.04,-23.57,True
2026-06-25,3324.TWO,雙鴻,1055.0,49.9,無特殊徵兆,➖ 中性/偏空,✅ 趨勢追蹤中，尚未觸發佈局點,-4.74,-8.25,-8.06,True,-1.42,-8.25,-1.42,True,-1.42,-14.31,-12.8,True,-1.42,-22.37,-12.51,True
2026-06-25,3714.TW,富采,72.0,55.63,無特殊徵兆,➖ 中性/偏空,✅ 趨勢追蹤中，尚未觸發佈局點,-7.74,-15.82,-15.68,True,-7.74,-16.09,-13.75,True,-5.69,-16.25,-11.53,True,-5.69,-31.32,-25.42,True
2026-06-25,4904.TW,遠傳,106.0,57.62,無特殊徵兆,➖ 中性/偏空,✅ 趨勢追蹤中，尚未觸發佈局點,2.36,0.0,0.94,False,2.36,-2.83,-2.83,False,,,,False,,,,False
2026-06-25,6239.TW,力成,358.5,59.31,無特殊徵兆,➖ 中性/偏空,✅ 趨勢追蹤中，尚未觸發佈局點,-7.54,-15.47,-14.1,True,-5.62,-16.98,-8.77,True,-1.52,-16.98,-12.46,True,-1.52,-27.78,-19.58,True
2026-06-25,6269.TW,台郡,80.3,59.8,無特殊徵兆,➖ 中性/偏空,✅ 趨勢追蹤中，尚未觸發佈局點,-1.99,-10.83,-10.83,True,-1.99,-20.92,-18.18,True,-1.99,-22.67,-22.17,True,-1.99,-35.49,-30.64,True
2026-06-25,6415.TW,矽力-KY,615.0,57.48,無特殊徵兆,➖ 中性/偏空,✅ 趨勢追蹤中，尚未觸發佈局點,0.16,-9.92,-6.99,True,1.46,-9.92,1.46,True,4.88,-15.12,-14.96,True,4.88,-32.6,-22.85,True
2026-06-25,8150.TW,南茂,107.5,58.85,無特殊徵兆,➖ 中性/偏空,✅ 趨勢追蹤中，尚未觸發佈局點,-3.56,-12.1,-10.45,True,4.65,-15.91,0.93,True,10.23,-15.91,8.84,True,16.28,-15.91,-8.65,True
2026-06-25,9933.TW,中鼎,43.1,60.31,無特殊徵兆,➖ 中性/偏空,✅ 趨勢追蹤中，尚未觸發佈局點,0.81,-3.94,-2.67,False,,,,False,,,,False,,,,False
2026-06-25,2883.TW,凱基金,30.0,70.46,無特殊徵兆,➖ 中性/偏空,✅ 趨勢追蹤中，尚未觸發佈局點,-0.96,-3.86,-3.69,False,-0.8,-7.5,-7.0,True,4.0,-8.0,0.17,True,4.33,-8.0,2.83,True
2026-06-25,9939.TW,宏全,129.0,53.63,無特殊徵兆,➖ 中性/偏空,✅ 趨勢追蹤中，尚未觸發佈局點,0.0,-2.71,0.0,False,,,,False,,,,False,,,,False
2026-06-25,2409.TW,2409,30.85,67.62,無特殊徵兆,➖ 中性/偏空,✅ 趨勢追蹤中，尚未觸發佈局點,-3.92,-10.93,-10.93,True,9.78,-12.05,-2.81,True,9.78,-12.05,0.22,True,9.78,-21.77,-16.35,True
2026-06-25,2610.TW,2610,24.3,82.4,無特殊徵兆,➖ 中性/偏空,✅ 趨勢追蹤中，尚未觸發佈局點,-0.21,-4.94,-4.53,False,-0.21,-8.23,-5.97,True,-0.21,-18.31,-16.67,True,,,,False
2026-06-25,3017.TW,3017,2570.0,54.41,無特殊徵兆,➖ 中性/偏空,✅ 趨勢追蹤中，尚未觸發佈局點,-4.26,-12.77,-12.77,True,6.18,-14.13,5.99,True,7.92,-14.13,-9.1,True,7.92,-22.06,-5.62,True
2026-06-25,2610.TW,2610,24.3,82.4,無特殊徵兆,➖ 中性/偏空,✅ 趨勢追蹤中，尚未觸發佈局點,-0.21,-4.94,-4.53,False,-0.21,-8.23,-5.97,True,-0.21,-18.31,-16.67,True,,,,False
2026-06-25,0050.TW,元大台灣50,107.4,60.03,庫存動態防禦,➖ 中性/偏空,🛡️【洗盤耐受區】嚴禁攤平加碼，死守底線 (102.17)！,-2.04,-4.86,-4.58,False,1.76,-4.86,0.69,False,1.76,-4.86,-2.09,False,1.76,-9.03,-3.26,True
2026-06-25,1476.TW,儒鴻,325.5,49.53,無特殊徵兆,➖ 中性/偏空,✅ 趨勢追蹤中，尚未觸發佈局點,-1.23,-3.84,-3.07,False,0.15,-4.61,-3.23,False,,,,False,,,,False
2026-06-25,1513.TW,中興電,184.0,66.59,無特殊徵兆,➖ 中性/偏空,✅ 趨勢追蹤中，尚未觸發佈局點,-3.76,-7.96,-7.96,True,-3.76,-8.22,-7.43,True,-3.76,-10.05,-8.42,True,-3.76,-16.3,-13.04,True
2026-06-25,1536.TW,和大,48.6,44.36,無特殊徵兆,➖ 中性/偏空,✅ 趨勢追蹤中，尚未觸發佈局點,-0.93,-3.29,-3.09,False,5.76,-3.29,4.73,False,13.17,-3.29,13.17,False,17.7,-3.29,6.17,False
2026-06-25,1605.TW,華新,38.5,53.68,無特殊徵兆,➖ 中性/偏空,✅ 趨勢追蹤中，尚未觸發佈局點,-2.34,-8.18,-8.05,True,-1.69,-9.35,-7.66,True,-1.04,-11.43,-10.65,True,-1.04,-19.22,-12.6,True
2026-06-25,2886.TW,兆豐金,44.95,67.35,無特殊徵兆,➖ 中性/偏空,✅ 趨勢追蹤中，尚未觸發佈局點,-0.48,-2.31,-1.02,False,1.66,-4.02,-1.34,False,1.66,-4.02,0.16,False,5.2,-4.02,3.27,False
2026-06-25,2606.TW,裕民,61.6,42.65,無特殊徵兆,➖ 中性/偏空,✅ 趨勢追蹤中，尚未觸發佈局點,0.32,-4.06,-3.25,False,0.32,-4.06,-2.6,False,,,,False,,,,False
2026-06-25,2606.TW,裕民,62.0,44.29,無特殊徵兆,➖ 中性/偏空,✅ 趨勢追蹤中，尚未觸發佈局點,-0.32,-4.68,-3.87,False,-0.32,-4.68,-3.23,False,,,,False,,,,False
2026-06-25,0050.TW,元大台灣50,110.1,67.15,庫存動態防禦,➖ 中性/偏空,🛡️【洗盤耐受區】嚴禁攤平加碼，死守底線 (104.49)！,-4.44,-7.2,-6.92,True,-0.74,-7.2,-1.78,True,-0.74,-7.2,-4.49,True,-0.74,-11.26,-5.63,True
2026-06-25,1301.TW,台塑,56.3,67.0,無特殊徵兆,➖ 中性/偏空,✅ 趨勢追蹤中，尚未觸發佈局點,1.17,-8.15,-8.15,True,6.04,-8.33,6.04,True,13.68,-8.33,-2.66,True,23.98,-8.33,17.58,True
2026-06-25,1476.TW,儒鴻,322.5,47.41,無特殊徵兆,➖ 中性/偏空,✅ 趨勢追蹤中，尚未觸發佈局點,-0.31,-2.95,-2.17,False,1.09,-3.72,-2.33,False,,,,False,,,,False
2026-06-25,1513.TW,中興電,184.0,66.59,無特殊徵兆,➖ 中性/偏空,✅ 趨勢追蹤中，尚未觸發佈局點,-3.76,-7.96,-7.96,True,-3.76,-8.22,-7.43,True,-3.76,-10.05,-8.42,True,-3.76,-16.3,-13.04,True
2026-06-25,1536.TW,和大,49.15,46.38,無特殊徵兆,➖ 中性/偏空,✅ 趨勢追蹤中，尚未觸發佈局點,-2.03,-4.37,-4.17,False,4.58,-4.37,3.56,False,11.9,-4.37,11.9,False,16.38,-4.37,4.98,False
2026-06-25,1605.TW,華新,39.25,55.54,無特殊徵兆,➖ 中性/偏空,✅ 趨勢追蹤中，尚未觸發佈局點,-4.2,-9.94,-9.81,True,-3.57,-11.08,-9.43,True,-2.93,-13.12,-12.36,True,-2.93,-20.76,-14.27,True
2026-06-25,1609.TW,大亞,37.5,53.88,無特殊徵兆,➖ 中性/偏空,✅ 趨勢追蹤中，尚未觸發佈局點,-2.13,-5.87,-5.87,True,6.67,-5.87,1.73,True,18.0,-5.87,4.27,True,18.0,-5.87,0.8,True
2026-06-25,1795.TW,美時,193.0,43.58,無特殊徵兆,➖ 中性/偏空,✅ 趨勢追蹤中，尚未觸發佈局點,-2.33,-5.18,-5.18,True,2.07,-5.18,-0.52,True,4.66,-6.74,-4.92,True,,,,False
2026-06-25,2637.TW,慧洋,75.8,52.87,無特殊徵兆,➖ 中性/偏空,✅ 趨勢追蹤中，尚未觸發佈局點,0.13,-5.54,-5.41,True,17.15,-6.46,13.06,True,37.2,-6.46,34.56,True,,,,False
2026-06-25,1802.TW,台玻,73.0,56.37,無特殊徵兆,➖ 中性/偏空,✅ 趨勢追蹤中，尚未觸發佈局點,-1.51,-10.41,-9.59,True,5.89,-10.96,-3.56,True,,,,False,,,,False
2026-06-25,2324.TW,仁寶,38.35,56.39,無特殊徵兆,➖ 中性/偏空,✅ 趨勢追蹤中，尚未觸發佈局點,-4.95,-9.78,-9.26,True,-4.95,-11.34,-9.26,True,-1.83,-11.34,-4.56,True,-0.39,-12.13,-4.17,True
2026-06-25,2330.TW,台積電,2420.0,57.76,無特殊徵兆,➖ 中性/偏空,✅ 趨勢追蹤中，尚未觸發佈局點,-2.07,-3.93,-3.31,False,3.51,-3.93,1.86,False,3.51,-3.93,-0.21,False,3.51,-5.37,-0.62,True
2026-06-25,2352.TW,佳士達,30.75,55.55,無特殊徵兆,➖ 中性/偏空,✅ 趨勢追蹤中，尚未觸發佈局點,-3.13,-8.01,-7.85,True,9.29,-8.01,0.33,True,14.17,-8.01,3.79,True,14.17,-8.16,-2.11,True
2026-06-25,2353.TW,宏碁,34.55,52.96,無特殊徵兆,➖ 中性/偏空,✅ 趨勢追蹤中，尚未觸發佈局點,-2.89,-7.96,-7.67,True,-1.3,-8.39,-7.38,True,-1.3,-8.39,-5.93,True,-1.3,-17.08,-12.74,True
2026-06-25,2356.TW,英業達,67.1,53.88,無特殊徵兆,➖ 中性/偏空,✅ 趨勢追蹤中，尚未觸發佈局點,-4.29,-8.91,-8.63,True,-0.11,-8.91,-3.0,True,5.09,-8.91,0.76,True,5.09,-15.2,-6.11,True
2026-06-25,2371.TW,大同,27.95,42.0,無特殊徵兆,➖ 中性/偏空,✅ 趨勢追蹤中，尚未觸發佈局點,-2.15,-6.26,-6.26,True,-1.43,-6.26,-1.79,True,2.86,-6.26,-0.89,True,2.86,-8.94,-5.72,True
2026-06-25,2377.TW,微星,135.0,55.55,無特殊徵兆,➖ 中性/偏空,✅ 趨勢追蹤中，尚未觸發佈局點,-2.51,-5.39,-5.39,True,5.77,-5.39,2.89,True,6.13,-5.39,4.33,True,13.68,-5.39,9.36,True
2026-06-25,2379.TW,瑞昱,819.0,65.39,無特殊徵兆,➖ 中性/偏空,✅ 趨勢追蹤中，尚未觸發佈局點,-3.91,-10.13,-9.65,True,5.25,-10.13,-0.98,True,5.25,-10.13,2.56,True,5.25,-15.87,-9.04,True
2026-06-25,2382.TW,廣達,374.0,56.39,無特殊徵兆,➖ 中性/偏空,✅ 趨勢追蹤中，尚未觸發佈局點,-4.61,-8.45,-7.17,True,-3.45,-8.45,-5.38,True,0.78,-8.45,-4.22,True,0.78,-17.38,-10.16,True
2026-06-25,2409.TW,友達,30.85,67.62,無特殊徵兆,➖ 中性/偏空,✅ 趨勢追蹤中，尚未觸發佈局點,-3.92,-10.93,-10.93,True,9.78,-12.05,-2.81,True,9.78,-12.05,0.22,True,9.78,-21.77,-16.35,True
2026-06-25,2449.TW,京元電子,344.0,62.84,無特殊徵兆,➖ 中性/偏空,✅ 趨勢追蹤中，尚未觸發佈局點,-3.61,-15.47,-15.05,True,-3.61,-16.16,-4.16,True,1.36,-16.98,-14.92,True,1.36,-28.71,-21.12,True
2026-06-25,2454.TW,聯發科,4425.0,57.25,無特殊徵兆,➖ 中性/偏空,✅ 趨勢追蹤中，尚未觸發佈局點,-5.99,-12.84,-12.84,True,-1.6,-14.07,-2.39,True,-1.6,-14.07,-11.3,True,-1.6,-26.78,-12.43,True
2026-06-25,2317.TW,鴻海,260.5,48.09,無特殊徵兆,➖ 中性/偏空,✅ 趨勢追蹤中，尚未觸發佈局點,-4.76,-7.55,-7.37,True,-4.76,-8.64,-8.25,True,-4.76,-10.17,-8.83,True,-0.38,-11.71,-1.15,True
2026-06-25,1609.TW,大亞,37.15,52.27,無特殊徵兆,➖ 中性/偏空,✅ 趨勢追蹤中，尚未觸發佈局點,-1.21,-4.98,-4.98,False,7.67,-4.98,2.69,False,19.11,-4.98,5.25,False,19.11,-4.98,1.75,False
2026-06-25,3231.TW,緯創,159.5,51.88,無特殊徵兆,➖ 中性/偏空,✅ 趨勢追蹤中，尚未觸發佈局點,-3.84,-7.47,-7.47,True,-2.03,-7.47,-4.14,True,-2.03,-9.4,-9.4,True,12.54,-12.85,8.78,True
2026-06-25,1802.TW,台玻,71.0,53.93,無特殊徵兆,➖ 中性/偏空,✅ 趨勢追蹤中，尚未觸發佈局點,1.27,-7.89,-7.04,True,8.87,-8.45,-0.85,True,,,,False,,,,False
2026-06-25,2409.TW,2409,29.9,64.67,無特殊徵兆,➖ 中性/偏空,✅ 趨勢追蹤中，尚未觸發佈局點,-0.87,-8.1,-8.1,True,13.27,-9.25,0.28,True,13.27,-9.25,3.4,True,13.27,-19.28,-13.69,True
2026-06-25,0050.TW,元大台灣50,107.0,59.1,庫存動態防禦,➖ 中性/偏空,🛡️【洗盤耐受區】嚴禁攤平加碼，死守底線 (101.68)！,-1.67,-4.51,-4.23,False,2.14,-4.51,1.07,False,2.14,-4.51,-1.72,False,2.14,-8.69,-2.9,True
2026-06-25,1301.TW,台塑,58.7,70.12,無特殊徵兆,➖ 中性/偏空,✅ 趨勢追蹤中，尚未觸發佈局點,-2.96,-11.91,-11.91,True,1.7,-12.08,1.7,True,9.03,-12.08,-6.64,True,18.91,-12.08,12.78,True
2026-06-25,1326.TW,台化,61.1,69.34,無特殊徵兆,➖ 中性/偏空,✅ 趨勢追蹤中，尚未觸發佈局點,-4.58,-11.95,-11.29,True,1.31,-13.09,1.31,True,19.48,-13.09,-1.8,True,27.0,-13.09,17.35,True
2026-06-25,1476.TW,儒鴻,323.5,48.14,無特殊徵兆,➖ 中性/偏空,✅ 趨勢追蹤中，尚未觸發佈局點,-0.62,-3.25,-2.47,False,0.77,-4.02,-2.63,False,,,,False,,,,False
2026-06-25,1513.TW,中興電,184.0,66.59,無特殊徵兆,➖ 中性/偏空,✅ 趨勢追蹤中，尚未觸發佈局點,-3.76,-7.96,-7.96,True,-3.76,-8.22,-7.43,True,-3.76,-10.05,-8.42,True,-3.76,-16.3,-13.04,True
2026-06-25,1536.TW,和大,48.05,42.73,無特殊徵兆,➖ 中性/偏空,✅ 趨勢追蹤中，尚未觸發佈局點,0.21,-2.19,-1.98,False,6.97,-2.19,5.93,False,14.46,-2.19,14.46,False,19.04,-2.19,7.39,False
2026-06-25,1605.TW,華新,38.1,52.6,無特殊徵兆,➖ 中性/偏空,✅ 趨勢追蹤中，尚未觸發佈局點,-1.31,-7.22,-7.09,True,-0.66,-8.4,-6.69,True,-0.0,-10.5,-9.71,True,-0.0,-18.37,-11.68,True
2026-06-25,1609.TW,大亞,36.95,51.36,無特殊徵兆,➖ 中性/偏空,✅ 趨勢追蹤中，尚未觸發佈局點,-0.68,-4.47,-4.47,False,8.25,-4.47,3.25,False,19.76,-4.47,5.82,False,19.76,-4.47,2.3,False
2026-06-25,1795.TW,美時,189.5,40.22,無特殊徵兆,➖ 中性/偏空,✅ 趨勢追蹤中，尚未觸發佈局點,-0.53,-3.43,-3.43,False,3.96,-3.43,1.32,False,6.6,-5.01,-3.17,True,,,,False
2026-06-25,1802.TW,台玻,70.7,53.54,無特殊徵兆,➖ 中性/偏空,✅ 趨勢追蹤中，尚未觸發佈局點,1.7,-7.5,-6.65,True,9.34,-8.06,-0.42,True,,,,False,,,,False
2026-06-25,2317.TW,鴻海,259.0,47.13,無特殊徵兆,➖ 中性/偏空,✅ 趨勢追蹤中，尚未觸發佈局點,-4.2,-7.02,-6.83,True,-4.2,-8.11,-7.72,True,-4.2,-9.65,-8.3,True,0.19,-11.2,-0.58,True
2026-06-25,2324.TW,仁寶,37.2,52.7,無特殊徵兆,➖ 中性/偏空,✅ 趨勢追蹤中，尚未觸發佈局點,-2.02,-6.99,-6.45,True,-2.02,-8.6,-6.45,True,1.21,-8.6,-1.61,True,2.69,-9.41,-1.21,True
2026-06-25,2330.TW,台積電,2405.0,56.62,無特殊徵兆,➖ 中性/偏空,✅ 趨勢追蹤中，尚未觸發佈局點,-1.46,-3.33,-2.7,False,4.16,-3.33,2.49,False,4.16,-3.33,0.42,False,4.16,-4.78,0.0,False
2026-06-25,2352.TW,佳士達,30.55,54.54,無特殊徵兆,➖ 中性/偏空,✅ 趨勢追蹤中，尚未觸發佈局點,-2.5,-7.4,-7.25,True,10.01,-7.4,0.98,True,14.91,-7.4,4.47,True,14.91,-7.56,-1.47,True
2026-06-25,2353.TW,宏碁,33.9,50.81,無特殊徵兆,➖ 中性/偏空,✅ 趨勢追蹤中，尚未觸發佈局點,-1.03,-6.19,-5.9,True,0.59,-6.64,-5.6,True,0.59,-6.64,-4.13,True,0.59,-15.49,-11.06,True
2026-06-25,2356.TW,英業達,66.7,53.16,無特殊徵兆,➖ 中性/偏空,✅ 趨勢追蹤中，尚未觸發佈局點,-3.72,-8.37,-8.08,True,0.49,-8.37,-2.41,True,5.72,-8.37,1.36,True,5.72,-14.69,-5.55,True
2026-06-25,2371.TW,大同,27.4,37.31,無特殊徵兆,➖ 中性/偏空,✅ 趨勢追蹤中，尚未觸發佈局點,-0.18,-4.38,-4.38,False,0.55,-4.38,0.18,False,4.93,-4.38,1.09,False,4.93,-7.12,-3.83,True
2026-06-25,2377.TW,微星,134.5,55.06,無特殊徵兆,➖ 中性/偏空,✅ 趨勢追蹤中，尚未觸發佈局點,-2.14,-5.03,-5.03,True,6.16,-5.03,3.27,True,6.52,-5.03,4.72,True,14.1,-5.03,9.77,True
2026-06-25,1795.TW,美時,192.0,42.56,無特殊徵兆,➖ 中性/偏空,✅ 趨勢追蹤中，尚未觸發佈局點,-1.82,-4.69,-4.69,False,2.6,-4.69,0.0,False,5.21,-6.25,-4.43,True,,,,False
2026-06-25,2382.TW,廣達,368.0,53.49,無特殊徵兆,➖ 中性/偏空,✅ 趨勢追蹤中，尚未觸發佈局點,-3.05,-6.96,-5.66,True,-1.88,-6.96,-3.83,True,2.42,-6.96,-2.66,True,2.42,-16.03,-8.7,True
2026-06-25,2409.TW,友達,29.85,64.48,無特殊徵兆,➖ 中性/偏空,✅ 趨勢追蹤中，尚未觸發佈局點,-0.7,-7.95,-7.95,True,13.46,-9.1,0.45,True,13.46,-9.1,3.58,True,13.46,-19.15,-13.55,True
2026-06-25,2449.TW,京元電子,336.0,60.82,無特殊徵兆,➖ 中性/偏空,✅ 趨勢追蹤中，尚未觸發佈局點,-1.31,-13.45,-13.03,True,-1.31,-14.16,-1.88,True,3.77,-15.01,-12.89,True,3.77,-27.01,-19.24,True
2026-06-25,2454.TW,聯發科,4315.0,54.98,無特殊徵兆,➖ 中性/偏空,✅ 趨勢追蹤中，尚未觸發佈局點,-3.59,-10.62,-10.62,True,0.9,-11.88,0.1,True,0.9,-11.88,-9.04,True,0.9,-24.91,-10.2,True
2026-06-25,2379.TW,瑞昱,827.0,65.98,無特殊徵兆,➖ 中性/偏空,✅ 趨勢追蹤中，尚未觸發佈局點,-4.84,-11.0,-10.52,True,4.23,-11.0,-1.93,True,4.23,-11.0,1.57,True,4.23,-16.69,-9.92,True
2026-06-25,9933.TW,中鼎,43.5,61.82,無特殊徵兆,➖ 中性/偏空,✅ 趨勢追蹤中，尚未觸發佈局點,-0.11,-4.83,-3.56,False,,,,False,,,,False,,,,False
2026-06-25,9939.TW,宏全,129.5,54.78,無特殊徵兆,➖ 中性/偏空,✅ 趨勢追蹤中，尚未觸發佈局點,-0.39,-3.09,-0.39,False,,,,False,,,,False,,,,False
2026-06-25,2317.TW,鴻海,261.5,48.72,無特殊徵兆,➖ 中性/偏空,✅ 趨勢追蹤中，尚未觸發佈局點,-5.12,-7.91,-7.72,True,-5.12,-8.99,-8.6,True,-5.12,-10.52,-9.18,True,-0.76,-12.05,-1.53,True
2026-06-25,2324.TW,仁寶,37.5,53.71,無特殊徵兆,➖ 中性/偏空,✅ 趨勢追蹤中，尚未觸發佈局點,-2.8,-7.73,-7.2,True,-2.8,-9.33,-7.2,True,0.4,-9.33,-2.4,True,1.87,-10.13,-2.0,True
2026-06-25,2330.TW,台積電,2410.0,57.01,無特殊徵兆,➖ 中性/偏空,✅ 趨勢追蹤中，尚未觸發佈局點,-1.66,-3.53,-2.9,False,3.94,-3.53,2.28,False,3.94,-3.53,0.21,False,3.94,-4.98,-0.21,False
2026-06-25,2353.TW,宏碁,34.25,52.01,無特殊徵兆,➖ 中性/偏空,✅ 趨勢追蹤中，尚未觸發佈局點,-2.04,-7.15,-6.86,True,-0.44,-7.59,-6.57,True,-0.44,-7.59,-5.11,True,-0.44,-16.35,-11.97,True
2026-06-25,2356.TW,英業達,67.0,53.7,無特殊徵兆,➖ 中性/偏空,✅ 趨勢追蹤中，尚未觸發佈局點,-4.15,-8.78,-8.49,True,0.04,-8.78,-2.85,True,5.25,-8.78,0.91,True,5.25,-15.07,-5.97,True
2026-06-25,2371.TW,大同,27.55,38.23,無特殊徵兆,➖ 中性/偏空,✅ 趨勢追蹤中，尚未觸發佈局點,-0.73,-4.9,-4.9,False,-0.0,-4.9,-0.36,False,4.36,-4.9,0.54,False,4.36,-7.62,-4.36,True
2026-06-25,2377.TW,微星,134.0,54.56,無特殊徵兆,➖ 中性/偏空,✅ 趨勢追蹤中，尚未觸發佈局點,-1.78,-4.68,-4.68,False,6.56,-4.68,3.66,False,6.92,-4.68,5.11,False,14.53,-4.68,10.18,False
2026-06-25,2379.TW,瑞昱,807.0,64.47,無特殊徵兆,➖ 中性/偏空,✅ 趨勢追蹤中，尚未觸發佈局點,-2.48,-8.8,-8.3,True,6.82,-8.8,0.5,True,6.82,-8.8,4.09,True,6.82,-14.62,-7.68,True
2026-06-25,2382.TW,廣達,368.0,53.49,無特殊徵兆,➖ 中性/偏空,✅ 趨勢追蹤中，尚未觸發佈局點,-3.05,-6.96,-5.66,True,-1.88,-6.96,-3.83,True,2.42,-6.96,-2.66,True,2.42,-16.03,-8.7,True
2026-06-25,2409.TW,友達,29.9,64.67,無特殊徵兆,➖ 中性/偏空,✅ 趨勢追蹤中，尚未觸發佈局點,-0.87,-8.1,-8.1,True,13.27,-9.25,0.28,True,13.27,-9.25,3.4,True,13.27,-19.28,-13.69,True
2026-06-25,2449.TW,京元電子,335.5,60.69,無特殊徵兆,➖ 中性/偏空,✅ 趨勢追蹤中，尚未觸發佈局點,-1.17,-13.33,-12.9,True,-1.17,-14.03,-1.73,True,3.93,-14.88,-12.76,True,3.93,-26.9,-19.12,True
2026-06-25,2454.TW,聯發科,4330.0,55.31,無特殊徵兆,➖ 中性/偏空,✅ 趨勢追蹤中，尚未觸發佈局點,-3.92,-10.92,-10.92,True,0.55,-12.19,-0.25,True,0.55,-12.19,-9.35,True,0.55,-25.17,-10.51,True
2026-06-25,2352.TW,佳士達,30.75,55.55,無特殊徵兆,➖ 中性/偏空,✅ 趨勢追蹤中，尚未觸發佈局點,-3.13,-8.01,-7.85,True,9.29,-8.01,0.33,True,14.17,-8.01,3.79,True,14.17,-8.16,-2.11,True
2026-06-25,2637.TW,慧洋,75.9,53.21,無特殊徵兆,➖ 中性/偏空,✅ 趨勢追蹤中，尚未觸發佈局點,0.0,-5.67,-5.53,True,17.0,-6.59,12.91,True,37.02,-6.59,34.39,True,,,,False
2026-06-25,2606.TW,裕民,61.9,43.89,無特殊徵兆,➖ 中性/偏空,✅ 趨勢追蹤中，尚未觸發佈局點,-0.16,-4.52,-3.72,False,-0.16,-4.52,-3.07,False,,,,False,,,,False
2026-06-25,6269.TW,台郡,77.7,56.86,無特殊徵兆,➖ 中性/偏空,✅ 趨勢追蹤中，尚未觸發佈局點,1.29,-7.85,-7.85,True,1.29,-18.28,-15.44,True,1.29,-20.08,-19.56,True,1.29,-33.33,-28.31,True
2026-06-25,6239.TW,力成,337.0,54.47,無特殊徵兆,➖ 中性/偏空,✅ 趨勢追蹤中，尚未觸發佈局點,-1.64,-10.08,-8.62,True,0.4,-11.68,-2.95,True,4.76,-11.68,-6.88,True,4.76,-23.17,-14.44,True
2026-06-25,4904.TW,遠傳,106.5,59.37,無特殊徵兆,➖ 中性/偏空,✅ 趨勢追蹤中，尚未觸發佈局點,1.88,-0.47,0.47,False,1.88,-3.29,-3.29,False,,,,False,,,,False
2026-06-25,3231.TW,緯創,157.5,50.22,無特殊徵兆,➖ 中性/偏空,✅ 趨勢追蹤中，尚未觸發佈局點,-2.62,-6.29,-6.29,True,-0.78,-6.29,-2.92,True,-0.78,-8.25,-8.25,True,13.97,-11.75,10.16,True
2026-06-25,6415.TW,矽力-KY,640.0,60.0,無特殊徵兆,➖ 中性/偏空,✅ 趨勢追蹤中，尚未觸發佈局點,-3.75,-13.44,-10.62,True,-2.5,-13.44,-2.5,True,0.78,-18.44,-18.28,True,0.78,-35.23,-25.86,True
2026-06-25,3037.TW,欣興,1015.0,57.36,無特殊徵兆,➖ 中性/偏空,✅ 趨勢追蹤中，尚未觸發佈局點,7.17,-5.22,-4.14,True,9.63,-6.6,-3.74,True,9.63,-17.64,-13.79,True,9.63,-26.4,-11.72,True
2026-06-25,2887.TW,台新金,32.2,72.48,無特殊徵兆,➖ 中性/偏空,✅ 趨勢追蹤中，尚未觸發佈局點,-3.98,-6.52,-4.73,True,1.84,-6.52,-1.45,True,10.95,-6.52,10.05,True,12.74,-6.52,7.14,True
2026-06-25,2883.TW,凱基金,30.35,71.67,無特殊徵兆,➖ 中性/偏空,✅ 趨勢追蹤中，尚未觸發佈局點,-2.1,-4.96,-4.81,False,-1.94,-8.57,-8.07,True,2.8,-9.06,-0.99,True,3.13,-9.06,1.65,True
2026-06-25,2886.TW,兆豐金,45.5,69.85,無特殊徵兆,➖ 中性/偏空,✅ 趨勢追蹤中，尚未觸發佈局點,-1.69,-3.49,-2.22,False,0.43,-5.18,-2.53,True,0.43,-5.18,-1.05,True,3.93,-5.18,2.02,True
2026-06-25,3163.TWO,波若威,836.0,38.67,無特殊徵兆,➖ 中性/偏空,✅ 趨勢追蹤中，尚未觸發佈局點,-19.29,-26.91,-26.91,True,-16.65,-29.95,-21.32,True,-12.29,-29.95,-24.27,True,-12.29,-40.41,-22.74,True
2026-06-26,2377.TW,微星,134.5,55.14,無特殊徵兆,➖ 中性/偏空,✅ 趨勢追蹤中，尚未觸發佈局點,1.83,-3.59,0.38,False,6.16,-3.59,3.27,False,6.52,-3.59,4.72,False,14.1,-5.03,5.8,True
2026-06-26,2382.TW,廣達,360.0,49.59,無特殊徵兆,➖ 中性/偏空,✅ 趨勢追蹤中，尚未觸發佈局點,-0.9,-3.3,-2.23,False,0.7,-3.3,0.43,False,4.7,-3.3,-0.5,False,4.7,-14.17,-8.89,True
2026-06-26,2409.TW,友達,29.55,63.17,無特殊徵兆,➖ 中性/偏空,✅ 趨勢追蹤中，尚未觸發佈局點,2.13,-8.18,1.8,True,14.61,-8.18,-0.19,True,14.61,-8.18,4.63,True,14.61,-18.33,-15.17,True
2026-06-26,2449.TW,京元電子,339.5,61.83,無特殊徵兆,➖ 中性/偏空,✅ 趨勢追蹤中，尚未觸發佈局點,-11.69,-15.04,-13.79,True,-2.89,-15.04,-6.38,True,2.7,-15.88,-13.79,True,2.7,-27.76,-24.27,True
2026-06-26,2606.TW,裕民,60.6,39.63,無特殊徵兆,➖ 中性/偏空,✅ 趨勢追蹤中，尚未觸發佈局點,-0.33,-1.82,-0.83,False,2.64,-2.31,1.98,False,,,,False,,,,False
2026-06-26,2886.TW,兆豐金,46.0,68.27,無特殊徵兆,➖ 中性/偏空,✅ 趨勢追蹤中，尚未觸發佈局點,-0.66,-3.28,-3.17,False,-0.66,-6.21,-4.64,True,-0.66,-6.21,-2.13,True,2.8,-6.21,1.54,True
2026-06-26,2883.TW,凱基金,30.55,72.34,無特殊徵兆,➖ 中性/偏空,✅ 趨勢追蹤中，尚未觸發佈局點,-2.58,-6.54,-6.22,True,-2.58,-9.66,-6.87,True,2.13,-9.66,-1.64,True,2.45,-9.66,0.33,True
2026-06-26,3037.TW,欣興,1045.0,59.69,無特殊徵兆,➖ 中性/偏空,✅ 趨勢追蹤中，尚未觸發佈局點,-3.55,-9.28,-6.79,True,6.48,-11.57,-7.46,True,6.48,-20.0,-16.27,True,6.48,-28.52,-19.71,True
2026-06-26,2887.TW,台新金,31.9,71.45,無特殊徵兆,➖ 中性/偏空,✅ 趨勢追蹤中，尚未觸發佈局點,0.39,-3.23,-0.52,False,5.21,-3.23,2.95,False,11.99,-3.23,11.09,False,13.8,-3.23,7.05,False
2026-06-26,1609.TW,大亞,36.25,48.26,無特殊徵兆,➖ 中性/偏空,✅ 趨勢追蹤中，尚未觸發佈局點,2.62,-1.93,1.66,False,11.59,-1.93,9.79,False,22.07,-1.93,7.86,False,22.07,-1.93,1.66,False
2026-06-26,2352.TW,佳士達,30.6,54.77,無特殊徵兆,➖ 中性/偏空,✅ 趨勢追蹤中，尚未觸發佈局點,1.77,-6.45,-2.03,True,9.83,-6.45,1.77,True,14.73,-6.45,4.3,True,14.73,-7.71,-4.58,True
2026-06-26,2324.TW,仁寶,35.45,47.23,無特殊徵兆,➖ 中性/偏空,✅ 趨勢追蹤中，尚未觸發佈局點,-1.13,-3.95,-3.53,False,2.4,-4.09,-1.41,False,6.21,-4.09,3.24,False,7.76,-4.94,4.94,False
2026-06-26,2317.TW,鴻海,253.0,43.45,無特殊徵兆,➖ 中性/偏空,✅ 趨勢追蹤中，尚未觸發佈局點,-3.28,-5.58,-5.39,True,-1.93,-6.72,-4.94,True,-1.93,-7.51,-6.13,True,2.57,-9.09,-0.2,True
2026-06-26,1802.TW,台玻,69.1,51.25,無特殊徵兆,➖ 中性/偏空,✅ 趨勢追蹤中，尚未觸發佈局點,-0.0,-5.93,-1.59,True,11.87,-5.93,-0.43,True,,,,False,,,,False
2026-06-26,1605.TW,華新,36.8,48.8,無特殊徵兆,➖ 中性/偏空,✅ 趨勢追蹤中，尚未觸發佈局點,-1.9,-4.62,-3.8,False,2.85,-5.16,-1.49,True,3.53,-7.34,-6.52,True,3.53,-15.49,-10.73,True
2026-06-26,1536.TW,和大,47.55,41.25,無特殊徵兆,➖ 中性/偏空,✅ 趨勢追蹤中，尚未觸發佈局點,1.37,-0.95,0.11,False,12.51,-0.95,9.78,False,15.67,-0.95,15.67,False,20.29,-0.95,7.05,False
2026-06-26,1513.TW,中興電,180.0,60.55,無特殊徵兆,➖ 中性/偏空,✅ 趨勢追蹤中，尚未觸發佈局點,-3.23,-6.18,-5.91,True,-3.23,-6.18,-5.37,True,-2.43,-8.06,-6.39,True,-2.43,-14.44,-12.22,True
2026-06-26,1476.TW,儒鴻,314.0,41.8,無特殊徵兆,➖ 中性/偏空,✅ 趨勢追蹤中，尚未觸發佈局點,3.82,0.8,3.66,False,3.82,-1.11,3.03,False,,,,False,,,,False
2026-06-26,1301.TW,台塑,54.3,59.64,無特殊徵兆,➖ 中性/偏空,✅ 趨勢追蹤中，尚未觸發佈局點,-2.4,-4.95,-2.95,False,17.86,-4.95,14.36,False,17.86,-4.95,0.92,False,28.55,-4.95,15.47,False
2026-06-26,3231.TW,緯創,156.0,48.81,無特殊徵兆,➖ 中性/偏空,✅ 趨勢追蹤中，尚未觸發佈局點,-2.3,-5.08,-4.46,True,0.17,-5.08,-1.68,True,0.17,-7.37,-7.37,True,17.95,-10.9,14.74,True
2026-06-26,1326.TW,台化,55.7,58.23,無特殊徵兆,➖ 中性/偏空,✅ 趨勢追蹤中，尚未觸發佈局點,-0.36,-4.67,-1.44,False,22.08,-4.67,22.08,False,31.06,-4.67,7.72,False,39.32,-4.67,21.18,False
2026-06-26,2356.TW,英業達,65.6,50.79,無特殊徵兆,➖ 中性/偏空,✅ 趨勢追蹤中，尚未觸發佈局點,-0.92,-5.8,-5.06,True,2.18,-5.8,-0.19,True,7.49,-6.09,3.06,True,7.49,-13.26,-1.68,True
2026-06-26,3714.TW,富采,65.8,45.92,無特殊徵兆,➖ 中性/偏空,✅ 趨勢追蹤中，尚未觸發佈局點,-4.59,-8.18,-6.53,True,0.76,-8.18,-5.32,True,3.19,-8.36,-3.19,True,3.19,-24.85,-17.02,True
2026-06-26,6239.TW,力成,331.5,52.83,無特殊徵兆,➖ 中性/偏空,✅ 趨勢追蹤中，尚未觸發佈局點,-6.66,-10.21,-8.0,True,2.06,-10.21,-0.01,True,6.5,-10.21,-5.33,True,6.5,-21.9,-17.31,True
2026-06-26,0050.TW,元大台灣50,103.1,50.26,庫存動態防禦,➖ 中性/偏空,🛡️【洗盤耐受區】嚴禁攤平加碼，死守底線 (96.99)！,1.56,-0.41,0.7,False,6.0,-0.41,4.46,False,6.0,-0.41,2.0,False,6.0,-5.23,-1.36,True
2026-06-26,3019.TW,亞光,139.5,42.85,庫存動態防禦,➖ 中性/偏空,🩸【戰術撤離】跌破防守底線 (140.00)，無條件停損變現！,1.79,-1.43,-1.08,False,9.68,-1.43,8.96,False,14.34,-1.43,2.87,False,14.34,-10.75,-5.02,True
2026-06-26,0050.TW,元大台灣50,103.45,50.94,庫存動態防禦,➖ 中性/偏空,🛡️【洗盤耐受區】嚴禁攤平加碼，死守底線 (97.34)！,1.22,-0.75,0.36,False,5.64,-0.75,4.1,False,5.64,-0.75,1.65,False,5.64,-5.55,-1.69,True
2026-06-26,0050.TW,元大台灣50,104.2,52.91,庫存動態防禦,➖ 中性/偏空,🛡️【洗盤耐受區】嚴禁攤平加碼，死守底線 (97.86)！,0.49,-1.46,-0.37,False,4.88,-1.46,3.35,False,4.88,-1.46,0.92,False,4.88,-6.23,-2.4,True
2026-06-26,4904.TW,遠傳,107.5,60.81,無特殊徵兆,➖ 中性/偏空,✅ 趨勢追蹤中，尚未觸發佈局點,0.93,-3.26,-1.4,False,0.93,-5.12,-2.33,True,,,,False,,,,False
2026-06-26,5347.TWO,5347O,209.5,66.12,無特殊徵兆,➖ 中性/偏空,✅ 趨勢追蹤中，尚未觸發佈局點,0.49,-5.11,-2.78,True,3.98,-10.47,-9.77,True,3.98,-19.81,-17.42,True,3.98,-29.12,-25.06,True
2026-06-26,2404.TW,2404,1355.0,62.22,無特殊徵兆,➖ 中性/偏空,✅ 趨勢追蹤中，尚未觸發佈局點,3.68,-3.47,-2.76,False,3.68,-8.12,-3.47,True,3.68,-15.63,-13.12,True,3.68,-18.49,-17.34,True
2026-06-26,1301.TW,1301,54.3,59.64,無特殊徵兆,➖ 中性/偏空,✅ 趨勢追蹤中，尚未觸發佈局點,-2.4,-4.95,-2.95,False,17.86,-4.95,14.36,False,17.86,-4.95,0.92,False,28.55,-4.95,15.47,False
2026-06-26,3037.TW,3037,1045.0,59.69,無特殊徵兆,➖ 中性/偏空,✅ 趨勢追蹤中，尚未觸發佈局點,-3.55,-9.28,-6.79,True,6.48,-11.57,-7.46,True,6.48,-20.0,-16.27,True,6.48,-28.52,-19.71,True
2026-06-26,9933.TW,中鼎,42.4,55.35,無特殊徵兆,➖ 中性/偏空,✅ 趨勢追蹤中，尚未觸發佈局點,0.12,-1.65,-1.06,False,,,,False,,,,False,,,,False
2026-06-26,8150.TW,南茂,104.5,56.17,無特殊徵兆,➖ 中性/偏空,✅ 趨勢追蹤中，尚未觸發佈局點,-3.35,-13.49,-13.4,True,7.66,-13.49,0.48,True,13.4,-13.49,11.96,True,19.62,-13.49,-13.11,True
2026-06-26,6415.TW,矽力-KY,599.0,55.09,無特殊徵兆,➖ 中性/偏空,✅ 趨勢追蹤中，尚未觸發佈局點,-0.17,-4.51,-0.17,False,4.17,-4.51,1.0,False,7.68,-12.85,-12.69,True,7.68,-30.8,-21.95,True
2026-06-26,6269.TW,台郡,76.7,55.47,無特殊徵兆,➖ 中性/偏空,✅ 趨勢追蹤中，尚未觸發佈局點,-6.39,-11.99,-10.82,True,-5.22,-17.21,-12.91,True,-5.22,-19.04,-18.51,True,-5.22,-32.46,-29.2,True
2026-06-26,1326.TW,1326,55.7,58.23,無特殊徵兆,➖ 中性/偏空,✅ 趨勢追蹤中，尚未觸發佈局點,-0.36,-4.67,-1.44,False,22.08,-4.67,22.08,False,31.06,-4.67,7.72,False,39.32,-4.67,21.18,False
2026-06-26,2353.TW,宏碁,32.95,47.6,無特殊徵兆,➖ 中性/偏空,✅ 趨勢追蹤中，尚未觸發佈局點,0.91,-3.64,-2.28,False,3.49,-3.95,-0.15,False,3.49,-3.95,-1.37,False,3.49,-13.05,-8.8,True
2026-06-26,2409.TW,友達,29.8,64.13,無特殊徵兆,➖ 中性/偏空,✅ 趨勢追蹤中，尚未觸發佈局點,1.28,-8.95,0.95,True,13.65,-8.95,-1.03,True,13.65,-8.95,3.75,True,13.65,-19.01,-15.88,True
2026-06-26,2382.TW,廣達,362.5,50.76,無特殊徵兆,➖ 中性/偏空,✅ 趨勢追蹤中，尚未觸發佈局點,-1.58,-3.96,-2.9,False,0.01,-3.96,-0.26,False,3.97,-3.96,-1.18,False,3.97,-14.76,-9.52,True
2026-06-26,2379.TW,瑞昱,773.0,59.32,無特殊徵兆,➖ 中性/偏空,✅ 趨勢追蹤中，尚未觸發佈局點,5.3,-2.85,1.29,False,11.51,-2.85,1.29,False,11.51,-2.85,8.67,False,11.51,-10.87,-3.75,True
2026-06-26,2377.TW,微星,132.0,52.14,無特殊徵兆,➖ 中性/偏空,✅ 趨勢追蹤中，尚未觸發佈局點,3.76,-1.76,2.28,False,8.17,-1.76,5.23,False,8.54,-1.76,6.7,False,16.27,-3.23,7.8,False
2026-06-26,2371.TW,大同,27.15,35.83,無特殊徵兆,➖ 中性/偏空,✅ 趨勢追蹤中，尚未觸發佈局點,0.92,-2.58,-0.0,False,4.42,-2.58,3.13,False,5.89,-2.58,2.03,False,5.89,-6.26,-4.97,True
2026-06-26,2356.TW,英業達,65.2,49.99,無特殊徵兆,➖ 中性/偏空,✅ 趨勢追蹤中，尚未觸發佈局點,-0.32,-5.22,-4.48,True,2.8,-5.22,0.43,True,8.15,-5.52,3.69,True,8.15,-12.73,-1.07,True
2026-06-26,2353.TW,宏碁,33.4,49.08,無特殊徵兆,➖ 中性/偏空,✅ 趨勢追蹤中，尚未觸發佈局點,-0.45,-4.94,-3.59,False,2.1,-5.24,-1.5,True,2.1,-5.24,-2.69,True,2.1,-14.22,-10.03,True
2026-06-26,2352.TW,佳士達,30.2,52.43,無特殊徵兆,➖ 中性/偏空,✅ 趨勢追蹤中，尚未觸發佈局點,3.12,-5.21,-0.73,True,11.28,-5.21,3.12,True,16.24,-5.21,5.68,True,16.24,-6.49,-3.31,True
2026-06-26,2330.TW,台積電,2360.0,52.31,無特殊徵兆,➖ 中性/偏空,✅ 趨勢追蹤中，尚未觸發佈局點,1.48,-1.27,0.42,False,6.14,-1.27,3.6,False,6.14,-1.27,2.33,False,6.14,-2.97,-0.42,False
2026-06-26,2324.TW,仁寶,35.95,48.69,無特殊徵兆,➖ 中性/偏空,✅ 趨勢追蹤中，尚未觸發佈局點,-2.5,-5.29,-4.87,True,0.97,-5.42,-2.78,True,4.73,-5.42,1.81,True,6.26,-6.26,3.48,True
2026-06-26,1802.TW,台玻,68.7,50.63,無特殊徵兆,➖ 中性/偏空,✅ 趨勢追蹤中，尚未觸發佈局點,0.58,-5.39,-1.02,True,12.52,-5.39,0.15,True,,,,False,,,,False
2026-06-26,1795.TW,美時,187.0,37.99,無特殊徵兆,➖ 中性/偏空,✅ 趨勢追蹤中，尚未觸發佈局點,4.01,-1.34,1.87,False,8.02,-1.34,6.68,False,8.02,-3.74,-1.6,False,,,,False
2026-06-26,1609.TW,大亞,36.25,48.26,無特殊徵兆,➖ 中性/偏空,✅ 趨勢追蹤中，尚未觸發佈局點,2.62,-1.93,1.66,False,11.59,-1.93,9.79,False,22.07,-1.93,7.86,False,22.07,-1.93,1.66,False
2026-06-26,1605.TW,華新,37.2,49.94,無特殊徵兆,➖ 中性/偏空,✅ 趨勢追蹤中，尚未觸發佈局點,-2.96,-5.65,-4.84,True,1.75,-6.18,-2.55,True,2.42,-8.33,-7.53,True,2.42,-16.4,-11.69,True
2026-06-26,1536.TW,和大,47.75,41.83,無特殊徵兆,➖ 中性/偏空,✅ 趨勢追蹤中，尚未觸發佈局點,0.94,-1.36,-0.31,False,12.04,-1.36,9.32,False,15.18,-1.36,15.18,False,19.79,-1.36,6.6,False
2026-06-26,1513.TW,中興電,182.5,64.12,無特殊徵兆,➖ 中性/偏空,✅ 趨勢追蹤中，尚未觸發佈局點,-4.56,-7.46,-7.2,True,-4.56,-7.46,-6.67,True,-3.76,-9.32,-7.67,True,-3.76,-15.62,-13.42,True
2026-06-26,1476.TW,儒鴻,318.0,44.25,無特殊徵兆,➖ 中性/偏空,✅ 趨勢追蹤中，尚未觸發佈局點,2.52,-0.47,2.36,False,2.52,-2.36,1.73,False,,,,False,,,,False
2026-06-26,1326.TW,台化,57.2,61.55,無特殊徵兆,➖ 中性/偏空,✅ 趨勢追蹤中，尚未觸發佈局點,-2.97,-7.17,-4.02,True,18.88,-7.17,18.88,True,27.62,-7.17,4.9,True,35.66,-7.17,18.01,True
2026-06-26,1301.TW,台塑,56.4,64.75,無特殊徵兆,➖ 中性/偏空,✅ 趨勢追蹤中，尚未觸發佈局點,-6.03,-8.49,-6.56,True,13.48,-8.49,10.11,True,13.48,-8.49,-2.84,True,23.76,-8.49,11.17,True
2026-06-26,0050.TW,元大台灣50,105.35,55.28,庫存動態防禦,➖ 中性/偏空,🛡️【洗盤耐受區】嚴禁攤平加碼，死守底線 (99.93)！,-0.6,-2.54,-1.45,False,3.74,-2.54,2.23,False,3.74,-2.54,-0.18,False,3.74,-7.26,-3.46,True
2026-06-26,0050.TW,元大台灣50,104.9,54.33,庫存動態防禦,➖ 中性/偏空,🛡️【洗盤耐受區】嚴禁攤平加碼，死守底線 (99.40)！,-0.18,-2.12,-1.03,False,4.18,-2.12,2.66,False,4.18,-2.12,0.25,False,4.18,-6.86,-3.05,True
2026-06-26,2449.TW,京元電子,329.0,58.06,無特殊徵兆,➖ 中性/偏空,✅ 趨勢追蹤中，尚未觸發佈局點,-8.87,-12.33,-11.04,True,0.21,-12.33,-3.39,True,5.98,-13.2,-11.04,True,5.98,-25.45,-21.85,True
2026-06-26,2454.TW,聯發科,4170.0,51.15,無特殊徵兆,➖ 中性/偏空,✅ 趨勢追蹤中，尚未觸發佈局點,-4.65,-8.82,-6.79,True,4.41,-8.82,0.0,True,4.41,-8.82,-5.88,True,4.41,-22.3,-10.07,True
2026-06-26,2317.TW,鴻海,253.5,43.73,無特殊徵兆,➖ 中性/偏空,✅ 趨勢追蹤中，尚未觸發佈局點,-3.47,-5.76,-5.57,True,-2.13,-6.9,-5.13,True,-2.13,-7.69,-6.31,True,2.37,-9.27,-0.39,True
2026-06-26,2606.TW,裕民,61.5,42.4,無特殊徵兆,➖ 中性/偏空,✅ 趨勢追蹤中，尚未觸發佈局點,-1.79,-3.25,-2.28,False,1.14,-3.74,0.49,False,,,,False,,,,False
2026-06-26,1326.TW,1326,57.2,61.55,無特殊徵兆,➖ 中性/偏空,✅ 趨勢追蹤中，尚未觸發佈局點,-2.97,-7.17,-4.02,True,18.88,-7.17,18.88,True,27.62,-7.17,4.9,True,35.66,-7.17,18.01,True
2026-06-26,5347.TWO,5347O,210.5,66.72,無特殊徵兆,➖ 中性/偏空,✅ 趨勢追蹤中，尚未觸發佈局點,0.01,-5.56,-3.24,True,3.49,-10.9,-10.2,True,3.49,-20.19,-17.81,True,3.49,-29.45,-25.42,True
2026-06-26,2404.TW,2404,1355.0,62.22,無特殊徵兆,➖ 中性/偏空,✅ 趨勢追蹤中，尚未觸發佈局點,3.68,-3.47,-2.76,False,3.68,-8.12,-3.47,True,3.68,-15.63,-13.12,True,3.68,-18.49,-17.34,True
2026-06-26,1301.TW,1301,56.4,64.75,無特殊徵兆,➖ 中性/偏空,✅ 趨勢追蹤中，尚未觸發佈局點,-6.03,-8.49,-6.56,True,13.48,-8.49,10.11,True,13.48,-8.49,-2.84,True,23.76,-8.49,11.17,True
2026-06-26,3037.TW,3037,1025.0,58.15,無特殊徵兆,➖ 中性/偏空,✅ 趨勢追蹤中，尚未觸發佈局點,-1.66,-7.51,-4.98,True,8.56,-9.84,-5.66,True,8.56,-18.44,-14.63,True,8.56,-27.12,-18.15,True
2026-06-26,9939.TW,宏全,128.0,51.0,無特殊徵兆,➖ 中性/偏空,✅ 趨勢追蹤中，尚未觸發佈局點,1.95,-0.78,-0.78,False,,,,False,,,,False,,,,False
2026-06-26,9933.TW,中鼎,43.1,59.07,無特殊徵兆,➖ 中性/偏空,✅ 趨勢追蹤中，尚未觸發佈局點,-1.51,-3.25,-2.67,False,,,,False,,,,False,,,,False
2026-06-26,8150.TW,南茂,96.8,51.27,無特殊徵兆,➖ 中性/偏空,✅ 趨勢追蹤中，尚未觸發佈局點,4.34,-6.61,-6.51,True,16.22,-6.61,8.47,True,22.42,-6.61,20.87,True,29.13,-6.61,-6.2,True
2026-06-26,6415.TW,矽力-KY,593.0,54.24,無特殊徵兆,➖ 中性/偏空,✅ 趨勢追蹤中，尚未觸發佈局點,0.84,-3.54,0.84,False,5.23,-3.54,2.02,False,8.77,-11.97,-11.8,True,8.77,-30.1,-21.16,True
2026-06-26,6239.TW,力成,331.0,52.7,無特殊徵兆,➖ 中性/偏空,✅ 趨勢追蹤中，尚未觸發佈局點,-6.52,-10.08,-7.86,True,2.22,-10.08,0.14,True,6.66,-10.08,-5.19,True,6.66,-21.78,-17.19,True
2026-06-26,2637.TW,慧洋,75.2,50.43,無特殊徵兆,➖ 中性/偏空,✅ 趨勢追蹤中，尚未觸發佈局點,-2.79,-5.72,-3.46,True,18.09,-5.72,15.69,True,,,,False,,,,False
2026-06-26,2886.TW,兆豐金,46.15,69.52,無特殊徵兆,➖ 中性/偏空,✅ 趨勢追蹤中，尚未觸發佈局點,-0.98,-3.59,-3.49,False,-0.98,-6.52,-4.95,True,-0.98,-6.52,-2.44,True,2.46,-6.52,1.21,True
2026-06-26,6269.TW,台郡,77.5,56.27,無特殊徵兆,➖ 中性/偏空,✅ 趨勢追蹤中，尚未觸發佈局點,-7.35,-12.9,-11.74,True,-6.19,-18.06,-13.81,True,-6.19,-19.87,-19.35,True,-6.19,-33.16,-29.94,True
2026-06-26,2887.TW,台新金,31.8,70.76,無特殊徵兆,➖ 中性/偏空,✅ 趨勢追蹤中，尚未觸發佈局點,0.7,-2.93,-0.21,False,5.54,-2.93,3.27,False,12.34,-2.93,11.44,False,14.16,-2.93,7.39,False
2026-06-26,3037.TW,欣興,1025.0,58.15,無特殊徵兆,➖ 中性/偏空,✅ 趨勢追蹤中，尚未觸發佈局點,-1.66,-7.51,-4.98,True,8.56,-9.84,-5.66,True,8.56,-18.44,-14.63,True,8.56,-27.12,-18.15,True
2026-06-26,2883.TW,凱基金,30.5,72.16,無特殊徵兆,➖ 中性/偏空,✅ 趨勢追蹤中，尚未觸發佈局點,-2.42,-6.38,-6.07,True,-2.42,-9.51,-6.72,True,2.3,-9.51,-1.48,True,2.62,-9.51,0.49,True
2026-06-26,3231.TW,緯創,157.5,50.05,無特殊徵兆,➖ 中性/偏空,✅ 趨勢追蹤中，尚未觸發佈局點,-3.23,-5.99,-5.37,True,-0.78,-5.99,-2.62,True,-0.78,-8.25,-8.25,True,16.83,-11.75,13.65,True
2026-06-26,3324.TWO,雙鴻,1000.0,44.17,無特殊徵兆,➖ 中性/偏空,✅ 趨勢追蹤中，尚未觸發佈局點,1.0,-2.6,-0.5,False,4.0,-2.6,2.0,False,4.0,-9.6,-8.0,True,4.0,-18.1,-5.7,True
2026-06-26,3714.TW,富采,67.1,47.82,無特殊徵兆,➖ 中性/偏空,✅ 趨勢追蹤中，尚未觸發佈局點,-6.44,-9.96,-8.35,True,-1.19,-9.96,-7.15,True,1.19,-10.13,-5.07,True,1.19,-26.3,-18.63,True
2026-06-26,4904.TW,遠傳,108.5,64.55,無特殊徵兆,➖ 中性/偏空,✅ 趨勢追蹤中，尚未觸發佈局點,0.0,-4.15,-2.3,False,0.0,-5.99,-3.23,True,,,,False,,,,False
2026-06-26,3163.TWO,波若威,795.0,35.77,無特殊徵兆,➖ 中性/偏空,✅ 趨勢追蹤中，尚未觸發佈局點,-22.71,-26.34,-23.14,True,-12.35,-26.34,-12.67,True,-7.76,-26.34,-20.36,True,-7.76,-37.33,-24.74,True
2026-06-29,0050.TW,元大台灣50,104.45,52.86,庫存動態防禦,➖ 中性/偏空,🛡️【洗盤耐受區】嚴禁攤平加碼，死守底線 (98.89)！,3.01,1.58,2.58,False,4.63,0.97,3.01,False,4.63,-0.03,0.87,False,4.63,-6.46,-2.87,True
2026-06-29,3019.TW,亞光,138.0,41.74,庫存動態防禦,➖ 中性/偏空,🩸【戰術撤離】跌破防守底線 (140.00)，無條件停損變現！,3.26,1.09,3.26,False,15.58,0.72,9.78,False,15.58,0.72,6.88,False,15.58,-9.78,-3.26,True
2026-06-29,0050.TW,元大台灣50,104.6,53.13,庫存動態防禦,➖ 中性/偏空,🛡️【洗盤耐受區】嚴禁攤平加碼，死守底線 (99.04)！,2.86,1.44,2.44,False,4.48,0.82,2.86,False,4.48,-0.18,0.73,False,4.48,-6.59,-3.01,True
2026-06-29,3019.TW,亞光,138.5,42.1,庫存動態防禦,➖ 中性/偏空,🩸【戰術撤離】跌破防守底線 (140.00)，無條件停損變現！,2.89,0.72,2.89,False,15.16,0.36,9.39,False,15.16,0.36,6.5,False,15.16,-10.11,-3.61,True
2026-06-29,0050.TW,元大台灣50,104.95,53.76,庫存動態防禦,➖ 中性/偏空,🛡️【洗盤耐受區】嚴禁攤平加碼，死守底線 (99.39)！,2.52,1.1,2.09,False,4.13,0.48,2.52,False,4.13,-0.51,0.39,False,4.13,-6.9,-3.33,True
2026-06-29,0050.TW,元大台灣50,103.85,51.74,庫存動態防禦,➖ 中性/偏空,🛡️【洗盤耐受區】嚴禁攤平加碼，死守底線 (98.44)！,3.61,2.17,3.18,False,5.23,1.55,3.61,False,5.23,0.54,1.45,False,5.23,-5.92,-2.31,True
2026-06-29,3019.TW,亞光,139.0,42.47,庫存動態防禦,➖ 中性/偏空,🩸【戰術撤離】跌破防守底線 (140.00)，無條件停損變現！,2.52,0.36,2.52,False,14.75,0.0,8.99,False,14.75,0.0,6.12,False,14.75,-10.43,-3.96,True
2026-06-30,0050.TW,元大台灣50,108.05,59.02,庫存動態防禦,➖ 中性/偏空,🛡️【洗盤耐受區】嚴禁攤平加碼，死守底線 (102.32)！,1.14,-0.1,0.59,False,1.14,-2.63,-2.31,False,1.14,-5.94,-3.96,True,1.14,-10.32,-10.09,True
2026-06-30,0050.TW,元大台灣50,107.8,58.65,庫存動態防禦,➖ 中性/偏空,🛡️【洗盤耐受區】嚴禁攤平加碼，死守底線 (102.07)！,1.38,0.13,0.82,False,1.38,-2.4,-2.08,False,1.38,-5.72,-3.74,True,1.38,-10.11,-9.88,True
2026-06-30,0050.TW,元大台灣50,107.75,58.57,庫存動態防禦,➖ 中性/偏空,🛡️【洗盤耐受區】嚴禁攤平加碼，死守底線 (102.06)！,1.42,0.18,0.87,False,1.42,-2.36,-2.03,False,1.42,-5.68,-3.7,True,1.42,-10.07,-9.84,True
2026-06-30,0050.TW,元大台灣50,104.45,52.86,庫存動態防禦,➖ 中性/偏空,🛡️【洗盤耐受區】嚴禁攤平加碼，死守底線 (98.89)！,4.63,3.34,4.06,False,4.63,0.73,1.06,False,4.63,-2.7,-0.65,False,4.63,-7.23,-6.99,True
2026-06-30,0050.TW,元大台灣50,107.8,58.65,庫存動態防禦,➖ 中性/偏空,🛡️【洗盤耐受區】嚴禁攤平加碼，死守底線 (102.09)！,1.38,0.13,0.82,False,1.38,-2.4,-2.08,False,1.38,-5.72,-3.74,True,1.38,-10.11,-9.88,True
2026-07-01,2324.TW,仁寶,34.6,45.47,無特殊徵兆,➖ 中性/偏空,✅ 趨勢追蹤中，尚未觸發佈局點,0.58,-1.73,0.58,False,6.07,-1.73,2.6,False,10.4,-1.73,4.48,False,10.4,-2.6,0.72,False
2026-07-01,2317.TW,鴻海,248.0,41.77,無特殊徵兆,➖ 中性/偏空,✅ 趨勢追蹤中，尚未觸發佈局點,-2.02,-4.03,-3.63,False,-0.2,-5.65,-4.23,True,-0.2,-7.26,-3.63,True,4.64,-7.26,-4.44,True
2026-07-01,1795.TW,美時,189.0,42.95,無特殊徵兆,➖ 中性/偏空,✅ 趨勢追蹤中，尚未觸發佈局點,2.12,-0.53,1.59,False,6.88,-4.76,-4.5,False,6.88,-4.76,3.97,False,,,,False
2026-07-01,1605.TW,華新,35.75,46.63,無特殊徵兆,➖ 中性/偏空,✅ 趨勢追蹤中，尚未觸發佈局點,-0.14,-2.38,-0.56,False,6.57,-4.62,-2.52,False,6.57,-9.79,-2.1,True,6.57,-20.7,-17.9,True
2026-07-01,1536.TW,和大,47.8,42.99,無特殊徵兆,➖ 中性/偏空,✅ 趨勢追蹤中，尚未觸發佈局點,7.53,-0.63,6.49,False,14.44,-0.63,4.6,False,19.67,-0.63,11.3,False,19.67,-6.28,-4.18,True
2026-07-01,1476.TW,儒鴻,311.5,41.87,無特殊徵兆,➖ 中性/偏空,✅ 趨勢追蹤中，尚未觸發佈局點,1.61,0.0,1.12,False,,,,False,,,,False,,,,False
2026-07-01,8150.TW,8150,107.0,58.45,無特殊徵兆,➖ 中性/偏空,✅ 趨勢追蹤中，尚未觸發佈局點,5.14,-5.14,1.4,True,10.75,-5.14,-0.47,True,14.95,-5.14,6.54,True,16.82,-31.87,-31.87,True
2026-07-01,2330.TW,台積電,2505.0,63.44,無特殊徵兆,➖ 中性/偏空,✅ 趨勢追蹤中，尚未觸發佈局點,-1.0,-2.4,-1.6,False,-0.2,-3.59,-1.6,False,-0.2,-4.59,-2.59,False,-0.2,-12.97,-12.18,True
2026-07-01,1326.TW,台化,56.3,58.62,無特殊徵兆,➖ 中性/偏空,✅ 趨勢追蹤中，尚未觸發佈局點,9.95,-2.13,9.95,False,29.66,-2.13,14.92,False,29.66,-2.13,25.75,False,37.83,-2.13,3.91,False
2026-07-01,1513.TW,中興電,177.0,56.57,無特殊徵兆,➖ 中性/偏空,✅ 趨勢追蹤中，尚未觸發佈局點,-2.68,-3.77,-3.77,False,-0.77,-6.5,-6.5,True,-0.77,-10.17,-3.39,True,-0.77,-17.8,-15.54,True
2026-07-01,2344.TW,華邦電,190.0,53.99,無特殊徵兆,➖ 中性/偏空,✅ 趨勢追蹤中，尚未觸發佈局點,-2.11,-7.37,-3.42,True,5.26,-13.16,-11.32,True,5.26,-17.89,-5.0,True,5.26,-31.58,-31.58,True
2026-07-01,2408.TW,南亞科,421.0,53.85,無特殊徵兆,➖ 中性/偏空,✅ 趨勢追蹤中，尚未觸發佈局點,-2.45,-8.49,-3.64,True,4.89,-8.49,-5.94,True,16.27,-8.49,14.25,True,16.27,-16.03,-16.03,True
2026-07-01,2371.TW,大同,27.0,39.24,無特殊徵兆,➖ 中性/偏空,✅ 趨勢追蹤中，尚未觸發佈局點,1.67,-0.56,1.67,False,6.48,-0.74,0.0,False,6.48,-0.74,0.93,False,6.48,-13.52,-10.74,True
2026-07-01,2382.TW,廣達,372.0,55.37,無特殊徵兆,➖ 中性/偏空,✅ 趨勢追蹤中，尚未觸發佈局點,-4.09,-5.77,-4.87,True,1.32,-5.77,-2.81,True,1.32,-5.77,-1.77,True,1.32,-18.95,-16.8,True
2026-07-01,1301.TW,台塑,54.3,59.27,無特殊徵兆,➖ 中性/偏空,✅ 趨勢追蹤中，尚未觸發佈局點,9.94,-2.76,9.94,False,17.86,-2.76,6.81,False,22.28,-2.76,20.99,False,28.55,-2.76,3.5,False
2026-07-01,2409.TW,友達,30.65,60.57,無特殊徵兆,➖ 中性/偏空,✅ 趨勢追蹤中，尚未觸發佈局點,1.04,-4.1,-2.17,False,5.85,-8.59,-5.22,True,5.85,-15.0,-9.23,True,5.85,-29.44,-24.14,True
2026-07-01,2449.TW,京元電子,331.0,56.8,無特殊徵兆,➖ 中性/偏空,✅ 趨勢追蹤中，尚未觸發佈局點,-0.39,-8.99,-0.39,True,5.34,-13.72,-12.43,True,5.34,-20.17,-12.0,True,5.34,-35.8,-35.8,True
2026-07-01,2454.TW,聯發科,4335.0,55.04,無特殊徵兆,➖ 中性/偏空,✅ 趨勢追蹤中，尚未觸發佈局點,0.44,-4.84,-0.36,False,0.44,-8.77,-7.84,True,0.44,-18.92,-13.73,True,0.44,-31.03,-27.34,True
2026-07-01,2606.TW,裕民,59.5,37.65,無特殊徵兆,➖ 中性/偏空,✅ 趨勢追蹤中，尚未觸發佈局點,1.01,-0.5,0.84,False,,,,False,,,,False,,,,False
2026-07-01,2637.TW,慧洋,71.4,40.28,無特殊徵兆,➖ 中性/偏空,✅ 趨勢追蹤中，尚未觸發佈局點,24.37,21.57,23.25,False,24.37,17.51,24.23,False,,,,False,,,,False
2026-07-01,2886.TW,兆豐金,46.15,68.99,無特殊徵兆,➖ 中性/偏空,✅ 趨勢追蹤中，尚未觸發佈局點,-2.97,-5.06,-3.91,True,-1.3,-5.26,-2.24,True,-1.19,-5.26,-3.91,True,5.49,-5.26,4.24,True
2026-07-01,2883.TW,凱基金,28.3,61.79,無特殊徵兆,➖ 中性/偏空,✅ 趨勢追蹤中，尚未觸發佈局點,0.71,-1.94,-1.41,False,10.25,-2.47,8.48,False,10.25,-2.47,6.54,False,10.6,-2.47,3.0,False
2026-07-01,3037.TW,欣興,1040.0,57.59,無特殊徵兆,➖ 中性/偏空,✅ 趨勢追蹤中，尚未觸發佈局點,-2.6,-6.15,-6.06,True,-2.6,-19.62,-17.02,True,-2.6,-20.58,-10.0,True,-2.6,-33.85,-33.85,True
2026-07-01,2353.TW,宏碁,32.1,45.56,無特殊徵兆,➖ 中性/偏空,✅ 趨勢追蹤中，尚未觸發佈局點,0.31,-1.4,-0.31,False,4.83,-1.4,0.62,False,5.14,-6.85,-3.27,True,5.14,-13.71,-10.75,True
2026-07-01,0050.TW,元大台灣50,109.35,61.03,庫存動態防禦,➖ 中性/偏空,🛡️【洗盤耐受區】嚴禁攤平加碼，死守底線 (104.34)！,-0.97,-2.83,-1.1,False,-0.38,-4.51,-3.6,False,-0.38,-7.06,-3.38,True,-0.38,-16.05,-14.31,True
2026-07-01,3163.TWO,波若威,750.0,36.88,無特殊徵兆,➖ 中性/偏空,✅ 趨勢追蹤中，尚未觸發佈局點,-12.3,-16.6,-12.3,True,-2.23,-17.85,-12.07,True,-2.23,-23.39,-14.68,True,-2.23,-33.57,-30.0,True
2026-07-01,2606.TW,裕民,59.3,37.09,無特殊徵兆,➖ 中性/偏空,✅ 趨勢追蹤中，尚未觸發佈局點,1.35,-0.17,1.18,False,,,,False,,,,False,,,,False
2026-07-01,2637.TW,慧洋,71.2,39.78,無特殊徵兆,➖ 中性/偏空,✅ 趨勢追蹤中，尚未觸發佈局點,24.72,21.91,23.6,False,24.72,17.84,24.58,False,,,,False,,,,False
2026-07-01,2886.TW,兆豐金,46.25,69.44,無特殊徵兆,➖ 中性/偏空,✅ 趨勢追蹤中，尚未觸發佈局點,-3.18,-5.26,-4.11,True,-1.51,-5.47,-2.45,True,-1.4,-5.47,-4.11,True,5.27,-5.47,4.01,True
2026-07-01,2883.TW,凱基金,28.1,60.15,無特殊徵兆,➖ 中性/偏空,✅ 趨勢追蹤中，尚未觸發佈局點,1.42,-1.25,-0.71,False,11.03,-1.78,9.25,False,11.03,-1.78,7.3,False,11.39,-1.78,3.74,False
2026-07-01,2887.TW,台新金,33.2,75.72,無特殊徵兆,➖ 中性/偏空,✅ 趨勢追蹤中，尚未觸發佈局點,-2.1,-4.56,-4.41,False,4.28,-4.56,3.84,False,9.34,-4.56,4.71,False,9.34,-4.56,-1.81,False
2026-07-01,3037.TW,欣興,1045.0,58.1,無特殊徵兆,➖ 中性/偏空,✅ 趨勢追蹤中，尚未觸發佈局點,-3.07,-6.6,-6.51,True,-3.07,-20.0,-17.42,True,-3.07,-20.96,-10.43,True,-3.07,-34.16,-34.16,True
2026-07-01,3163.TWO,波若威,770.0,38.2,無特殊徵兆,➖ 中性/偏空,✅ 趨勢追蹤中，尚未觸發佈局點,-14.58,-18.77,-14.58,True,-4.77,-19.98,-14.36,True,-4.77,-25.38,-16.89,True,-4.77,-35.3,-31.82,True
2026-07-01,3231.TW,緯創,160.0,52.58,無特殊徵兆,➖ 中性/偏空,✅ 趨勢追蹤中，尚未觸發佈局點,-3.54,-5.95,-4.44,True,-2.33,-9.38,-8.44,True,-2.33,-13.12,-9.06,True,15.0,-13.12,5.94,True
2026-07-01,3324.TWO,雙鴻,1015.0,46.99,無特殊徵兆,➖ 中性/偏空,✅ 趨勢追蹤中，尚未觸發佈局點,2.46,-3.74,2.46,False,2.46,-10.94,-8.87,True,2.46,-19.31,-11.72,True,2.46,-19.61,-15.76,True
2026-07-01,3714.TW,富采,63.1,45.12,無特殊徵兆,➖ 中性/偏空,✅ 趨勢追蹤中，尚未觸發佈局點,0.95,-2.69,-1.58,False,7.61,-4.44,-1.9,False,7.61,-9.67,-4.12,True,7.61,-29.4,-26.94,True
2026-07-01,4904.TW,遠傳,104.5,50.89,無特殊徵兆,➖ 中性/偏空,✅ 趨勢追蹤中，尚未觸發佈局點,0.48,-1.44,-1.44,False,,,,False,,,,False,,,,False
2026-07-01,2454.TW,聯發科,4345.0,55.23,無特殊徵兆,➖ 中性/偏空,✅ 趨勢追蹤中，尚未觸發佈局點,0.21,-5.06,-0.59,True,0.21,-8.98,-8.06,True,0.21,-19.1,-13.92,True,0.21,-31.19,-27.5,True
2026-07-01,6116.TW,彩晶,18.7,57.4,無特殊徵兆,➖ 中性/偏空,✅ 趨勢追蹤中，尚未觸發佈局點,0.0,-3.74,-1.07,False,2.14,-11.76,-7.75,True,2.14,-18.98,-10.7,True,2.14,-37.7,-36.1,True
2026-07-01,6239.TW,力成,336.0,54.08,無特殊徵兆,➖ 中性/偏空,✅ 趨勢追蹤中，尚未觸發佈局點,-2.66,-8.06,-2.66,True,5.07,-9.81,-7.19,True,5.07,-16.23,-8.35,True,5.07,-33.89,-31.99,True
2026-07-01,6269.TW,台郡,66.1,44.23,無特殊徵兆,➖ 中性/偏空,✅ 趨勢追蹤中，尚未觸發佈局點,-0.15,-3.93,-0.61,False,4.69,-6.05,-3.63,True,4.69,-12.25,-6.81,True,4.69,-28.59,-25.87,True
2026-07-01,6415.TW,矽力-KY,590.0,53.35,無特殊徵兆,➖ 中性/偏空,✅ 趨勢追蹤中，尚未觸發佈局點,5.76,-1.02,5.76,False,9.32,-10.85,-6.61,True,9.32,-20.0,-14.58,True,9.32,-38.22,-36.36,True
2026-07-01,8150.TW,南茂,106.5,58.18,無特殊徵兆,➖ 中性/偏空,✅ 趨勢追蹤中，尚未觸發佈局點,5.63,-4.69,1.88,False,11.27,-4.69,0.0,False,15.49,-4.69,7.04,False,17.37,-31.55,-31.55,True
2026-07-01,3413.TW,3413,334.0,59.0,無特殊徵兆,➖ 中性/偏空,✅ 趨勢追蹤中，尚未觸發佈局點,-0.3,-3.44,-1.2,False,7.19,-4.34,1.5,False,7.78,-6.29,4.19,True,14.82,-16.32,-13.47,True
2026-07-01,3019.TW,亞光,140.0,44.2,庫存動態防禦,➖ 中性/偏空,🩸【戰術撤離】跌破防守底線 (140.00)，無條件停損變現！,8.21,-0.71,6.79,False,13.93,-0.71,3.57,False,13.93,-1.79,3.21,False,13.93,-15.71,-12.14,True
2026-07-01,3231.TW,緯創,159.5,52.16,無特殊徵兆,➖ 中性/偏空,✅ 趨勢追蹤中，尚未觸發佈局點,-3.23,-5.65,-4.14,True,-2.03,-9.09,-8.15,True,-2.03,-12.85,-8.78,True,15.36,-12.85,6.27,True
2026-07-01,3231.TW,緯創,159.5,52.16,無特殊徵兆,➖ 中性/偏空,✅ 趨勢追蹤中，尚未觸發佈局點,-3.23,-5.65,-4.14,True,-2.03,-9.09,-8.15,True,-2.03,-12.85,-8.78,True,15.36,-12.85,6.27,True
2026-07-01,3714.TW,富采,62.4,44.23,無特殊徵兆,➖ 中性/偏空,✅ 趨勢追蹤中，尚未觸發佈局點,2.08,-1.6,-0.48,False,8.81,-3.37,-0.8,False,8.81,-8.65,-3.04,True,8.81,-28.61,-26.12,True
2026-07-01,2408.TW,南亞科,421.0,53.85,無特殊徵兆,➖ 中性/偏空,✅ 趨勢追蹤中，尚未觸發佈局點,-2.45,-8.49,-3.64,True,4.89,-8.49,-5.94,True,16.27,-8.49,14.25,True,16.27,-16.03,-16.03,True
2026-07-01,2409.TW,友達,30.65,60.57,無特殊徵兆,➖ 中性/偏空,✅ 趨勢追蹤中，尚未觸發佈局點,1.04,-4.1,-2.17,False,5.85,-8.59,-5.22,True,5.85,-15.0,-9.23,True,5.85,-29.44,-24.14,True
2026-07-01,2449.TW,京元電子,331.0,56.8,無特殊徵兆,➖ 中性/偏空,✅ 趨勢追蹤中，尚未觸發佈局點,-0.39,-8.99,-0.39,True,5.34,-13.72,-12.43,True,5.34,-20.17,-12.0,True,5.34,-35.8,-35.8,True
2026-07-01,2454.TW,聯發科,4335.0,55.04,無特殊徵兆,➖ 中性/偏空,✅ 趨勢追蹤中，尚未觸發佈局點,0.44,-4.84,-0.36,False,0.44,-8.77,-7.84,True,0.44,-18.92,-13.73,True,0.44,-31.03,-27.34,True
2026-07-01,2606.TW,裕民,59.5,37.65,無特殊徵兆,➖ 中性/偏空,✅ 趨勢追蹤中，尚未觸發佈局點,1.01,-0.5,0.84,False,,,,False,,,,False,,,,False
2026-07-01,2637.TW,慧洋,71.4,40.28,無特殊徵兆,➖ 中性/偏空,✅ 趨勢追蹤中，尚未觸發佈局點,24.37,21.57,23.25,False,24.37,17.51,24.23,False,,,,False,,,,False
2026-07-01,2886.TW,兆豐金,46.15,68.99,無特殊徵兆,➖ 中性/偏空,✅ 趨勢追蹤中，尚未觸發佈局點,-2.97,-5.06,-3.91,True,-1.3,-5.26,-2.24,True,-1.19,-5.26,-3.91,True,5.49,-5.26,4.24,True
2026-07-01,2883.TW,凱基金,28.3,61.79,無特殊徵兆,➖ 中性/偏空,✅ 趨勢追蹤中，尚未觸發佈局點,0.71,-1.94,-1.41,False,10.25,-2.47,8.48,False,10.25,-2.47,6.54,False,10.6,-2.47,3.0,False
2026-07-01,3037.TW,欣興,1040.0,57.59,無特殊徵兆,➖ 中性/偏空,✅ 趨勢追蹤中，尚未觸發佈局點,-2.6,-6.15,-6.06,True,-2.6,-19.62,-17.02,True,-2.6,-20.58,-10.0,True,-2.6,-33.85,-33.85,True
2026-07-01,3163.TWO,波若威,750.0,36.88,無特殊徵兆,➖ 中性/偏空,✅ 趨勢追蹤中，尚未觸發佈局點,-12.3,-16.6,-12.3,True,-2.23,-17.85,-12.07,True,-2.23,-23.39,-14.68,True,-2.23,-33.57,-30.0,True
2026-07-01,2382.TW,廣達,372.0,55.37,無特殊徵兆,➖ 中性/偏空,✅ 趨勢追蹤中，尚未觸發佈局點,-4.09,-5.77,-4.87,True,1.32,-5.77,-2.81,True,1.32,-5.77,-1.77,True,1.32,-18.95,-16.8,True
2026-07-01,3324.TWO,雙鴻,1010.0,46.36,無特殊徵兆,➖ 中性/偏空,✅ 趨勢追蹤中，尚未觸發佈局點,2.97,-3.27,2.97,False,2.97,-10.5,-8.42,True,2.97,-18.91,-11.29,True,2.97,-19.21,-15.35,True
2026-07-01,4904.TW,遠傳,103.5,47.99,無特殊徵兆,➖ 中性/偏空,✅ 趨勢追蹤中，尚未觸發佈局點,1.45,-0.48,-0.48,False,,,,False,,,,False,,,,False
2026-07-01,6116.TW,彩晶,18.35,55.82,無特殊徵兆,➖ 中性/偏空,✅ 趨勢追蹤中，尚未觸發佈局點,1.91,-1.91,0.82,False,4.09,-10.08,-5.99,True,4.09,-17.44,-8.99,True,4.09,-36.51,-34.88,True
2026-07-01,6239.TW,力成,335.5,53.93,無特殊徵兆,➖ 中性/偏空,✅ 趨勢追蹤中，尚未觸發佈局點,-2.52,-7.92,-2.52,True,5.23,-9.68,-7.05,True,5.23,-16.11,-8.22,True,5.23,-33.79,-31.89,True
2026-07-01,6269.TW,台郡,65.5,43.68,無特殊徵兆,➖ 中性/偏空,✅ 趨勢追蹤中，尚未觸發佈局點,0.76,-3.05,0.31,False,5.65,-5.19,-2.75,True,5.65,-11.45,-5.95,True,5.65,-27.94,-25.19,True
2026-07-01,6415.TW,矽力-KY,588.0,53.06,無特殊徵兆,➖ 中性/偏空,✅ 趨勢追蹤中，尚未觸發佈局點,6.12,-0.68,6.12,False,9.69,-10.54,-6.29,True,9.69,-19.73,-14.29,True,9.69,-38.01,-36.14,True
2026-07-01,8150.TW,南茂,107.0,58.45,無特殊徵兆,➖ 中性/偏空,✅ 趨勢追蹤中，尚未觸發佈局點,5.14,-5.14,1.4,True,10.75,-5.14,-0.47,True,14.95,-5.14,6.54,True,16.82,-31.87,-31.87,True
2026-07-01,3702.TW,3702,110.0,51.09,無特殊徵兆,➖ 中性/偏空,✅ 趨勢追蹤中，尚未觸發佈局點,-0.91,-3.64,-1.82,False,2.27,-5.0,-4.09,False,11.82,-5.0,5.91,False,11.82,-6.82,-3.64,True
2026-07-01,8150.TW,8150,107.0,58.45,無特殊徵兆,➖ 中性/偏空,✅ 趨勢追蹤中，尚未觸發佈局點,5.14,-5.14,1.4,True,10.75,-5.14,-0.47,True,14.95,-5.14,6.54,True,16.82,-31.87,-31.87,True
2026-07-01,2449.TW,京元電子,332.5,57.33,無特殊徵兆,➖ 中性/偏空,✅ 趨勢追蹤中，尚未觸發佈局點,-0.84,-9.4,-0.84,True,4.86,-14.11,-12.83,True,4.86,-20.53,-12.4,True,4.86,-36.09,-36.09,True
2026-07-01,3714.TW,富采,62.4,44.23,無特殊徵兆,➖ 中性/偏空,✅ 趨勢追蹤中，尚未觸發佈局點,2.08,-1.6,-0.48,False,8.81,-3.37,-0.8,False,8.81,-8.65,-3.04,True,8.81,-28.61,-26.12,True
2026-07-01,2371.TW,大同,27.0,39.24,無特殊徵兆,➖ 中性/偏空,✅ 趨勢追蹤中，尚未觸發佈局點,1.67,-0.56,1.67,False,6.48,-0.74,0.0,False,6.48,-0.74,0.93,False,6.48,-13.52,-10.74,True
2026-07-01,2353.TW,宏碁,32.1,45.56,無特殊徵兆,➖ 中性/偏空,✅ 趨勢追蹤中，尚未觸發佈局點,0.31,-1.4,-0.31,False,4.83,-1.4,0.62,False,5.14,-6.85,-3.27,True,5.14,-13.71,-10.75,True
2026-07-01,2344.TW,華邦電,190.0,53.99,無特殊徵兆,➖ 中性/偏空,✅ 趨勢追蹤中，尚未觸發佈局點,-2.11,-7.37,-3.42,True,5.26,-13.16,-11.32,True,5.26,-17.89,-5.0,True,5.26,-31.58,-31.58,True
2026-07-01,4904.TW,遠傳,103.5,47.99,無特殊徵兆,➖ 中性/偏空,✅ 趨勢追蹤中，尚未觸發佈局點,1.45,-0.48,-0.48,False,,,,False,,,,False,,,,False
2026-07-01,6116.TW,彩晶,18.35,55.82,無特殊徵兆,➖ 中性/偏空,✅ 趨勢追蹤中，尚未觸發佈局點,1.91,-1.91,0.82,False,4.09,-10.08,-5.99,True,4.09,-17.44,-8.99,True,4.09,-36.51,-34.88,True
2026-07-01,6239.TW,力成,335.5,53.93,無特殊徵兆,➖ 中性/偏空,✅ 趨勢追蹤中，尚未觸發佈局點,-2.52,-7.92,-2.52,True,5.23,-9.68,-7.05,True,5.23,-16.11,-8.22,True,5.23,-33.79,-31.89,True
2026-07-01,6269.TW,台郡,65.5,43.68,無特殊徵兆,➖ 中性/偏空,✅ 趨勢追蹤中，尚未觸發佈局點,0.76,-3.05,0.31,False,5.65,-5.19,-2.75,True,5.65,-11.45,-5.95,True,5.65,-27.94,-25.19,True
2026-07-01,6415.TW,矽力-KY,588.0,53.06,無特殊徵兆,➖ 中性/偏空,✅ 趨勢追蹤中，尚未觸發佈局點,6.12,-0.68,6.12,False,9.69,-10.54,-6.29,True,9.69,-19.73,-14.29,True,9.69,-38.01,-36.14,True
2026-07-01,8150.TW,南茂,107.0,58.45,無特殊徵兆,➖ 中性/偏空,✅ 趨勢追蹤中，尚未觸發佈局點,5.14,-5.14,1.4,True,10.75,-5.14,-0.47,True,14.95,-5.14,6.54,True,16.82,-31.87,-31.87,True
2026-07-01,3702.TW,3702,110.0,51.09,無特殊徵兆,➖ 中性/偏空,✅ 趨勢追蹤中，尚未觸發佈局點,-0.91,-3.64,-1.82,False,2.27,-5.0,-4.09,False,11.82,-5.0,5.91,False,11.82,-6.82,-3.64,True
2026-07-01,8150.TW,8150,107.0,58.45,無特殊徵兆,➖ 中性/偏空,✅ 趨勢追蹤中，尚未觸發佈局點,5.14,-5.14,1.4,True,10.75,-5.14,-0.47,True,14.95,-5.14,6.54,True,16.82,-31.87,-31.87,True
2026-07-01,8150.TW,8150,107.0,58.45,無特殊徵兆,➖ 中性/偏空,✅ 趨勢追蹤中，尚未觸發佈局點,5.14,-5.14,1.4,True,10.75,-5.14,-0.47,True,14.95,-5.14,6.54,True,16.82,-31.87,-31.87,True
2026-07-01,3019.TW,亞光,140.0,44.2,庫存動態防禦,➖ 中性/偏空,🩸【戰術撤離】跌破防守底線 (140.00)，無條件停損變現！,8.21,-0.71,6.79,False,13.93,-0.71,3.57,False,13.93,-1.79,3.21,False,13.93,-15.71,-12.14,True
2026-07-01,0050.TW,元大台灣50,109.35,61.03,庫存動態防禦,➖ 中性/偏空,🛡️【洗盤耐受區】嚴禁攤平加碼，死守底線 (104.34)！,-0.97,-2.83,-1.1,False,-0.38,-4.51,-3.6,False,-0.38,-7.06,-3.38,True,-0.38,-16.05,-14.31,True
2026-07-01,1301.TW,台塑,54.3,59.27,無特殊徵兆,➖ 中性/偏空,✅ 趨勢追蹤中，尚未觸發佈局點,9.94,-2.76,9.94,False,17.86,-2.76,6.81,False,22.28,-2.76,20.99,False,28.55,-2.76,3.5,False
2026-07-01,1326.TW,台化,56.3,58.62,無特殊徵兆,➖ 中性/偏空,✅ 趨勢追蹤中，尚未觸發佈局點,9.95,-2.13,9.95,False,29.66,-2.13,14.92,False,29.66,-2.13,25.75,False,37.83,-2.13,3.91,False
2026-07-01,1476.TW,儒鴻,311.5,41.87,無特殊徵兆,➖ 中性/偏空,✅ 趨勢追蹤中，尚未觸發佈局點,1.61,0.0,1.12,False,,,,False,,,,False,,,,False
2026-07-01,1513.TW,中興電,177.0,56.57,無特殊徵兆,➖ 中性/偏空,✅ 趨勢追蹤中，尚未觸發佈局點,-2.68,-3.77,-3.77,False,-0.77,-6.5,-6.5,True,-0.77,-10.17,-3.39,True,-0.77,-17.8,-15.54,True
2026-07-01,1536.TW,和大,47.8,42.99,無特殊徵兆,➖ 中性/偏空,✅ 趨勢追蹤中，尚未觸發佈局點,7.53,-0.63,6.49,False,14.44,-0.63,4.6,False,19.67,-0.63,11.3,False,19.67,-6.28,-4.18,True
2026-07-01,1605.TW,華新,35.75,46.63,無特殊徵兆,➖ 中性/偏空,✅ 趨勢追蹤中，尚未觸發佈局點,-0.14,-2.38,-0.56,False,6.57,-4.62,-2.52,False,6.57,-9.79,-2.1,True,6.57,-20.7,-17.9,True
2026-07-01,1795.TW,美時,189.0,42.95,無特殊徵兆,➖ 中性/偏空,✅ 趨勢追蹤中，尚未觸發佈局點,2.12,-0.53,1.59,False,6.88,-4.76,-4.5,False,6.88,-4.76,3.97,False,,,,False
2026-07-01,2317.TW,鴻海,248.0,41.77,無特殊徵兆,➖ 中性/偏空,✅ 趨勢追蹤中，尚未觸發佈局點,-2.02,-4.03,-3.63,False,-0.2,-5.65,-4.23,True,-0.2,-7.26,-3.63,True,4.64,-7.26,-4.44,True
2026-07-01,2324.TW,仁寶,34.6,45.47,無特殊徵兆,➖ 中性/偏空,✅ 趨勢追蹤中，尚未觸發佈局點,0.58,-1.73,0.58,False,6.07,-1.73,2.6,False,10.4,-1.73,4.48,False,10.4,-2.6,0.72,False
2026-07-01,2330.TW,台積電,2505.0,63.44,無特殊徵兆,➖ 中性/偏空,✅ 趨勢追蹤中，尚未觸發佈局點,-1.0,-2.4,-1.6,False,-0.2,-3.59,-1.6,False,-0.2,-4.59,-2.59,False,-0.2,-12.97,-12.18,True
2026-07-01,3324.TWO,雙鴻,1010.0,46.36,無特殊徵兆,➖ 中性/偏空,✅ 趨勢追蹤中，尚未觸發佈局點,2.97,-3.27,2.97,False,2.97,-10.5,-8.42,True,2.97,-18.91,-11.29,True,2.97,-19.21,-15.35,True
2026-07-01,2409.TW,友達,30.9,61.31,無特殊徵兆,➖ 中性/偏空,✅ 趨勢追蹤中，尚未觸發佈局點,0.22,-4.87,-2.96,False,4.99,-9.33,-5.99,True,4.99,-15.69,-9.96,True,4.99,-30.01,-24.76,True
2026-07-01,4904.TW,遠傳,104.0,49.4,無特殊徵兆,➖ 中性/偏空,✅ 趨勢追蹤中，尚未觸發佈局點,0.96,-0.96,-0.96,False,,,,False,,,,False,,,,False
2026-07-01,2382.TW,廣達,372.0,55.37,無特殊徵兆,➖ 中性/偏空,✅ 趨勢追蹤中，尚未觸發佈局點,-4.09,-5.77,-4.87,True,1.32,-5.77,-2.81,True,1.32,-5.77,-1.77,True,1.32,-18.95,-16.8,True
2026-07-01,3231.TW,緯創,160.0,52.58,無特殊徵兆,➖ 中性/偏空,✅ 趨勢追蹤中，尚未觸發佈局點,-3.54,-5.95,-4.44,True,-2.33,-9.38,-8.44,True,-2.33,-13.12,-9.06,True,15.0,-13.12,5.94,True
2026-07-01,3324.TWO,雙鴻,1010.0,46.36,無特殊徵兆,➖ 中性/偏空,✅ 趨勢追蹤中，尚未觸發佈局點,2.97,-3.27,2.97,False,2.97,-10.5,-8.42,True,2.97,-18.91,-11.29,True,2.97,-19.21,-15.35,True
2026-07-01,3714.TW,富采,64.3,46.74,無特殊徵兆,➖ 中性/偏空,✅ 趨勢追蹤中，尚未觸發佈局點,-0.93,-4.51,-3.42,False,5.6,-6.22,-3.73,True,5.6,-11.35,-5.91,True,5.6,-30.72,-28.3,True
2026-07-01,4904.TW,遠傳,105.0,52.48,無特殊徵兆,➖ 中性/偏空,✅ 趨勢追蹤中，尚未觸發佈局點,0.0,-1.9,-1.9,False,,,,False,,,,False,,,,False
2026-07-01,6116.TW,彩晶,18.9,58.34,無特殊徵兆,➖ 中性/偏空,✅ 趨勢追蹤中，尚未觸發佈局點,-1.06,-4.76,-2.12,False,1.06,-12.7,-8.73,True,1.06,-19.84,-11.64,True,1.06,-38.36,-36.77,True
2026-07-01,6239.TW,力成,337.5,54.53,無特殊徵兆,➖ 中性/偏空,✅ 趨勢追蹤中，尚未觸發佈局點,-3.09,-8.47,-3.09,True,4.61,-10.21,-7.6,True,4.61,-16.61,-8.76,True,4.61,-34.19,-32.3,True
2026-07-01,6415.TW,矽力-KY,609.0,55.94,無特殊徵兆,➖ 中性/偏空,✅ 趨勢追蹤中，尚未觸發佈局點,2.46,-4.11,2.46,False,5.91,-13.63,-9.52,True,5.91,-22.5,-17.24,True,5.91,-40.15,-38.34,True
2026-07-01,2352.TW,2352,33.55,63.37,無特殊徵兆,➖ 中性/偏空,✅ 趨勢追蹤中，尚未觸發佈局點,-4.59,-8.77,-8.05,True,4.64,-9.34,-0.84,True,4.64,-14.96,-9.2,True,4.64,-22.35,-19.67,True
2026-07-01,2352.TW,2352,33.55,63.37,無特殊徵兆,➖ 中性/偏空,✅ 趨勢追蹤中，尚未觸發佈局點,-4.59,-8.77,-8.05,True,4.64,-9.34,-0.84,True,4.64,-14.96,-9.2,True,4.64,-22.35,-19.67,True
2026-07-01,3413.TW,3413,340.0,61.06,無特殊徵兆,➖ 中性/偏空,✅ 趨勢追蹤中，尚未觸發佈局點,-2.06,-5.15,-2.94,True,5.29,-6.03,-0.29,True,5.88,-7.94,2.35,True,12.79,-17.79,-15.0,True
2026-07-01,1609.TW,1609,39.15,59.27,無特殊徵兆,➖ 中性/偏空,✅ 趨勢追蹤中，尚未觸發佈局點,-1.15,-3.07,-2.55,False,13.03,-3.32,0.89,False,13.03,-4.09,0.26,False,13.03,-18.01,-15.71,True
2026-07-01,2352.TW,2352,33.55,63.37,無特殊徵兆,➖ 中性/偏空,✅ 趨勢追蹤中，尚未觸發佈局點,-4.59,-8.77,-8.05,True,4.64,-9.34,-0.84,True,4.64,-14.96,-9.2,True,4.64,-22.35,-19.67,True
2026-07-01,0050.TW,元大台灣50,109.6,61.2,庫存動態防禦,➖ 中性/偏空,🛡️【洗盤耐受區】嚴禁攤平加碼，死守底線 (104.23)！,-1.19,-3.05,-1.33,False,-0.6,-4.73,-3.82,False,-0.6,-7.27,-3.6,True,-0.6,-16.24,-14.51,True
2026-07-01,1301.TW,台塑,54.1,58.81,無特殊徵兆,➖ 中性/偏空,✅ 趨勢追蹤中，尚未觸發佈局點,10.35,-2.4,10.35,False,18.3,-2.4,7.21,False,22.74,-2.4,21.44,False,29.02,-2.4,3.88,False
2026-07-01,1326.TW,台化,56.7,59.24,無特殊徵兆,➖ 中性/偏空,✅ 趨勢追蹤中，尚未觸發佈局點,9.17,-2.82,9.17,False,28.75,-2.82,14.11,False,28.75,-2.82,24.87,False,36.86,-2.82,3.17,False
2026-07-01,1476.TW,儒鴻,312.5,42.41,無特殊徵兆,➖ 中性/偏空,✅ 趨勢追蹤中，尚未觸發佈局點,1.28,-0.32,0.8,False,,,,False,,,,False,,,,False
2026-07-01,1513.TW,中興電,178.5,58.1,無特殊徵兆,➖ 中性/偏空,✅ 趨勢追蹤中，尚未觸發佈局點,-3.5,-4.58,-4.58,False,-1.61,-7.28,-7.28,True,-1.61,-10.92,-4.2,True,-1.61,-18.49,-16.25,True
2026-07-01,2231.TW,2231,105.0,59.72,無特殊徵兆,➖ 中性/偏空,✅ 趨勢追蹤中，尚未觸發佈局點,10.41,-0.02,4.25,False,19.89,-0.02,9.46,False,21.31,-0.02,19.89,False,21.31,-18.21,-15.84,True
2026-07-01,1536.TW,和大,48.05,44.11,無特殊徵兆,➖ 中性/偏空,✅ 趨勢追蹤中，尚未觸發佈局點,6.97,-1.14,5.93,False,13.84,-1.14,4.06,False,19.04,-1.14,10.72,False,19.04,-6.76,-4.68,True
2026-07-01,2883.TW,凱基金,28.8,65.85,無特殊徵兆,➖ 中性/偏空,✅ 趨勢追蹤中，尚未觸發佈局點,-1.04,-3.65,-3.13,False,8.33,-4.17,6.6,False,8.33,-4.17,4.69,False,8.68,-4.17,1.22,False
2026-07-01,2637.TW,慧洋,71.8,41.3,無特殊徵兆,➖ 中性/偏空,✅ 趨勢追蹤中，尚未觸發佈局點,23.68,20.89,22.56,False,23.68,16.85,23.54,False,,,,False,,,,False
2026-07-01,2408.TW,南亞科,426.5,54.85,無特殊徵兆,➖ 中性/偏空,✅ 趨勢追蹤中，尚未觸發佈局點,-3.71,-9.67,-4.88,True,3.54,-9.67,-7.15,True,14.77,-9.67,12.78,True,14.77,-17.12,-17.12,True
2026-07-01,0050.TW,元大台灣50,104.45,52.86,庫存動態防禦,➖ 中性/偏空,🛡️【洗盤耐受區】嚴禁攤平加碼，死守底線 (98.89)！,3.68,1.73,3.53,False,4.3,-0.03,0.92,False,4.3,-2.7,1.16,False,4.3,-12.11,-10.29,True
2026-07-01,0050.TW,元大台灣50,109.0,60.39,庫存動態防禦,➖ 中性/偏空,🛡️【洗盤耐受區】嚴禁攤平加碼，死守底線 (103.63)！,-0.65,-2.52,-0.79,False,-0.06,-4.21,-3.29,False,-0.06,-6.76,-3.07,True,-0.06,-15.78,-14.04,True
2026-07-01,1301.TW,台塑,54.8,60.22,無特殊徵兆,➖ 中性/偏空,✅ 趨勢追蹤中，尚未觸發佈局點,8.94,-3.65,8.94,False,16.79,-3.65,5.84,False,21.17,-3.65,19.89,False,27.37,-3.65,2.55,False
2026-07-01,1326.TW,台化,57.4,60.29,無特殊徵兆,➖ 中性/偏空,✅ 趨勢追蹤中，尚未觸發佈局點,7.84,-4.01,7.84,False,27.18,-4.01,12.72,False,27.18,-4.01,23.34,False,35.19,-4.01,1.92,False
2026-07-01,2886.TW,兆豐金,45.4,62.27,無特殊徵兆,➖ 中性/偏空,✅ 趨勢追蹤中，尚未觸發佈局點,-1.36,-3.49,-2.32,False,0.34,-3.7,-0.62,False,0.44,-3.7,-2.32,False,7.24,-3.7,5.96,False
2026-07-01,1476.TW,儒鴻,311.0,41.6,無特殊徵兆,➖ 中性/偏空,✅ 趨勢追蹤中，尚未觸發佈局點,1.77,0.16,1.29,False,,,,False,,,,False,,,,False
2026-07-01,1609.TW,大亞,39.15,59.27,無特殊徵兆,➖ 中性/偏空,✅ 趨勢追蹤中，尚未觸發佈局點,-1.15,-3.07,-2.55,False,13.03,-3.32,0.89,False,13.03,-4.09,0.26,False,13.03,-18.01,-15.71,True
2026-07-01,1795.TW,美時,191.0,44.79,無特殊徵兆,➖ 中性/偏空,✅ 趨勢追蹤中，尚未觸發佈局點,1.05,-1.57,0.52,False,5.76,-5.76,-5.5,True,5.76,-5.76,2.88,True,,,,False
2026-07-01,2317.TW,鴻海,251.5,43.91,無特殊徵兆,➖ 中性/偏空,✅ 趨勢追蹤中，尚未觸發佈局點,-3.38,-5.37,-4.97,True,-1.59,-6.96,-5.57,True,-1.59,-8.55,-4.97,True,3.18,-8.55,-5.77,True
2026-07-01,2324.TW,仁寶,34.8,46.05,無特殊徵兆,➖ 中性/偏空,✅ 趨勢追蹤中，尚未觸發佈局點,-0.0,-2.3,-0.0,False,5.46,-2.3,2.01,False,9.77,-2.3,3.88,False,9.77,-3.16,0.14,False
2026-07-01,2330.TW,台積電,2485.0,62.18,無特殊徵兆,➖ 中性/偏空,✅ 趨勢追蹤中，尚未觸發佈局點,-0.2,-1.61,-0.8,False,0.6,-2.82,-0.8,False,0.6,-3.82,-1.81,False,0.6,-12.27,-11.47,True
2026-07-01,2352.TW,佳士達,33.55,63.37,無特殊徵兆,➖ 中性/偏空,✅ 趨勢追蹤中，尚未觸發佈局點,-4.59,-8.77,-8.05,True,4.64,-9.34,-0.84,True,4.64,-14.96,-9.2,True,4.64,-22.35,-19.67,True
2026-07-01,2353.TW,宏碁,32.5,46.82,無特殊徵兆,➖ 中性/偏空,✅ 趨勢追蹤中，尚未觸發佈局點,-0.92,-2.62,-1.54,False,3.54,-2.62,-0.62,False,3.85,-8.0,-4.46,True,3.85,-14.77,-11.85,True
2026-07-01,2356.TW,英業達,67.0,53.73,無特殊徵兆,➖ 中性/偏空,✅ 趨勢追蹤中，尚未觸發佈局點,-1.26,-5.16,-2.85,True,0.04,-8.06,-4.3,True,5.25,-11.96,-8.81,True,5.25,-15.07,-10.0,True
2026-07-01,2371.TW,大同,27.1,39.81,無特殊徵兆,➖ 中性/偏空,✅ 趨勢追蹤中，尚未觸發佈局點,1.29,-0.92,1.29,False,6.09,-1.11,-0.37,False,6.09,-1.11,0.55,False,6.09,-13.84,-11.07,True
2026-07-01,2449.TW,京元電子,341.5,60.17,無特殊徵兆,➖ 中性/偏空,✅ 趨勢追蹤中，尚未觸發佈局點,-3.46,-11.79,-3.46,True,2.1,-16.38,-15.13,True,2.1,-22.63,-14.71,True,2.1,-37.77,-37.77,True
2026-07-01,2606.TW,裕民,59.7,38.23,無特殊徵兆,➖ 中性/偏空,✅ 趨勢追蹤中，尚未觸發佈局點,0.67,-0.84,0.5,False,,,,False,,,,False,,,,False
2026-07-01,1513.TW,中興電,178.5,58.1,無特殊徵兆,➖ 中性/偏空,✅ 趨勢追蹤中，尚未觸發佈局點,-3.5,-4.58,-4.58,False,-1.61,-7.28,-7.28,True,-1.61,-10.92,-4.2,True,-1.61,-18.49,-16.25,True
2026-07-01,1605.TW,華新,36.25,47.93,無特殊徵兆,➖ 中性/偏空,✅ 趨勢追蹤中，尚未觸發佈局點,-1.52,-3.72,-1.93,False,5.1,-5.93,-3.86,True,5.1,-11.03,-3.45,True,5.1,-21.79,-19.03,True
2026-07-01,2887.TW,台新金,33.6,77.39,無特殊徵兆,➖ 中性/偏空,✅ 趨勢追蹤中，尚未觸發佈局點,-3.26,-5.7,-5.55,True,3.03,-5.7,2.6,True,8.04,-5.7,3.46,True,8.04,-5.7,-2.98,True
2026-07-01,1795.TW,美時,190.5,44.31,無特殊徵兆,➖ 中性/偏空,✅ 趨勢追蹤中，尚未觸發佈局點,1.31,-1.31,0.79,False,6.04,-5.51,-5.25,True,6.04,-5.51,3.15,True,,,,False
2026-07-01,3583.TW,3583,916.0,59.98,無特殊徵兆,➖ 中性/偏空,✅ 趨勢追蹤中，尚未觸發佈局點,0.05,-5.68,-1.79,True,0.05,-16.6,-15.09,True,0.05,-22.23,-8.93,True,0.05,-33.05,-32.51,True
2026-07-01,1609.TW,1609,39.15,59.27,無特殊徵兆,➖ 中性/偏空,✅ 趨勢追蹤中，尚未觸發佈局點,-1.15,-3.07,-2.55,False,13.03,-3.32,0.89,False,13.03,-4.09,0.26,False,13.03,-18.01,-15.71,True
2026-07-01,0050.TW,元大台灣50,109.55,61.32,庫存動態防禦,➖ 中性/偏空,🛡️【洗盤耐受區】嚴禁攤平加碼，死守底線 (104.54)！,-1.15,-3.01,-1.29,False,-0.56,-4.69,-3.78,False,-0.56,-7.23,-3.55,True,-0.56,-16.2,-14.47,True
2026-07-01,1326.TW,台化,56.6,59.09,無特殊徵兆,➖ 中性/偏空,✅ 趨勢追蹤中，尚未觸發佈局點,9.36,-2.65,9.36,False,28.98,-2.65,14.31,False,28.98,-2.65,25.09,False,37.1,-2.65,3.36,False
2026-07-01,1476.TW,儒鴻,311.0,41.6,無特殊徵兆,➖ 中性/偏空,✅ 趨勢追蹤中，尚未觸發佈局點,1.77,0.16,1.29,False,,,,False,,,,False,,,,False
2026-07-01,1513.TW,中興電,177.5,57.09,無特殊徵兆,➖ 中性/偏空,✅ 趨勢追蹤中，尚未觸發佈局點,-2.95,-4.04,-4.04,False,-1.05,-6.76,-6.76,True,-1.05,-10.42,-3.66,True,-1.05,-18.03,-15.77,True
2026-07-01,1536.TW,和大,48.1,44.32,無特殊徵兆,➖ 中性/偏空,✅ 趨勢追蹤中，尚未觸發佈局點,6.86,-1.25,5.82,False,13.72,-1.25,3.95,False,18.92,-1.25,10.6,False,18.92,-6.86,-4.78,True
2026-07-01,1605.TW,華新,36.05,47.4,無特殊徵兆,➖ 中性/偏空,✅ 趨勢追蹤中，尚未觸發佈局點,-0.97,-3.19,-1.39,False,5.69,-5.41,-3.33,True,5.69,-10.54,-2.91,True,5.69,-21.36,-18.59,True
2026-07-01,1795.TW,美時,190.0,43.85,無特殊徵兆,➖ 中性/偏空,✅ 趨勢追蹤中，尚未觸發佈局點,1.58,-1.05,1.05,False,6.32,-5.26,-5.0,True,6.32,-5.26,3.42,True,,,,False
2026-07-01,2317.TW,鴻海,249.0,42.34,無特殊徵兆,➖ 中性/偏空,✅ 趨勢追蹤中，尚未觸發佈局點,-2.41,-4.42,-4.02,False,-0.6,-6.02,-4.62,True,-0.6,-7.63,-4.02,True,4.22,-7.63,-4.82,True
2026-07-01,2324.TW,仁寶,34.45,45.05,無特殊徵兆,➖ 中性/偏空,✅ 趨勢追蹤中，尚未觸發佈局點,1.02,-1.31,1.02,False,6.53,-1.31,3.05,False,10.89,-1.31,4.93,False,10.89,-2.18,1.16,False
2026-07-01,2330.TW,台積電,2495.0,62.82,無特殊徵兆,➖ 中性/偏空,✅ 趨勢追蹤中，尚未觸發佈局點,-0.6,-2.0,-1.2,False,0.2,-3.21,-1.2,False,0.2,-4.21,-2.2,False,0.2,-12.63,-11.82,True
2026-07-01,2344.TW,華邦電,192.5,55.06,無特殊徵兆,➖ 中性/偏空,✅ 趨勢追蹤中，尚未觸發佈局點,-3.38,-8.57,-4.68,True,3.9,-14.29,-12.47,True,3.9,-18.96,-6.23,True,3.9,-32.47,-32.47,True
2026-07-01,2353.TW,宏碁,32.1,45.56,無特殊徵兆,➖ 中性/偏空,✅ 趨勢追蹤中，尚未觸發佈局點,0.31,-1.4,-0.31,False,4.83,-1.4,0.62,False,5.14,-6.85,-3.27,True,5.14,-13.71,-10.75,True
2026-07-01,2356.TW,英業達,67.4,54.46,無特殊徵兆,➖ 中性/偏空,✅ 趨勢追蹤中，尚未觸發佈局點,-1.85,-5.73,-3.43,True,-0.55,-8.6,-4.86,True,4.62,-12.48,-9.35,True,4.62,-15.58,-10.53,True
2026-07-01,2371.TW,大同,27.25,40.71,無特殊徵兆,➖ 中性/偏空,✅ 趨勢追蹤中，尚未觸發佈局點,0.73,-1.47,0.73,False,5.5,-1.65,-0.92,False,5.5,-1.65,0.0,False,5.5,-14.31,-11.56,True
2026-07-01,1609.TW,大亞,39.15,59.27,無特殊徵兆,➖ 中性/偏空,✅ 趨勢追蹤中，尚未觸發佈局點,-1.15,-3.07,-2.55,False,13.03,-3.32,0.89,False,13.03,-4.09,0.26,False,13.03,-18.01,-15.71,True
2026-07-01,2379.TW,瑞昱,846.0,64.2,無特殊徵兆,➖ 中性/偏空,✅ 趨勢追蹤中，尚未觸發佈局點,-0.95,-5.32,-4.14,True,-0.12,-9.1,-3.43,True,0.24,-12.41,-10.99,True,0.24,-18.56,-12.77,True
2026-07-01,1301.TW,台塑,53.8,58.13,無特殊徵兆,➖ 中性/偏空,✅ 趨勢追蹤中，尚未觸發佈局點,10.97,-1.86,10.97,False,18.96,-1.86,7.81,False,23.42,-1.86,22.12,False,29.74,-1.86,4.46,False
2026-07-01,6415.TW,矽力-KY,596.0,54.26,無特殊徵兆,➖ 中性/偏空,✅ 趨勢追蹤中，尚未觸發佈局點,4.7,-2.01,4.7,False,8.22,-11.74,-7.55,True,8.22,-20.81,-15.44,True,8.22,-38.84,-37.0,True
2026-07-01,2317.TW,鴻海,250.5,43.21,無特殊徵兆,➖ 中性/偏空,✅ 趨勢追蹤中，尚未觸發佈局點,-2.99,-4.99,-4.59,False,-1.2,-6.59,-5.19,True,-1.2,-8.18,-4.59,True,3.59,-8.18,-5.39,True
2026-07-01,2330.TW,台積電,2490.0,62.5,無特殊徵兆,➖ 中性/偏空,✅ 趨勢追蹤中，尚未觸發佈局點,-0.4,-1.81,-1.0,False,0.4,-3.01,-1.0,False,0.4,-4.02,-2.01,False,0.4,-12.45,-11.65,True
2026-07-01,2344.TW,華邦電,192.0,54.84,無特殊徵兆,➖ 中性/偏空,✅ 趨勢追蹤中，尚未觸發佈局點,-3.12,-8.33,-4.43,True,4.17,-14.06,-12.24,True,4.17,-18.75,-5.99,True,4.17,-32.29,-32.29,True
2026-07-01,2353.TW,宏碁,32.3,46.18,無特殊徵兆,➖ 中性/偏空,✅ 趨勢追蹤中，尚未觸發佈局點,-0.31,-2.01,-0.93,False,4.18,-2.01,-0.0,False,4.49,-7.43,-3.87,True,4.49,-14.24,-11.3,True
2026-07-01,2371.TW,大同,27.1,39.81,無特殊徵兆,➖ 中性/偏空,✅ 趨勢追蹤中，尚未觸發佈局點,1.29,-0.92,1.29,False,6.09,-1.11,-0.37,False,6.09,-1.11,0.55,False,6.09,-13.84,-11.07,True
2026-07-01,2379.TW,瑞昱,850.0,64.48,無特殊徵兆,➖ 中性/偏空,✅ 趨勢追蹤中，尚未觸發佈局點,-1.41,-5.76,-4.59,True,-0.59,-9.53,-3.88,True,-0.24,-12.82,-11.41,True,-0.24,-18.94,-13.18,True
2026-07-01,2382.TW,廣達,373.0,55.84,無特殊徵兆,➖ 中性/偏空,✅ 趨勢追蹤中，尚未觸發佈局點,-4.35,-6.02,-5.12,True,1.05,-6.02,-3.07,True,1.05,-6.02,-2.04,True,1.05,-19.17,-17.02,True
2026-07-01,2408.TW,南亞科,424.5,54.48,無特殊徵兆,➖ 中性/偏空,✅ 趨勢追蹤中，尚未觸發佈局點,-3.26,-9.24,-4.43,True,4.02,-9.24,-6.71,True,15.31,-9.24,13.31,True,15.31,-16.73,-16.73,True
2026-07-01,2409.TW,友達,31.2,62.21,無特殊徵兆,➖ 中性/偏空,✅ 趨勢追蹤中，尚未觸發佈局點,-0.75,-5.79,-3.9,True,3.98,-10.2,-6.89,True,3.98,-16.5,-10.83,True,3.98,-30.68,-25.48,True
2026-07-01,2449.TW,京元電子,338.0,59.28,無特殊徵兆,➖ 中性/偏空,✅ 趨勢追蹤中，尚未觸發佈局點,-2.46,-10.88,-2.46,True,3.16,-15.51,-14.25,True,3.16,-21.83,-13.83,True,3.16,-37.13,-37.13,True
2026-07-01,2454.TW,聯發科,4370.0,55.71,無特殊徵兆,➖ 中性/偏空,✅ 趨勢追蹤中，尚未觸發佈局點,-0.37,-5.6,-1.16,True,-0.37,-9.5,-8.58,True,-0.37,-19.57,-14.42,True,-0.37,-31.58,-27.92,True
2026-07-01,2606.TW,裕民,59.5,37.65,無特殊徵兆,➖ 中性/偏空,✅ 趨勢追蹤中，尚未觸發佈局點,1.01,-0.5,0.84,False,,,,False,,,,False,,,,False
2026-07-01,2324.TW,仁寶,34.6,45.47,無特殊徵兆,➖ 中性/偏空,✅ 趨勢追蹤中，尚未觸發佈局點,0.58,-1.73,0.58,False,6.07,-1.73,2.6,False,10.4,-1.73,4.48,False,10.4,-2.6,0.72,False
2026-07-01,2886.TW,兆豐金,46.75,71.51,無特殊徵兆,➖ 中性/偏空,✅ 趨勢追蹤中，尚未觸發佈局點,-4.21,-6.27,-5.14,True,-2.56,-6.48,-3.49,True,-2.46,-6.48,-5.14,True,4.14,-6.48,2.9,True
2026-07-01,2637.TW,慧洋,71.6,40.78,無特殊徵兆,➖ 中性/偏空,✅ 趨勢追蹤中，尚未觸發佈局點,24.02,21.23,22.91,False,24.02,17.18,23.88,False,,,,False,,,,False
2026-07-01,6239.TW,力成,337.5,54.53,無特殊徵兆,➖ 中性/偏空,✅ 趨勢追蹤中，尚未觸發佈局點,-3.09,-8.47,-3.09,True,4.61,-10.21,-7.6,True,4.61,-16.61,-8.76,True,4.61,-34.19,-32.3,True
2026-07-01,6116.TW,彩晶,18.85,58.1,無特殊徵兆,➖ 中性/偏空,✅ 趨勢追蹤中，尚未觸發佈局點,-0.8,-4.51,-1.86,False,1.33,-12.47,-8.49,True,1.33,-19.63,-11.41,True,1.33,-38.2,-36.6,True
2026-07-01,3714.TW,富采,63.6,45.78,無特殊徵兆,➖ 中性/偏空,✅ 趨勢追蹤中，尚未觸發佈局點,0.16,-3.46,-2.36,False,6.76,-5.19,-2.67,True,6.76,-10.38,-4.87,True,6.76,-29.95,-27.52,True
2026-07-01,3231.TW,緯創,160.5,52.99,無特殊徵兆,➖ 中性/偏空,✅ 趨勢追蹤中，尚未觸發佈局點,-3.84,-6.24,-4.74,True,-2.64,-9.66,-8.72,True,-2.64,-13.4,-9.35,True,14.64,-13.4,5.61,True
2026-07-01,3324.TWO,雙鴻,1025.0,48.2,無特殊徵兆,➖ 中性/偏空,✅ 趨勢追蹤中，尚未觸發佈局點,1.46,-4.68,1.46,False,1.46,-11.8,-9.76,True,1.46,-20.1,-12.59,True,1.46,-20.39,-16.59,True
2026-07-01,3037.TW,欣興,1075.0,61.15,無特殊徵兆,➖ 中性/偏空,✅ 趨勢追蹤中，尚未觸發佈局點,-5.77,-9.21,-9.12,True,-5.77,-22.23,-19.72,True,-5.77,-23.16,-12.93,True,-5.77,-36.0,-36.0,True
2026-07-01,2887.TW,台新金,33.3,76.42,無特殊徵兆,➖ 中性/偏空,✅ 趨勢追蹤中，尚未觸發佈局點,-2.39,-4.85,-4.7,False,3.96,-4.85,3.53,False,9.02,-4.85,4.4,False,9.02,-4.85,-2.1,False
2026-07-01,2883.TW,凱基金,28.35,62.22,無特殊徵兆,➖ 中性/偏空,✅ 趨勢追蹤中，尚未觸發佈局點,0.53,-2.12,-1.59,False,10.05,-2.65,8.29,False,10.05,-2.65,6.35,False,10.41,-2.65,2.82,False
2026-07-01,6269.TW,台郡,66.9,44.98,無特殊徵兆,➖ 中性/偏空,✅ 趨勢追蹤中，尚未觸發佈局點,-1.35,-5.08,-1.79,True,3.44,-7.17,-4.78,True,3.44,-13.3,-7.92,True,3.44,-29.45,-26.76,True
2026-07-01,3163.TWO,波若威,775.0,38.55,無特殊徵兆,➖ 中性/偏空,✅ 趨勢追蹤中，尚未觸發佈局點,-15.13,-19.29,-15.13,True,-5.38,-20.5,-14.91,True,-5.38,-25.86,-17.43,True,-5.38,-35.72,-32.26,True
2026-07-02,3231.TW,緯創,159.0,51.67,無特殊徵兆,➖ 中性/偏空,✅ 趨勢追蹤中，尚未觸發佈局點,-2.02,-4.45,-3.54,False,-1.72,-9.12,-9.12,True,-1.72,-12.58,-7.86,True,15.72,-12.58,0.63,True
2026-07-02,3163.TWO,波若威,767.0,38.82,無特殊徵兆,➖ 中性/偏空,✅ 趨勢追蹤中，尚未觸發佈局點,-9.38,-17.01,-9.49,True,-4.4,-19.67,-17.45,True,-4.4,-25.09,-19.89,True,-4.4,-36.64,-35.46,True
2026-07-02,3037.TW,欣興,982.0,51.89,無特殊徵兆,➖ 中性/偏空,✅ 趨勢追蹤中，尚未觸發佈局點,-0.2,-5.9,-1.53,True,-0.2,-14.87,-10.9,True,-0.2,-15.89,-10.18,True,-0.2,-33.5,-27.09,True
2026-07-02,2883.TW,凱基金,27.85,57.96,無特殊徵兆,➖ 中性/偏空,✅ 趨勢追蹤中，尚未觸發佈局點,2.51,-0.9,2.15,False,12.03,-0.9,7.9,False,12.03,-0.9,9.69,False,12.39,-0.9,3.95,False
2026-07-02,2886.TW,兆豐金,46.0,67.38,無特殊徵兆,➖ 中性/偏空,✅ 趨勢追蹤中，尚未觸發佈局點,-1.92,-4.85,-4.64,False,-0.97,-4.96,-2.13,False,-0.24,-4.96,-2.34,False,8.35,-4.96,7.93,False
2026-07-02,2637.TW,慧洋,71.9,42.21,無特殊徵兆,➖ 中性/偏空,✅ 趨勢追蹤中，尚未觸發佈局點,23.5,20.72,22.39,False,23.5,16.69,23.37,False,,,,False,,,,False
2026-07-02,2606.TW,裕民,60.1,40.55,無特殊徵兆,➖ 中性/偏空,✅ 趨勢追蹤中，尚未觸發佈局點,3.49,-0.0,2.83,False,,,,False,,,,False,,,,False
2026-07-02,3714.TW,富采,62.1,43.83,無特殊徵兆,➖ 中性/偏空,✅ 趨勢追蹤中，尚未觸發佈局點,0.81,-1.29,0.32,False,9.34,-2.9,2.58,False,9.34,-8.21,-7.09,True,9.34,-28.26,-26.65,True
2026-07-02,2454.TW,聯發科,4330.0,54.91,無特殊徵兆,➖ 中性/偏空,✅ 趨勢追蹤中，尚未觸發佈局點,-2.89,-5.42,-3.69,True,-0.71,-9.35,-9.35,True,-0.71,-18.82,-14.55,True,-0.71,-30.95,-25.29,True
2026-07-02,2887.TW,台新金,33.05,73.26,無特殊徵兆,➖ 中性/偏空,✅ 趨勢追蹤中，尚未觸發佈局點,1.55,-4.13,-0.63,False,8.09,-4.13,7.22,False,9.84,-4.13,5.18,False,9.84,-4.13,0.3,False
2026-07-02,4904.TW,遠傳,104.0,49.54,無特殊徵兆,➖ 中性/偏空,✅ 趨勢追蹤中，尚未觸發佈局點,0.96,-1.92,0.96,False,,,,False,,,,False,,,,False
2026-07-02,6239.TW,力成,325.0,50.81,無特殊徵兆,➖ 中性/偏空,✅ 趨勢追蹤中，尚未觸發佈局點,3.2,-2.99,1.99,False,8.63,-6.76,-3.44,True,8.63,-13.4,-4.5,True,8.63,-35.38,-34.0,True
2026-07-02,6269.TW,台郡,65.3,43.48,無特殊徵兆,➖ 中性/偏空,✅ 趨勢追蹤中，尚未觸發佈局點,2.91,-1.23,2.3,False,5.97,-4.9,-4.29,False,5.97,-11.18,-6.43,True,5.97,-29.56,-29.56,True
2026-07-02,6415.TW,矽力-KY,615.0,56.55,無特殊徵兆,➖ 中性/偏空,✅ 趨勢追蹤中，尚未觸發佈局點,-1.3,-3.25,-1.63,False,4.88,-15.12,-14.96,True,4.88,-23.41,-23.09,True,4.88,-41.14,-38.94,True
2026-07-02,3702.TW,3702,108.0,47.85,無特殊徵兆,➖ 中性/偏空,✅ 趨勢追蹤中，尚未觸發佈局點,1.85,-0.93,1.85,False,4.17,-3.24,-1.39,False,13.89,-3.24,5.09,False,13.89,-5.56,-2.31,True
2026-07-02,8150.TW,8150,107.5,58.75,無特殊徵兆,➖ 中性/偏空,✅ 趨勢追蹤中，尚未觸發佈局點,1.86,-3.72,-2.33,False,10.23,-4.19,8.84,False,16.28,-4.19,13.95,False,16.28,-38.88,-38.6,True
2026-07-02,3293.TWO,3293O,801.0,57.75,無特殊徵兆,➖ 中性/偏空,✅ 趨勢追蹤中，尚未觸發佈局點,-3.6,-5.51,-5.15,True,-3.6,-8.61,-7.12,True,-3.6,-12.98,-12.11,True,-3.6,-14.86,-6.49,True
2026-07-02,8150.TW,8150,107.5,58.75,無特殊徵兆,➖ 中性/偏空,✅ 趨勢追蹤中，尚未觸發佈局點,1.86,-3.72,-2.33,False,10.23,-4.19,8.84,False,16.28,-4.19,13.95,False,16.28,-38.88,-38.6,True
2026-07-02,2449.TW,京元電子,337.0,58.44,無特殊徵兆,➖ 中性/偏空,✅ 趨勢追蹤中，尚未觸發佈局點,-4.98,-8.5,-5.69,True,3.46,-15.26,-13.15,True,3.46,-21.59,-10.47,True,3.46,-42.14,-39.61,True
2026-07-02,6116.TW,彩晶,18.4,56.01,無特殊徵兆,➖ 中性/偏空,✅ 趨勢追蹤中，尚未觸發佈局點,0.82,-2.17,-1.36,False,3.8,-10.33,-6.52,True,3.8,-17.66,-12.5,True,3.8,-37.23,-35.87,True
2026-07-02,2409.TW,友達,30.35,59.65,無特殊徵兆,➖ 中性/偏空,✅ 趨勢追蹤中，尚未觸發佈局點,-1.21,-4.12,-2.83,False,6.89,-7.68,1.87,True,6.89,-14.16,-10.44,True,6.89,-28.74,-26.85,True
2026-07-02,2382.TW,廣達,370.5,54.44,無特殊徵兆,➖ 中性/偏空,✅ 趨勢追蹤中，尚未觸發佈局點,-2.15,-4.61,-2.41,False,1.73,-5.0,-3.32,True,1.73,-5.8,-4.99,True,1.73,-24.7,-24.7,True
2026-07-02,0050.TW,元大台灣50,108.8,59.42,庫存動態防禦,➖ 中性/偏空,🛡️【洗盤耐受區】嚴禁攤平加碼，死守底線 (90.23)！,-0.6,-3.07,-1.02,False,0.13,-4.03,-3.35,False,0.13,-6.59,-2.8,True,0.13,-15.62,-14.06,True
2026-07-02,0050.TW,元大台灣50,108.3,58.31,庫存動態防禦,➖ 中性/偏空,🛡️【洗盤耐受區】嚴禁攤平加碼，死守底線 (89.73)！,-0.15,-2.62,-0.56,False,0.59,-3.59,-2.9,False,0.59,-6.16,-2.35,True,0.59,-15.24,-13.67,True
2026-07-02,8150.TW,南茂,107.5,58.75,無特殊徵兆,➖ 中性/偏空,✅ 趨勢追蹤中，尚未觸發佈局點,1.86,-3.72,-2.33,False,10.23,-4.19,8.84,False,16.28,-4.19,13.95,False,16.28,-38.88,-38.6,True
2026-07-02,1301.TW,台塑,59.7,66.84,無特殊徵兆,➖ 中性/偏空,✅ 趨勢追蹤中，尚未觸發佈局點,7.2,-1.17,4.02,False,7.2,-8.38,-8.21,True,14.91,-8.38,9.88,True,16.92,-10.39,-9.55,True
2026-07-02,1326.TW,台化,61.9,66.4,無特殊徵兆,➖ 中性/偏空,✅ 趨勢追蹤中，尚未觸發佈局點,9.85,1.62,9.85,False,17.93,-4.04,-3.07,False,17.93,-4.04,11.31,False,25.36,-9.85,-8.89,True
2026-07-02,1476.TW,儒鴻,314.5,44.17,無特殊徵兆,➖ 中性/偏空,✅ 趨勢追蹤中，尚未觸發佈局點,3.02,0.16,2.86,False,,,,False,,,,False,,,,False
2026-07-02,1513.TW,中興電,177.0,56.57,無特殊徵兆,➖ 中性/偏空,✅ 趨勢追蹤中，尚未觸發佈局點,-2.95,-4.32,-3.77,False,-0.77,-6.5,-4.8,True,-0.77,-10.17,-5.65,True,-0.77,-17.8,-16.95,True
2026-07-02,2408.TW,南亞科,405.0,50.96,無特殊徵兆,➖ 中性/偏空,✅ 趨勢追蹤中，尚未觸發佈局點,3.25,-3.15,0.79,False,9.03,-3.46,7.53,False,20.86,-3.46,8.4,False,20.86,-20.49,-19.01,True
2026-07-02,1605.TW,華新,35.35,45.56,無特殊徵兆,➖ 中性/偏空,✅ 趨勢追蹤中，尚未觸發佈局點,3.96,-0.57,2.55,False,7.78,-3.54,-2.69,False,7.78,-8.77,-1.7,True,7.78,-19.8,-19.09,True
2026-07-02,1795.TW,美時,193.0,47.58,無特殊徵兆,➖ 中性/偏空,✅ 趨勢追蹤中，尚未觸發佈局點,4.66,0.0,3.37,False,4.66,-6.74,-4.92,True,,,,False,,,,False
2026-07-02,1802.TW,台玻,70.2,51.87,無特殊徵兆,➖ 中性/偏空,✅ 趨勢追蹤中，尚未觸發佈局點,-0.57,-3.28,-1.99,False,,,,False,,,,False,,,,False
2026-07-02,2303.TW,聯電,162.0,61.09,無特殊徵兆,➖ 中性/偏空,✅ 趨勢追蹤中，尚未觸發佈局點,3.48,-3.81,3.48,False,4.08,-8.02,-3.7,True,4.08,-13.58,-1.23,True,4.08,-36.73,-32.1,True
2026-07-02,2317.TW,鴻海,239.5,40.96,無特殊徵兆,➖ 中性/偏空,✅ 趨勢追蹤中，尚未觸發佈局點,0.63,-1.46,0.42,False,3.34,-2.3,-0.84,False,3.34,-3.97,1.25,False,8.35,-5.43,-4.18,True
2026-07-02,2324.TW,仁寶,34.5,45.17,無特殊徵兆,➖ 中性/偏空,✅ 趨勢追蹤中，尚未觸發佈局點,1.45,-0.58,1.3,False,9.13,-0.58,6.09,False,10.72,-0.58,4.2,False,10.72,-3.77,-2.17,False
2026-07-02,2330.TW,台積電,2465.0,59.2,無特殊徵兆,➖ 中性/偏空,✅ 趨勢追蹤中，尚未觸發佈局點,0.0,-2.03,-0.81,False,1.42,-2.03,-2.03,False,1.42,-3.04,0.2,False,1.42,-11.56,-10.55,True
2026-07-02,2344.TW,華邦電,182.0,50.63,無特殊徵兆,➖ 中性/偏空,✅ 趨勢追蹤中，尚未觸發佈局點,3.3,-2.75,1.37,False,9.89,-9.34,-3.02,True,9.89,-14.29,-5.49,True,9.89,-35.71,-34.89,True
2026-07-02,2352.TW,佳士達,32.55,58.58,無特殊徵兆,➖ 中性/偏空,✅ 趨勢追蹤中，尚未觸發佈局點,-0.62,-6.56,-4.33,True,7.85,-6.56,-1.95,True,7.85,-12.35,-6.85,True,7.85,-19.97,-18.74,True
2026-07-02,2353.TW,宏碁,31.95,45.07,無特殊徵兆,➖ 中性/偏空,✅ 趨勢追蹤中，尚未觸發佈局點,2.97,-0.47,2.97,False,5.63,-0.47,1.72,False,5.63,-6.42,-3.76,True,5.63,-13.46,-12.68,True
2026-07-02,2356.TW,英業達,67.5,54.72,無特殊徵兆,➖ 中性/偏空,✅ 趨勢追蹤中，尚未觸發佈局點,-1.7,-4.29,-3.0,False,4.47,-8.74,0.16,True,4.47,-12.61,-10.07,True,4.47,-15.85,-14.81,True
2026-07-02,2371.TW,大同,27.4,42.81,無特殊徵兆,➖ 中性/偏空,✅ 趨勢追蹤中，尚未觸發佈局點,3.47,-0.0,2.19,False,4.93,-2.19,1.09,False,4.93,-2.19,-1.09,False,4.93,-14.96,-14.23,True
2026-07-02,2377.TW,微星,143.5,61.35,無特殊徵兆,➖ 中性/偏空,✅ 趨勢追蹤中，尚未觸發佈局點,-2.19,-4.22,-3.21,False,-0.16,-7.94,-1.85,True,3.56,-7.94,-1.85,True,6.95,-10.99,-7.94,True
2026-07-02,2379.TW,瑞昱,817.0,61.29,無特殊徵兆,➖ 中性/偏空,✅ 趨勢追蹤中，尚未觸發佈局點,-1.35,-4.41,-4.16,False,3.79,-5.88,2.82,True,3.79,-12.85,-12.85,True,3.79,-16.03,-14.69,True
2026-07-02,1609.TW,大亞,38.1,55.09,無特殊徵兆,➖ 中性/偏空,✅ 趨勢追蹤中，尚未觸發佈局點,6.17,-0.66,4.46,False,16.14,-0.66,2.62,False,16.14,-1.44,1.31,False,16.14,-15.75,-14.7,True
2026-07-02,2105.TW,2105,31.7,57.7,無特殊徵兆,➖ 中性/偏空,✅ 趨勢追蹤中，尚未觸發佈局點,4.89,-0.63,1.42,False,,,,False,,,,False,,,,False
2026-07-02,8150.TW,南茂,108.5,59.32,無特殊徵兆,➖ 中性/偏空,✅ 趨勢追蹤中，尚未觸發佈局點,0.92,-4.61,-3.23,False,9.22,-5.07,7.83,True,15.21,-5.07,12.9,True,15.21,-39.45,-39.17,True
2026-07-02,3037.TW,欣興,979.0,51.63,無特殊徵兆,➖ 中性/偏空,✅ 趨勢追蹤中，尚未觸發佈局點,0.1,-5.61,-1.22,True,0.1,-14.61,-10.62,True,0.1,-15.63,-9.91,True,0.1,-33.3,-26.86,True
2026-07-02,3163.TWO,波若威,775.0,39.69,無特殊徵兆,➖ 中性/偏空,✅ 趨勢追蹤中，尚未觸發佈局點,-10.31,-17.87,-10.42,True,-5.38,-20.5,-18.3,True,-5.38,-25.86,-20.71,True,-5.38,-37.29,-36.13,True
2026-07-02,3231.TW,緯創,158.5,51.19,無特殊徵兆,➖ 中性/偏空,✅ 趨勢追蹤中，尚未觸發佈局點,-1.71,-4.15,-3.23,False,-1.41,-8.83,-8.83,True,-1.41,-12.3,-7.57,True,16.09,-12.3,0.95,True
2026-07-02,3324.TWO,雙鴻,1040.0,50.19,無特殊徵兆,➖ 中性/偏空,✅ 趨勢追蹤中，尚未觸發佈局點,-0.96,-2.88,-1.92,False,-0.48,-13.08,-11.54,True,-0.48,-21.25,-13.27,True,-0.48,-22.12,-21.15,True
2026-07-02,3714.TW,富采,62.1,43.83,無特殊徵兆,➖ 中性/偏空,✅ 趨勢追蹤中，尚未觸發佈局點,0.81,-1.29,0.32,False,9.34,-2.9,2.58,False,9.34,-8.21,-7.09,True,9.34,-28.26,-26.65,True
2026-07-02,4904.TW,遠傳,103.0,46.55,無特殊徵兆,➖ 中性/偏空,✅ 趨勢追蹤中，尚未觸發佈局點,1.94,-0.97,1.94,False,,,,False,,,,False,,,,False
2026-07-02,6116.TW,彩晶,18.5,56.37,無特殊徵兆,➖ 中性/偏空,✅ 趨勢追蹤中，尚未觸發佈局點,0.27,-2.7,-1.89,False,3.24,-10.81,-7.03,True,3.24,-18.11,-12.97,True,3.24,-37.57,-36.22,True
2026-07-02,6239.TW,力成,333.5,53.31,無特殊徵兆,➖ 中性/偏空,✅ 趨勢追蹤中，尚未觸發佈局點,0.57,-5.46,-0.61,True,5.86,-9.14,-5.9,True,5.86,-15.61,-6.93,True,5.86,-37.03,-35.68,True
2026-07-02,6269.TW,台郡,65.7,43.93,無特殊徵兆,➖ 中性/偏空,✅ 趨勢追蹤中，尚未觸發佈局點,2.28,-1.83,1.67,False,5.33,-5.48,-4.87,True,5.33,-11.72,-7.0,True,5.33,-29.98,-29.98,True
2026-07-02,6415.TW,矽力-KY,624.0,57.6,無特殊徵兆,➖ 中性/偏空,✅ 趨勢追蹤中，尚未觸發佈局點,-2.72,-4.65,-3.04,False,3.37,-16.35,-16.19,True,3.37,-24.52,-24.2,True,3.37,-41.99,-39.82,True
2026-07-02,2887.TW,台新金,33.0,72.73,無特殊徵兆,➖ 中性/偏空,✅ 趨勢追蹤中，尚未觸發佈局點,1.7,-3.98,-0.48,False,8.26,-3.98,7.38,False,10.01,-3.98,5.34,False,10.01,-3.98,0.45,False
2026-07-02,1301.TW,1301,59.7,66.84,無特殊徵兆,➖ 中性/偏空,✅ 趨勢追蹤中，尚未觸發佈局點,7.2,-1.17,4.02,False,7.2,-8.38,-8.21,True,14.91,-8.38,9.88,True,16.92,-10.39,-9.55,True
2026-07-02,1326.TW,1326,61.9,66.4,無特殊徵兆,➖ 中性/偏空,✅ 趨勢追蹤中，尚未觸發佈局點,9.85,1.62,9.85,False,17.93,-4.04,-3.07,False,17.93,-4.04,11.31,False,25.36,-9.85,-8.89,True
2026-07-02,3042.TW,3042,226.5,61.38,無特殊徵兆,➖ 中性/偏空,✅ 趨勢追蹤中，尚未觸發佈局點,9.93,-0.88,9.93,False,10.38,-12.58,-11.7,True,10.38,-20.97,-17.66,True,10.38,-40.84,-39.51,True
2026-07-02,8081.TW,8081,316.0,63.45,無特殊徵兆,➖ 中性/偏空,✅ 趨勢追蹤中，尚未觸發佈局點,1.74,-1.58,1.11,False,6.49,-10.76,-10.44,True,6.49,-20.57,-19.62,True,6.49,-27.53,-26.58,True
2026-07-02,3661.TW,3661,4895.0,63.42,🚀 首次突破20日高點,➖ 中性/偏空,⚡【初升段起漲】放量突破關鍵價位，小注試單！,-0.1,-5.41,-5.01,True,-0.1,-19.0,-13.99,True,-0.1,-25.94,-22.98,True,-0.1,-46.27,-43.11,True
2026-07-02,3042.TW,3042,226.5,61.38,無特殊徵兆,➖ 中性/偏空,✅ 趨勢追蹤中，尚未觸發佈局點,9.93,-0.88,9.93,False,10.38,-12.58,-11.7,True,10.38,-20.97,-17.66,True,10.38,-40.84,-39.51,True
2026-07-02,8081.TW,8081,316.0,63.45,無特殊徵兆,➖ 中性/偏空,✅ 趨勢追蹤中，尚未觸發佈局點,1.74,-1.58,1.11,False,6.49,-10.76,-10.44,True,6.49,-20.57,-19.62,True,6.49,-27.53,-26.58,True
2026-07-02,2231.TW,2231,107.0,60.81,無特殊徵兆,➖ 中性/偏空,✅ 趨勢追蹤中，尚未觸發佈局點,12.53,2.76,10.2,False,17.64,2.76,3.23,False,19.04,2.76,9.74,False,19.04,-19.74,-16.3,True
2026-07-02,3661.TW,3661,4895.0,63.42,無特殊徵兆,➖ 中性/偏空,✅ 趨勢追蹤中，尚未觸發佈局點,-0.1,-5.41,-5.01,True,-0.1,-19.0,-13.99,True,-0.1,-25.94,-22.98,True,-0.1,-46.27,-43.11,True
2026-07-02,1301.TW,1301,59.7,66.84,無特殊徵兆,➖ 中性/偏空,✅ 趨勢追蹤中，尚未觸發佈局點,7.2,-1.17,4.02,False,7.2,-8.38,-8.21,True,14.91,-8.38,9.88,True,16.92,-10.39,-9.55,True
2026-07-02,3042.TW,3042,226.5,61.38,無特殊徵兆,➖ 中性/偏空,✅ 趨勢追蹤中，尚未觸發佈局點,9.93,-0.88,9.93,False,10.38,-12.58,-11.7,True,10.38,-20.97,-17.66,True,10.38,-40.84,-39.51,True
2026-07-02,2883.TW,凱基金,27.9,58.37,無特殊徵兆,➖ 中性/偏空,✅ 趨勢追蹤中，尚未觸發佈局點,2.33,-1.08,1.97,False,11.83,-1.08,7.71,False,11.83,-1.08,9.5,False,12.19,-1.08,3.76,False
2026-07-02,2637.TW,慧洋,71.7,41.45,無特殊徵兆,➖ 中性/偏空,✅ 趨勢追蹤中，尚未觸發佈局點,23.85,21.06,22.73,False,23.85,17.02,23.71,False,,,,False,,,,False
2026-07-02,1301.TW,台塑,59.7,66.84,無特殊徵兆,➖ 中性/偏空,✅ 趨勢追蹤中，尚未觸發佈局點,7.2,-1.17,4.02,False,7.2,-8.38,-8.21,True,14.91,-8.38,9.88,True,16.92,-10.39,-9.55,True
2026-07-02,1326.TW,台化,61.9,66.4,無特殊徵兆,➖ 中性/偏空,✅ 趨勢追蹤中，尚未觸發佈局點,9.85,1.62,9.85,False,17.93,-4.04,-3.07,False,17.93,-4.04,11.31,False,25.36,-9.85,-8.89,True
2026-07-02,1476.TW,儒鴻,315.0,44.54,無特殊徵兆,➖ 中性/偏空,✅ 趨勢追蹤中，尚未觸發佈局點,2.86,0.0,2.7,False,,,,False,,,,False,,,,False
2026-07-02,1513.TW,中興電,176.5,55.83,無特殊徵兆,➖ 中性/偏空,✅ 趨勢追蹤中，尚未觸發佈局點,-2.68,-4.05,-3.5,False,-0.49,-6.23,-4.53,True,-0.49,-9.92,-5.38,True,-0.49,-17.56,-16.71,True
2026-07-02,1605.TW,華新,35.55,46.09,無特殊徵兆,➖ 中性/偏空,✅ 趨勢追蹤中，尚未觸發佈局點,3.38,-1.13,1.97,False,7.17,-4.08,-3.23,False,7.17,-9.28,-2.25,True,7.17,-20.25,-19.55,True
2026-07-02,1609.TW,大亞,38.15,55.31,無特殊徵兆,➖ 中性/偏空,✅ 趨勢追蹤中，尚未觸發佈局點,6.03,-0.79,4.33,False,15.99,-0.79,2.49,False,15.99,-1.57,1.18,False,15.99,-15.86,-14.81,True
2026-07-02,1795.TW,美時,192.0,46.49,無特殊徵兆,➖ 中性/偏空,✅ 趨勢追蹤中，尚未觸發佈局點,5.21,0.52,3.91,False,5.21,-6.25,-4.43,True,,,,False,,,,False
2026-07-02,1802.TW,台玻,70.4,52.14,無特殊徵兆,➖ 中性/偏空,✅ 趨勢追蹤中，尚未觸發佈局點,-0.85,-3.55,-2.27,False,,,,False,,,,False,,,,False
2026-07-02,2303.TW,聯電,165.5,63.85,無特殊徵兆,➖ 中性/偏空,✅ 趨勢追蹤中，尚未觸發佈局點,1.29,-5.84,1.29,True,1.88,-9.97,-5.74,True,1.88,-15.41,-3.32,True,1.88,-38.07,-33.53,True
2026-07-02,2317.TW,鴻海,239.0,40.67,無特殊徵兆,➖ 中性/偏空,✅ 趨勢追蹤中，尚未觸發佈局點,0.84,-1.26,0.63,False,3.56,-2.09,-0.63,False,3.56,-3.77,1.46,False,8.58,-5.23,-3.97,True
2026-07-02,2324.TW,仁寶,34.8,46.19,無特殊徵兆,➖ 中性/偏空,✅ 趨勢追蹤中，尚未觸發佈局點,0.57,-1.44,0.43,False,8.19,-1.44,5.17,False,9.77,-1.44,3.3,False,9.77,-4.6,-3.02,False
2026-07-02,2886.TW,兆豐金,46.0,67.38,無特殊徵兆,➖ 中性/偏空,✅ 趨勢追蹤中，尚未觸發佈局點,-1.92,-4.85,-4.64,False,-0.97,-4.96,-2.13,False,-0.24,-4.96,-2.34,False,8.35,-4.96,7.93,False
2026-07-02,2330.TW,台積電,2465.0,59.2,無特殊徵兆,➖ 中性/偏空,✅ 趨勢追蹤中，尚未觸發佈局點,0.0,-2.03,-0.81,False,1.42,-2.03,-2.03,False,1.42,-3.04,0.2,False,1.42,-11.56,-10.55,True
2026-07-02,2352.TW,佳士達,31.9,56.0,無特殊徵兆,➖ 中性/偏空,✅ 趨勢追蹤中，尚未觸發佈局點,1.41,-4.65,-2.38,False,10.05,-4.65,0.05,False,10.05,-10.57,-4.96,True,10.05,-18.34,-17.08,True
2026-07-02,2353.TW,宏碁,32.0,45.23,無特殊徵兆,➖ 中性/偏空,✅ 趨勢追蹤中，尚未觸發佈局點,2.81,-0.63,2.81,False,5.47,-0.63,1.56,False,5.47,-6.56,-3.91,True,5.47,-13.59,-12.81,True
2026-07-02,2356.TW,英業達,67.2,54.14,無特殊徵兆,➖ 中性/偏空,✅ 趨勢追蹤中，尚未觸發佈局點,-1.27,-3.86,-2.56,False,4.93,-8.33,0.61,True,4.93,-12.22,-9.67,True,4.93,-15.48,-14.43,True
2026-07-02,2371.TW,大同,27.45,43.23,無特殊徵兆,➖ 中性/偏空,✅ 趨勢追蹤中，尚未觸發佈局點,3.28,-0.18,2.0,False,4.74,-2.37,0.91,False,4.74,-2.37,-1.28,False,4.74,-15.12,-14.39,True
2026-07-02,2377.TW,微星,143.0,60.7,無特殊徵兆,➖ 中性/偏空,✅ 趨勢追蹤中，尚未觸發佈局點,-1.85,-3.89,-2.87,False,0.19,-7.62,-1.51,True,3.93,-7.62,-1.51,True,7.32,-10.68,-7.62,True
2026-07-02,2379.TW,瑞昱,811.0,60.51,無特殊徵兆,➖ 中性/偏空,✅ 趨勢追蹤中，尚未觸發佈局點,-0.62,-3.7,-3.45,False,4.56,-5.18,3.58,True,4.56,-12.21,-12.21,True,4.56,-15.41,-14.06,True
2026-07-02,2382.TW,廣達,369.0,53.54,無特殊徵兆,➖ 中性/偏空,✅ 趨勢追蹤中，尚未觸發佈局點,-1.76,-4.22,-2.02,False,2.14,-4.61,-2.92,False,2.14,-5.42,-4.61,True,2.14,-24.39,-24.39,True
2026-07-02,2408.TW,南亞科,407.0,51.31,無特殊徵兆,➖ 中性/偏空,✅ 趨勢追蹤中，尚未觸發佈局點,2.74,-3.63,0.29,False,8.5,-3.93,7.0,False,20.27,-3.93,7.86,False,20.27,-20.88,-19.41,True
2026-07-02,2409.TW,友達,30.5,60.11,無特殊徵兆,➖ 中性/偏空,✅ 趨勢追蹤中，尚未觸發佈局點,-1.69,-4.59,-3.3,False,6.37,-8.14,1.37,True,6.37,-14.58,-10.88,True,6.37,-29.09,-27.21,True
2026-07-02,2449.TW,京元電子,347.5,61.03,無特殊徵兆,➖ 中性/偏空,✅ 趨勢追蹤中，尚未觸發佈局點,-7.85,-11.27,-8.54,True,0.34,-17.82,-15.77,True,0.34,-23.96,-13.18,True,0.34,-43.88,-41.44,True
2026-07-02,2454.TW,聯發科,4345.0,55.25,無特殊徵兆,➖ 中性/偏空,✅ 趨勢追蹤中，尚未觸發佈局點,-3.22,-5.74,-4.03,True,-1.05,-9.67,-9.67,True,-1.05,-19.1,-14.84,True,-1.05,-31.19,-25.55,True
2026-07-02,2606.TW,裕民,60.0,40.09,無特殊徵兆,➖ 中性/偏空,✅ 趨勢追蹤中，尚未觸發佈局點,3.67,0.17,3.0,False,,,,False,,,,False,,,,False
2026-07-02,2344.TW,華邦電,183.5,51.23,無特殊徵兆,➖ 中性/偏空,✅ 趨勢追蹤中，尚未觸發佈局點,2.45,-3.54,0.54,False,8.99,-10.08,-3.81,True,8.99,-14.99,-6.27,True,8.99,-36.24,-35.42,True
2026-07-02,8150.TW,8150,107.5,58.75,無特殊徵兆,➖ 中性/偏空,✅ 趨勢追蹤中，尚未觸發佈局點,1.86,-3.72,-2.33,False,10.23,-4.19,8.84,False,16.28,-4.19,13.95,False,16.28,-38.88,-38.6,True
2026-07-02,3324.TWO,雙鴻,1030.0,48.97,無特殊徵兆,➖ 中性/偏空,✅ 趨勢追蹤中，尚未觸發佈局點,0.0,-1.94,-0.97,False,0.49,-12.23,-10.68,True,0.49,-20.49,-12.43,True,0.49,-21.36,-20.39,True
2026-07-02,8150.TW,8150,107.5,58.75,無特殊徵兆,➖ 中性/偏空,✅ 趨勢追蹤中，尚未觸發佈局點,1.86,-3.72,-2.33,False,10.23,-4.19,8.84,False,16.28,-4.19,13.95,False,16.28,-38.88,-38.6,True
2026-07-02,2637.TW,慧洋,70.9,38.97,無特殊徵兆,➖ 中性/偏空,✅ 趨勢追蹤中，尚未觸發佈局點,25.25,22.43,24.12,False,25.25,18.34,25.11,False,,,,False,,,,False
2026-07-02,2886.TW,兆豐金,45.6,63.44,無特殊徵兆,➖ 中性/偏空,✅ 趨勢追蹤中，尚未觸發佈局點,-1.06,-4.02,-3.8,False,-0.11,-4.12,-1.27,False,0.63,-4.12,-1.48,False,9.3,-4.12,8.88,False
2026-07-02,2883.TW,凱基金,28.2,60.9,無特殊徵兆,➖ 中性/偏空,✅ 趨勢追蹤中，尚未觸發佈局點,1.24,-2.13,0.89,False,10.64,-2.13,6.56,False,10.64,-2.13,8.33,False,10.99,-2.13,2.66,False
2026-07-02,2887.TW,台新金,33.15,74.34,無特殊徵兆,➖ 中性/偏空,✅ 趨勢追蹤中，尚未觸發佈局點,1.24,-4.42,-0.93,False,7.77,-4.42,6.9,False,9.51,-4.42,4.87,False,9.51,-4.42,0.0,False
2026-07-02,3037.TW,欣興,1005.0,54.01,無特殊徵兆,➖ 中性/偏空,✅ 趨勢追蹤中，尚未觸發佈局點,-2.49,-8.05,-3.78,True,-2.49,-16.82,-12.94,True,-2.49,-17.81,-12.24,True,-2.49,-35.02,-28.76,True
2026-07-02,3163.TWO,波若威,750.0,36.88,無特殊徵兆,➖ 中性/偏空,✅ 趨勢追蹤中，尚未觸發佈局點,-7.32,-15.13,-7.43,True,-2.23,-17.85,-15.58,True,-2.23,-23.39,-18.07,True,-2.23,-35.2,-34.0,True
2026-07-02,3231.TW,緯創,157.0,49.8,無特殊徵兆,➖ 中性/偏空,✅ 趨勢追蹤中，尚未觸發佈局點,-0.77,-3.23,-2.31,False,-0.47,-7.96,-7.96,True,-0.47,-11.46,-6.69,True,17.2,-11.46,1.91,True
2026-07-02,3324.TWO,雙鴻,988.0,43.88,無特殊徵兆,➖ 中性/偏空,✅ 趨勢追蹤中，尚未觸發佈局點,4.25,2.23,3.24,False,4.76,-8.5,-6.88,True,4.76,-17.11,-8.7,True,4.76,-18.02,-17.0,True
2026-07-02,3714.TW,富采,61.6,43.18,無特殊徵兆,➖ 中性/偏空,✅ 趨勢追蹤中，尚未觸發佈局點,1.62,-0.49,1.14,False,10.23,-2.11,3.41,False,10.23,-7.47,-6.33,True,10.23,-27.68,-26.06,True
2026-07-02,4904.TW,遠傳,103.5,47.99,無特殊徵兆,➖ 中性/偏空,✅ 趨勢追蹤中，尚未觸發佈局點,1.45,-1.45,1.45,False,,,,False,,,,False,,,,False
2026-07-02,6116.TW,彩晶,18.3,55.59,無特殊徵兆,➖ 中性/偏空,✅ 趨勢追蹤中，尚未觸發佈局點,1.37,-1.64,-0.82,False,4.37,-9.84,-6.01,True,4.37,-17.21,-12.02,True,4.37,-36.89,-35.52,True
2026-07-02,6239.TW,力成,317.0,48.67,無特殊徵兆,➖ 中性/偏空,✅ 趨勢追蹤中，尚未觸發佈局點,5.8,-0.54,4.57,False,11.37,-4.41,-1.0,False,11.37,-11.21,-2.09,True,11.37,-33.75,-32.33,True
2026-07-02,6269.TW,台郡,63.8,42.08,無特殊徵兆,➖ 中性/偏空,✅ 趨勢追蹤中，尚未觸發佈局點,5.33,1.1,4.7,False,8.46,-2.66,-2.04,False,8.46,-9.09,-4.23,True,8.46,-27.9,-27.9,True
2026-07-02,6415.TW,矽力-KY,588.0,53.06,無特殊徵兆,➖ 中性/偏空,✅ 趨勢追蹤中，尚未觸發佈局點,3.23,1.19,2.89,False,9.69,-11.22,-11.05,True,9.69,-19.9,-19.56,True,9.69,-38.44,-36.14,True
2026-07-02,3702.TW,3702,108.0,47.85,無特殊徵兆,➖ 中性/偏空,✅ 趨勢追蹤中，尚未觸發佈局點,1.85,-0.93,1.85,False,4.17,-3.24,-1.39,False,13.89,-3.24,5.09,False,13.89,-5.56,-2.31,True
2026-07-02,8150.TW,8150,104.0,56.07,無特殊徵兆,➖ 中性/偏空,✅ 趨勢追蹤中，尚未觸發佈局點,5.29,-0.48,0.96,False,13.94,-0.96,12.5,False,20.19,-0.96,17.79,False,20.19,-36.83,-36.54,True
2026-07-02,3293.TWO,3293O,810.0,60.45,無特殊徵兆,➖ 中性/偏空,✅ 趨勢追蹤中，尚未觸發佈局點,-4.68,-6.56,-6.21,True,-4.68,-9.63,-8.15,True,-4.68,-13.95,-13.09,True,-4.68,-15.8,-7.53,True
2026-07-02,5483.TWO,5483O,192.0,62.76,無特殊徵兆,➖ 中性/偏空,✅ 趨勢追蹤中，尚未觸發佈局點,8.72,0.74,8.46,False,14.65,0.74,8.46,False,44.02,0.74,33.45,False,44.02,-21.61,-20.57,True
2026-07-02,8150.TW,8150,104.0,56.07,無特殊徵兆,➖ 中性/偏空,✅ 趨勢追蹤中，尚未觸發佈局點,5.29,-0.48,0.96,False,13.94,-0.96,12.5,False,20.19,-0.96,17.79,False,20.19,-36.83,-36.54,True
2026-07-02,2049.TW,2049,342.0,51.69,無特殊徵兆,➖ 中性/偏空,✅ 趨勢追蹤中，尚未觸發佈局點,3.51,-0.58,2.34,False,,,,False,,,,False,,,,False
2026-07-02,2231.TW,2231,106.5,60.02,無特殊徵兆,➖ 中性/偏空,✅ 趨勢追蹤中，尚未觸發佈局點,13.06,3.25,10.72,False,18.2,3.25,3.71,False,19.6,3.25,10.25,False,19.6,-19.36,-15.91,True
2026-07-02,2606.TW,裕民,59.5,37.65,無特殊徵兆,➖ 中性/偏空,✅ 趨勢追蹤中，尚未觸發佈局點,4.54,1.01,3.87,False,,,,False,,,,False,,,,False
2026-07-02,2454.TW,聯發科,4165.0,51.0,無特殊徵兆,➖ 中性/偏空,✅ 趨勢追蹤中，尚未觸發佈局點,0.96,-1.67,0.12,False,3.22,-5.76,-5.76,True,3.22,-15.61,-11.16,True,3.22,-28.21,-22.33,True
2026-07-02,2449.TW,京元電子,320.0,52.97,無特殊徵兆,➖ 中性/偏空,✅ 趨勢追蹤中，尚未觸發佈局點,0.06,-3.64,-0.68,False,8.96,-10.76,-8.53,True,8.96,-17.43,-5.72,True,8.96,-39.06,-36.41,True
2026-07-02,3293.TWO,3293O,795.0,56.08,無特殊徵兆,➖ 中性/偏空,✅ 趨勢追蹤中，尚未觸發佈局點,-2.88,-4.8,-4.44,False,-2.88,-7.92,-6.42,True,-2.88,-12.33,-11.45,True,-2.88,-14.21,-5.79,True
2026-07-02,3019.TW,亞光,140.5,44.72,庫存動態防禦,➖ 中性/偏空,🩸【戰術撤離】跌破防守底線 (140.00)，無條件停損變現！,8.9,5.69,8.19,False,13.52,1.42,2.14,False,13.52,-2.14,0.71,False,13.52,-16.01,-15.3,True
2026-07-02,0050.TW,元大台灣50,107.2,57.29,庫存動態防禦,➖ 中性/偏空,🛡️【洗盤耐受區】嚴禁攤平加碼，死守底線 (102.35)！,0.88,-1.62,0.46,False,1.62,-2.6,-1.9,False,1.62,-5.19,-1.35,True,1.62,-14.37,-12.78,True
2026-07-02,8150.TW,南茂,104.0,56.07,無特殊徵兆,➖ 中性/偏空,✅ 趨勢追蹤中，尚未觸發佈局點,5.29,-0.48,0.96,False,13.94,-0.96,12.5,False,20.19,-0.96,17.79,False,20.19,-36.83,-36.54,True
2026-07-02,1301.TW,台塑,53.6,57.57,無特殊徵兆,➖ 中性/偏空,✅ 趨勢追蹤中，尚未觸發佈局點,19.4,10.07,15.86,False,19.4,2.05,2.24,False,27.99,2.05,22.39,False,30.22,-0.19,0.75,False
2026-07-02,1326.TW,台化,55.9,57.66,無特殊徵兆,➖ 中性/偏空,✅ 趨勢追蹤中，尚未觸發佈局點,21.65,12.52,21.65,False,30.59,6.26,7.33,False,30.59,6.26,23.26,False,38.82,-0.18,0.89,False
2026-07-02,1476.TW,儒鴻,311.5,41.87,無特殊徵兆,➖ 中性/偏空,✅ 趨勢追蹤中，尚未觸發佈局點,4.01,1.12,3.85,False,,,,False,,,,False,,,,False
2026-07-02,1536.TW,和大,47.7,42.62,無特殊徵兆,➖ 中性/偏空,✅ 趨勢追蹤中，尚未觸發佈局點,12.16,5.87,9.43,False,15.3,3.56,15.3,False,19.92,3.56,10.69,False,19.92,-6.08,-5.66,True
2026-07-02,1605.TW,華新,35.35,45.56,無特殊徵兆,➖ 中性/偏空,✅ 趨勢追蹤中，尚未觸發佈局點,3.96,-0.57,2.55,False,7.78,-3.54,-2.69,False,7.78,-8.77,-1.7,True,7.78,-19.8,-19.09,True
2026-07-02,1609.TW,大亞,38.3,55.98,無特殊徵兆,➖ 中性/偏空,✅ 趨勢追蹤中，尚未觸發佈局點,5.61,-1.17,3.92,False,15.54,-1.17,2.09,False,15.54,-1.96,0.78,False,15.54,-16.19,-15.14,True
2026-07-02,5483.TWO,5483O,192.0,62.76,無特殊徵兆,➖ 中性/偏空,✅ 趨勢追蹤中，尚未觸發佈局點,8.72,0.74,8.46,False,14.65,0.74,8.46,False,44.02,0.74,33.45,False,44.02,-21.61,-20.57,True
2026-07-02,1795.TW,美時,189.0,42.95,無特殊徵兆,➖ 中性/偏空,✅ 趨勢追蹤中，尚未觸發佈局點,6.88,2.12,5.56,False,6.88,-4.76,-2.91,False,,,,False,,,,False
2026-07-02,2317.TW,鴻海,240.5,41.57,無特殊徵兆,➖ 中性/偏空,✅ 趨勢追蹤中，尚未觸發佈局點,0.21,-1.87,0.0,False,2.91,-2.7,-1.25,False,2.91,-4.37,0.83,False,7.9,-5.82,-4.57,True
2026-07-02,2324.TW,仁寶,34.2,44.28,無特殊徵兆,➖ 中性/偏空,✅ 趨勢追蹤中，尚未觸發佈局點,2.34,0.29,2.19,False,10.09,0.29,7.02,False,11.7,0.29,5.12,False,11.7,-2.92,-1.32,False
2026-07-02,2330.TW,台積電,2450.0,57.76,無特殊徵兆,➖ 中性/偏空,✅ 趨勢追蹤中，尚未觸發佈局點,0.61,-1.43,-0.2,False,2.04,-1.43,-1.43,False,2.04,-2.45,0.82,False,2.04,-11.02,-10.0,True
2026-07-02,2344.TW,華邦電,180.0,49.86,無特殊徵兆,➖ 中性/偏空,✅ 趨勢追蹤中，尚未觸發佈局點,4.44,-1.67,2.5,False,11.11,-8.33,-1.94,True,11.11,-13.33,-4.44,True,11.11,-35.0,-34.17,True
2026-07-02,2352.TW,佳士達,32.3,57.72,無特殊徵兆,➖ 中性/偏空,✅ 趨勢追蹤中，尚未觸發佈局點,0.15,-5.83,-3.59,True,8.69,-5.83,-1.19,True,8.69,-11.67,-6.13,True,8.69,-19.35,-18.11,True
2026-07-02,2353.TW,宏碁,31.95,45.07,無特殊徵兆,➖ 中性/偏空,✅ 趨勢追蹤中，尚未觸發佈局點,2.97,-0.47,2.97,False,5.63,-0.47,1.72,False,5.63,-6.42,-3.76,True,5.63,-13.46,-12.68,True
2026-07-02,2356.TW,英業達,66.3,52.2,無特殊徵兆,➖ 中性/偏空,✅ 趨勢追蹤中，尚未觸發佈局點,0.07,-2.56,-1.24,False,6.36,-7.08,1.97,True,6.36,-11.03,-8.45,True,6.36,-14.33,-13.27,True
2026-07-02,2371.TW,大同,27.1,40.17,無特殊徵兆,➖ 中性/偏空,✅ 趨勢追蹤中，尚未觸發佈局點,4.61,1.11,3.32,False,6.09,-1.11,2.21,False,6.09,-1.11,0.0,False,6.09,-14.02,-13.28,True
2026-07-02,2377.TW,微星,142.0,59.43,無特殊徵兆,➖ 中性/偏空,✅ 趨勢追蹤中，尚未觸發佈局點,-1.16,-3.21,-2.18,False,0.9,-6.97,-0.81,True,4.66,-6.97,-0.81,True,8.08,-10.05,-6.97,True
2026-07-02,2379.TW,瑞昱,813.0,60.77,無特殊徵兆,➖ 中性/偏空,✅ 趨勢追蹤中，尚未觸發佈局點,-0.86,-3.94,-3.69,False,4.31,-5.41,3.32,True,4.31,-12.42,-12.42,True,4.31,-15.62,-14.27,True
2026-07-02,2382.TW,廣達,368.5,53.25,無特殊徵兆,➖ 中性/偏空,✅ 趨勢追蹤中，尚未觸發佈局點,-1.62,-4.09,-1.88,False,2.28,-4.48,-2.79,False,2.28,-5.29,-4.48,True,2.28,-24.29,-24.29,True
2026-07-02,2408.TW,南亞科,395.0,49.31,無特殊徵兆,➖ 中性/偏空,✅ 趨勢追蹤中，尚未觸發佈局點,5.86,-0.7,3.34,False,11.79,-1.01,10.25,False,23.92,-1.01,11.14,False,23.92,-18.48,-16.96,True
2026-07-02,2409.TW,友達,30.25,59.35,無特殊徵兆,➖ 中性/偏空,✅ 趨勢追蹤中，尚未觸發佈局點,-0.88,-3.8,-2.5,False,7.25,-7.38,2.21,True,7.25,-13.88,-10.14,True,7.25,-28.5,-26.61,True
2026-07-02,1802.TW,台玻,69.6,51.07,無特殊徵兆,➖ 中性/偏空,✅ 趨勢追蹤中，尚未觸發佈局點,0.29,-2.44,-1.15,False,,,,False,,,,False,,,,False
2026-07-02,1513.TW,中興電,177.0,56.57,無特殊徵兆,➖ 中性/偏空,✅ 趨勢追蹤中，尚未觸發佈局點,-2.95,-4.32,-3.77,False,-0.77,-6.5,-4.8,True,-0.77,-10.17,-5.65,True,-0.77,-17.8,-16.95,True
2026-07-02,3037.TW,欣興,993.0,52.89,無特殊徵兆,➖ 中性/偏空,✅ 趨勢追蹤中，尚未觸發佈局點,-1.31,-6.94,-2.62,True,-1.31,-15.81,-11.88,True,-1.31,-16.82,-11.18,True,-1.31,-34.24,-27.9,True
2026-07-02,3163.TWO,波若威,765.0,38.6,無特殊徵兆,➖ 中性/偏空,✅ 趨勢追蹤中，尚未觸發佈局點,-9.14,-16.79,-9.25,True,-4.15,-19.46,-17.24,True,-4.15,-24.89,-19.68,True,-4.15,-36.47,-35.29,True
2026-07-02,3231.TW,緯創,159.5,52.16,無特殊徵兆,➖ 中性/偏空,✅ 趨勢追蹤中，尚未觸發佈局點,-2.33,-4.75,-3.84,False,-2.03,-9.4,-9.4,True,-2.03,-12.85,-8.15,True,15.36,-12.85,0.31,True
2026-07-02,3324.TWO,雙鴻,1020.0,47.7,無特殊徵兆,➖ 中性/偏空,✅ 趨勢追蹤中，尚未觸發佈局點,0.98,-0.98,0.0,False,1.47,-11.37,-9.8,True,1.47,-19.71,-11.57,True,1.47,-20.59,-19.61,True
2026-07-02,3714.TW,富采,62.7,44.73,無特殊徵兆,➖ 中性/偏空,✅ 趨勢追蹤中，尚未觸發佈局點,-0.16,-2.23,-0.64,False,8.29,-3.83,1.59,False,8.29,-9.09,-7.97,True,8.29,-28.95,-27.35,True
2026-07-02,4904.TW,遠傳,104.0,49.54,無特殊徵兆,➖ 中性/偏空,✅ 趨勢追蹤中，尚未觸發佈局點,0.96,-1.92,0.96,False,,,,False,,,,False,,,,False
2026-07-02,6116.TW,彩晶,18.45,56.19,無特殊徵兆,➖ 中性/偏空,✅ 趨勢追蹤中，尚未觸發佈局點,0.54,-2.44,-1.63,False,3.52,-10.57,-6.78,True,3.52,-17.89,-12.74,True,3.52,-37.4,-36.04,True
2026-07-02,6269.TW,台郡,65.1,43.29,無特殊徵兆,➖ 中性/偏空,✅ 趨勢追蹤中，尚未觸發佈局點,3.23,-0.92,2.61,False,6.3,-4.61,-3.99,False,6.3,-10.91,-6.14,True,6.3,-29.34,-29.34,True
2026-07-02,6415.TW,矽力-KY,620.0,57.14,無特殊徵兆,➖ 中性/偏空,✅ 趨勢追蹤中，尚未觸發佈局點,-2.1,-4.03,-2.42,False,4.03,-15.81,-15.65,True,4.03,-24.03,-23.71,True,4.03,-41.61,-39.44,True
2026-07-02,2887.TW,台新金,33.25,75.45,無特殊徵兆,➖ 中性/偏空,✅ 趨勢追蹤中，尚未觸發佈局點,0.94,-4.7,-1.23,False,7.44,-4.7,6.58,False,9.18,-4.7,4.55,False,9.18,-4.7,-0.3,False
2026-07-02,3702.TW,3702,107.5,47.11,無特殊徵兆,➖ 中性/偏空,✅ 趨勢追蹤中，尚未觸發佈局點,2.33,-0.47,2.33,False,4.65,-2.79,-0.93,False,14.42,-2.79,5.58,False,14.42,-5.12,-1.86,True
2026-07-02,8150.TW,8150,104.5,56.45,無特殊徵兆,➖ 中性/偏空,✅ 趨勢追蹤中，尚未觸發佈局點,4.78,-0.96,0.48,False,13.4,-1.44,11.96,False,19.62,-1.44,17.22,False,19.62,-37.13,-36.84,True
2026-07-02,3293.TWO,3293O,809.0,60.14,無特殊徵兆,➖ 中性/偏空,✅ 趨勢追蹤中，尚未觸發佈局點,-4.56,-6.44,-6.09,True,-4.56,-9.52,-8.03,True,-4.56,-13.84,-12.98,True,-4.56,-15.7,-7.42,True
2026-07-02,8150.TW,8150,104.5,56.45,無特殊徵兆,➖ 中性/偏空,✅ 趨勢追蹤中，尚未觸發佈局點,4.78,-0.96,0.48,False,13.4,-1.44,11.96,False,19.62,-1.44,17.22,False,19.62,-37.13,-36.84,True
2026-07-02,2049.TW,2049,353.5,55.72,無特殊徵兆,➖ 中性/偏空,✅ 趨勢追蹤中，尚未觸發佈局點,0.14,-3.82,-0.99,False,,,,False,,,,False,,,,False
2026-07-02,2231.TW,2231,112.5,66.92,🚀 首次突破20日高點,➖ 中性/偏空,⚡【初升段起漲】放量突破關鍵價位，小注試單！,7.03,-2.26,4.82,False,11.89,-2.26,-1.82,False,13.22,-2.26,4.37,False,13.22,-23.66,-20.39,True
2026-07-02,0050.TW,元大台灣50,108.05,59.05,庫存動態防禦,➖ 中性/偏空,🛡️【洗盤耐受區】嚴禁攤平加碼，死守底線 (102.52)！,0.09,-2.4,-0.33,False,0.82,-3.36,-2.67,False,0.82,-5.94,-2.12,True,0.82,-15.04,-13.47,True
2026-07-02,0050.TW,元大台灣50,108.55,59.83,庫存動態防禦,➖ 中性/偏空,🛡️【洗盤耐受區】嚴禁攤平加碼，死守底線 (103.59)！,-0.38,-2.85,-0.79,False,0.36,-3.81,-3.12,False,0.36,-6.37,-2.57,True,0.36,-15.43,-13.86,True
2026-07-02,3702.TW,3702,108.0,47.85,無特殊徵兆,➖ 中性/偏空,✅ 趨勢追蹤中，尚未觸發佈局點,1.85,-0.93,1.85,False,4.17,-3.24,-1.39,False,13.89,-3.24,5.09,False,13.89,-5.56,-2.31,True
2026-07-02,2883.TW,凱基金,28.2,60.9,無特殊徵兆,➖ 中性/偏空,✅ 趨勢追蹤中，尚未觸發佈局點,1.24,-2.13,0.89,False,10.64,-2.13,6.56,False,10.64,-2.13,8.33,False,10.99,-2.13,2.66,False
2026-07-02,2637.TW,慧洋,71.6,41.07,無特殊徵兆,➖ 中性/偏空,✅ 趨勢追蹤中，尚未觸發佈局點,24.02,21.23,22.91,False,24.02,17.18,23.88,False,,,,False,,,,False
2026-07-02,8150.TW,南茂,104.5,56.45,無特殊徵兆,➖ 中性/偏空,✅ 趨勢追蹤中，尚未觸發佈局點,4.78,-0.96,0.48,False,13.4,-1.44,11.96,False,19.62,-1.44,17.22,False,19.62,-37.13,-36.84,True
2026-07-02,2886.TW,兆豐金,45.7,64.38,無特殊徵兆,➖ 中性/偏空,✅ 趨勢追蹤中，尚未觸發佈局點,-1.27,-4.23,-4.02,False,-0.32,-4.33,-1.48,False,0.41,-4.33,-1.69,False,9.06,-4.33,8.64,False
2026-07-02,1301.TW,台塑,56.8,63.16,無特殊徵兆,➖ 中性/偏空,✅ 趨勢追蹤中，尚未觸發佈局點,12.68,3.87,9.33,False,12.68,-3.7,-3.52,False,20.77,-3.7,15.49,False,22.89,-5.81,-4.93,True
2026-07-02,1326.TW,台化,60.2,64.36,無特殊徵兆,➖ 中性/偏空,✅ 趨勢追蹤中，尚未觸發佈局點,12.96,4.49,12.96,False,21.26,-1.33,-0.33,False,21.26,-1.33,14.45,False,28.9,-7.31,-6.31,True
2026-07-02,1476.TW,儒鴻,313.0,43.04,無特殊徵兆,➖ 中性/偏空,✅ 趨勢追蹤中，尚未觸發佈局點,3.51,0.64,3.35,False,,,,False,,,,False,,,,False
2026-07-02,1513.TW,中興電,178.0,57.68,無特殊徵兆,➖ 中性/偏空,✅ 趨勢追蹤中，尚未觸發佈局點,-3.5,-4.85,-4.31,False,-1.33,-7.02,-5.34,True,-1.33,-10.67,-6.18,True,-1.33,-18.26,-17.42,True
2026-07-02,1605.TW,華新,35.35,45.56,無特殊徵兆,➖ 中性/偏空,✅ 趨勢追蹤中，尚未觸發佈局點,3.96,-0.57,2.55,False,7.78,-3.54,-2.69,False,7.78,-8.77,-1.7,True,7.78,-19.8,-19.09,True
2026-07-02,1609.TW,大亞,38.55,57.13,無特殊徵兆,➖ 中性/偏空,✅ 趨勢追蹤中，尚未觸發佈局點,4.93,-1.82,3.24,False,14.79,-1.82,1.43,False,14.79,-2.59,0.13,False,14.79,-16.73,-15.69,True
2026-07-02,1795.TW,美時,191.0,45.36,無特殊徵兆,➖ 中性/偏空,✅ 趨勢追蹤中，尚未觸發佈局點,5.76,1.05,4.45,False,5.76,-5.76,-3.93,True,,,,False,,,,False
2026-07-02,1802.TW,台玻,69.4,50.8,無特殊徵兆,➖ 中性/偏空,✅ 趨勢追蹤中，尚未觸發佈局點,0.58,-2.16,-0.86,False,,,,False,,,,False,,,,False
2026-07-02,2303.TW,聯電,164.0,62.64,無特殊徵兆,➖ 中性/偏空,✅ 趨勢追蹤中，尚未觸發佈局點,2.21,-4.98,2.21,False,2.81,-9.15,-4.88,True,2.81,-14.63,-2.44,True,2.81,-37.5,-32.93,True
2026-07-02,2317.TW,鴻海,240.5,41.57,無特殊徵兆,➖ 中性/偏空,✅ 趨勢追蹤中，尚未觸發佈局點,0.21,-1.87,0.0,False,2.91,-2.7,-1.25,False,2.91,-4.37,0.83,False,7.9,-5.82,-4.57,True
2026-07-02,2324.TW,仁寶,34.3,44.58,無特殊徵兆,➖ 中性/偏空,✅ 趨勢追蹤中，尚未觸發佈局點,2.04,-0.0,1.9,False,9.77,-0.0,6.71,False,11.37,-0.0,4.81,False,11.37,-3.21,-1.6,False
2026-07-02,2344.TW,華邦電,183.0,51.03,無特殊徵兆,➖ 中性/偏空,✅ 趨勢追蹤中，尚未觸發佈局點,2.73,-3.28,0.82,False,9.29,-9.84,-3.55,True,9.29,-14.75,-6.01,True,9.29,-36.07,-35.25,True
2026-07-02,2330.TW,台積電,2470.0,59.7,無特殊徵兆,➖ 中性/偏空,✅ 趨勢追蹤中，尚未觸發佈局點,-0.2,-2.23,-1.01,False,1.21,-2.23,-2.23,False,1.21,-3.24,0.0,False,1.21,-11.74,-10.73,True
2026-07-02,2449.TW,京元電子,328.0,55.7,無特殊徵兆,➖ 中性/偏空,✅ 趨勢追蹤中，尚未觸發佈局點,-2.38,-5.99,-3.1,True,6.3,-12.93,-10.76,True,6.3,-19.44,-8.02,True,6.3,-40.55,-37.96,True
2026-07-02,2409.TW,友達,31.1,61.46,無特殊徵兆,➖ 中性/偏空,✅ 趨勢追蹤中，尚未觸發佈局點,-3.59,-6.43,-5.17,True,4.31,-9.91,-0.58,True,4.31,-16.23,-12.6,True,4.31,-30.46,-28.62,True
2026-07-02,2382.TW,廣達,368.5,53.25,無特殊徵兆,➖ 中性/偏空,✅ 趨勢追蹤中，尚未觸發佈局點,-1.62,-4.09,-1.88,False,2.28,-4.48,-2.79,False,2.28,-5.29,-4.48,True,2.28,-24.29,-24.29,True
2026-07-02,2606.TW,裕民,59.6,38.15,無特殊徵兆,➖ 中性/偏空,✅ 趨勢追蹤中，尚未觸發佈局點,4.36,0.84,3.69,False,,,,False,,,,False,,,,False
2026-07-02,2379.TW,瑞昱,825.0,62.38,無特殊徵兆,➖ 中性/偏空,✅ 趨勢追蹤中，尚未觸發佈局點,-2.3,-5.33,-5.09,True,2.79,-6.79,1.82,True,2.79,-13.7,-13.7,True,2.79,-16.85,-15.52,True
2026-07-02,2408.TW,南亞科,402.0,50.46,無特殊徵兆,➖ 中性/偏空,✅ 趨勢追蹤中，尚未觸發佈局點,4.02,-2.43,1.54,False,9.85,-2.74,8.33,False,21.77,-2.74,9.2,False,21.77,-19.9,-18.41,True
2026-07-02,2371.TW,大同,27.25,41.52,無特殊徵兆,➖ 中性/偏空,✅ 趨勢追蹤中，尚未觸發佈局點,4.04,0.55,2.75,False,5.5,-1.65,1.65,False,5.5,-1.65,-0.55,False,5.5,-14.5,-13.76,True
2026-07-02,2356.TW,英業達,67.8,55.29,無特殊徵兆,➖ 中性/偏空,✅ 趨勢追蹤中，尚未觸發佈局點,-2.14,-4.71,-3.43,False,4.0,-9.14,-0.28,True,4.0,-13.0,-10.47,True,4.0,-16.22,-15.19,True
2026-07-02,2353.TW,宏碁,31.75,44.43,無特殊徵兆,➖ 中性/偏空,✅ 趨勢追蹤中，尚未觸發佈局點,3.62,0.16,3.62,False,6.3,0.16,2.36,False,6.3,-5.83,-3.15,True,6.3,-12.91,-12.13,True
2026-07-02,2352.TW,佳士達,32.0,56.42,無特殊徵兆,➖ 中性/偏空,✅ 趨勢追蹤中，尚未觸發佈局點,1.09,-4.95,-2.69,False,9.71,-4.95,-0.27,False,9.71,-10.84,-5.25,True,9.71,-18.59,-17.34,True
2026-07-02,2377.TW,微星,144.5,62.7,無特殊徵兆,➖ 中性/偏空,✅ 趨勢追蹤中，尚未觸發佈局點,-2.87,-4.88,-3.88,False,-0.85,-8.58,-2.53,True,2.85,-8.58,-2.53,True,6.21,-11.61,-8.58,True
2026-07-02,2454.TW,聯發科,4350.0,55.35,無特殊徵兆,➖ 中性/偏空,✅ 趨勢追蹤中，尚未觸發佈局點,-3.34,-5.85,-4.14,True,-1.17,-9.77,-9.77,True,-1.17,-19.2,-14.94,True,-1.17,-31.26,-25.63,True
2026-07-03,3714.TW,富采,62.4,44.37,無特殊徵兆,➖ 中性/偏空,✅ 趨勢追蹤中，尚未觸發佈局點,4.81,1.6,2.72,False,8.81,-3.37,2.08,False,8.81,-15.87,-15.87,True,8.81,-28.61,-23.0,True
2026-07-03,2886.TW,兆豐金,45.65,63.65,無特殊徵兆,➖ 中性/偏空,✅ 趨勢追蹤中，尚未觸發佈局點,-1.59,-4.23,-2.22,False,-0.21,-4.23,-1.38,False,0.52,-4.23,0.52,False,13.41,-4.23,12.14,False
2026-07-03,3324.TWO,雙鴻,1025.0,48.33,無特殊徵兆,➖ 中性/偏空,✅ 趨勢追蹤中，尚未觸發佈局點,0.98,-1.95,-1.46,False,0.98,-11.8,-10.24,True,0.98,-20.1,-10.93,True,0.98,-20.98,-12.0,True
2026-07-03,3231.TW,緯創,159.0,51.67,無特殊徵兆,➖ 中性/偏空,✅ 趨勢追蹤中，尚未觸發佈局點,-1.72,-4.45,-4.14,False,-1.72,-9.12,-9.12,True,-1.72,-12.58,-12.58,True,15.72,-12.58,10.69,True
2026-07-03,3163.TWO,波若威,816.0,44.08,無特殊徵兆,➖ 中性/偏空,✅ 趨勢追蹤中，尚未觸發佈局點,-12.11,-18.35,-16.9,True,-10.14,-24.49,-22.41,True,-10.14,-32.19,-32.19,True,-10.14,-40.44,-33.33,True
2026-07-03,3037.TW,欣興,980.0,51.72,無特殊徵兆,➖ 中性/偏空,✅ 趨勢追蹤中，尚未觸發佈局點,-0.82,-8.47,-6.43,True,-0.82,-14.69,-10.71,True,-0.82,-18.98,-18.98,True,-0.82,-33.37,-19.69,True
2026-07-03,2887.TW,台新金,34.25,77.16,無特殊徵兆,➖ 中性/偏空,✅ 趨勢追蹤中，尚未觸發佈局點,-2.29,-4.12,-3.69,False,4.31,-4.12,3.47,False,5.99,-4.12,-0.18,False,5.99,-7.01,4.96,True
2026-07-03,2883.TW,凱基金,28.3,60.71,無特殊徵兆,➖ 中性/偏空,✅ 趨勢追蹤中，尚未觸發佈局點,2.83,0.88,2.47,False,10.25,0.88,6.18,False,10.25,0.88,6.01,False,10.6,0.18,9.01,False
2026-07-03,2409.TW,友達,30.05,58.66,無特殊徵兆,➖ 中性/偏空,✅ 趨勢追蹤中，尚未觸發佈局點,4.69,-1.36,3.71,False,7.96,-6.76,2.89,True,7.96,-16.41,-15.6,True,7.96,-28.03,-19.47,True
2026-07-03,2454.TW,聯發科,4195.0,51.4,無特殊徵兆,➖ 中性/偏空,✅ 趨勢追蹤中，尚未觸發佈局點,2.49,-2.61,-2.25,False,2.49,-6.44,-6.44,True,2.49,-19.67,-19.67,True,2.49,-28.72,-15.26,True
2026-07-03,2449.TW,京元電子,333.5,56.02,無特殊徵兆,➖ 中性/偏空,✅ 趨勢追蹤中，尚未觸發佈局點,4.55,-0.57,-0.15,False,4.55,-14.37,-12.24,True,4.55,-20.77,-18.5,True,4.55,-41.53,-32.98,True
2026-07-03,2408.TW,南亞科,412.0,52.18,無特殊徵兆,➖ 中性/偏空,✅ 趨勢追蹤中，尚未觸發佈局點,7.18,1.74,1.74,False,7.18,-5.1,5.7,True,18.81,-5.1,-4.0,True,18.81,-21.84,-12.5,True
2026-07-03,2382.TW,廣達,376.5,57.34,無特殊徵兆,➖ 中性/偏空,✅ 趨勢追蹤中，尚未觸發佈局點,0.11,-3.71,-3.71,False,0.11,-6.51,-4.86,True,0.11,-13.81,-13.55,True,0.11,-25.9,-22.58,True
2026-07-03,2379.TW,瑞昱,788.0,57.45,無特殊徵兆,➖ 中性/偏空,✅ 趨勢追蹤中，尚未觸發佈局點,2.41,-2.41,-2.41,False,7.61,-2.41,6.6,False,7.61,-11.68,-8.88,True,7.61,-16.88,-13.32,True
2026-07-03,2377.TW,微星,144.5,62.0,無特殊徵兆,➖ 中性/偏空,✅ 趨勢追蹤中，尚未觸發佈局點,-1.86,-4.55,-4.21,False,-0.85,-8.58,-2.53,True,2.85,-8.58,-4.88,True,6.21,-11.61,-4.55,True
2026-07-03,6116.TW,彩晶,18.2,54.9,無特殊徵兆,➖ 中性/偏空,✅ 趨勢追蹤中，尚未觸發佈局點,3.57,-0.27,0.0,False,4.95,-9.34,-5.49,True,4.95,-17.58,-17.58,True,4.95,-36.54,-31.59,True
2026-07-03,2371.TW,大同,28.15,48.86,無特殊徵兆,➖ 中性/偏空,✅ 趨勢追蹤中，尚未觸發佈局點,2.13,-0.0,-0.0,False,2.13,-4.8,-1.6,False,2.13,-7.46,-7.46,True,2.13,-17.23,-13.68,True
2026-07-03,2356.TW,英業達,67.8,55.37,無特殊徵兆,➖ 中性/偏空,✅ 趨勢追蹤中，尚未觸發佈局點,-1.14,-4.0,-4.0,False,4.0,-9.14,-0.28,True,4.0,-13.86,-13.72,True,4.0,-16.22,-8.85,True
2026-07-03,2637.TW,慧洋,74.3,50.54,無特殊徵兆,➖ 中性/偏空,✅ 趨勢追蹤中，尚未觸發佈局點,19.52,16.82,18.44,False,19.52,12.92,19.38,False,,,,False,,,,False
2026-07-03,6239.TW,力成,338.5,54.72,無特殊徵兆,➖ 中性/偏空,✅ 趨勢追蹤中，尚未觸發佈局點,4.3,-1.35,-0.19,False,4.3,-10.48,-7.29,True,4.3,-17.0,-16.56,True,4.3,-37.96,-30.43,True
2026-07-03,6415.TW,矽力-KY,605.0,54.6,無特殊徵兆,➖ 中性/偏空,✅ 趨勢追蹤中，尚未觸發佈局點,6.61,1.65,2.48,False,6.61,-13.72,-13.55,True,6.61,-28.18,-28.1,True,6.61,-40.17,-31.74,True
2026-07-03,2353.TW,宏碁,32.7,48.05,無特殊徵兆,➖ 中性/偏空,✅ 趨勢追蹤中，尚未觸發佈局點,2.91,-0.61,0.31,False,3.21,-2.45,-0.61,False,3.21,-9.79,-9.48,True,3.21,-15.44,-11.77,True
2026-07-03,8081.TW,致新,319.5,64.45,無特殊徵兆,➖ 中性/偏空,✅ 趨勢追蹤中，尚未觸發佈局點,5.32,0.47,1.41,False,5.32,-11.74,-11.42,True,5.32,-24.88,-24.73,True,5.32,-28.33,-23.0,True
2026-07-03,8150.TW,南茂,105.0,56.37,無特殊徵兆,➖ 中性/偏空,✅ 趨勢追蹤中，尚未觸發佈局點,10.0,5.71,10.0,False,12.86,-1.9,11.43,False,19.05,-1.9,5.24,False,19.05,-37.43,-30.86,True
2026-07-03,0050.TW,元大台灣50,108.35,58.34,庫存動態防禦,➖ 中性/偏空,🛡️【洗盤耐受區】嚴禁攤平加碼，死守底線 (89.93)！,0.54,-1.2,-0.7,False,0.54,-3.63,-2.94,False,0.54,-8.26,-8.13,True,0.54,-15.27,-5.08,True
2026-07-03,1536.TW,和大,52.2,58.89,庫存動態防禦,➖ 中性/偏空,🛡️【洗盤耐受區】嚴禁攤平加碼，死守底線 (49.08)！,3.26,0.0,1.72,False,5.36,-5.36,5.36,True,9.58,-5.94,-5.27,True,9.58,-14.18,-10.63,True
2026-07-03,3661.TW,3661,4690.0,57.83,無特殊徵兆,➖ 中性/偏空,✅ 趨勢追蹤中，尚未觸發佈局點,0.21,-10.23,-10.13,True,0.21,-15.46,-10.23,True,0.21,-25.8,-25.8,True,0.21,-43.92,-34.75,True
2026-07-03,1536.TW,1536,52.5,59.7,無特殊徵兆,➖ 中性/偏空,✅ 趨勢追蹤中，尚未觸發佈局點,2.67,-0.57,1.14,False,4.76,-5.9,4.76,True,8.95,-6.48,-5.81,True,8.95,-14.67,-11.14,True
2026-07-03,8081.TW,8081,317.0,63.74,無特殊徵兆,➖ 中性/偏空,✅ 趨勢追蹤中，尚未觸發佈局點,6.15,1.26,2.21,False,6.15,-11.04,-10.73,True,6.15,-24.29,-24.13,True,6.15,-27.76,-22.4,True
2026-07-03,3661.TW,3661,4690.0,57.83,無特殊徵兆,➖ 中性/偏空,✅ 趨勢追蹤中，尚未觸發佈局點,0.21,-10.23,-10.13,True,0.21,-15.46,-10.23,True,0.21,-25.8,-25.8,True,0.21,-43.92,-34.75,True
2026-07-03,1536.TW,1536,52.5,59.7,無特殊徵兆,➖ 中性/偏空,✅ 趨勢追蹤中，尚未觸發佈局點,2.67,-0.57,1.14,False,4.76,-5.9,4.76,True,8.95,-6.48,-5.81,True,8.95,-14.67,-11.14,True
2026-07-03,8081.TW,8081,317.0,63.74,無特殊徵兆,➖ 中性/偏空,✅ 趨勢追蹤中，尚未觸發佈局點,6.15,1.26,2.21,False,6.15,-11.04,-10.73,True,6.15,-24.29,-24.13,True,6.15,-27.76,-22.4,True
2026-07-03,6269.TW,台郡,66.9,45.49,無特殊徵兆,➖ 中性/偏空,✅ 趨勢追蹤中，尚未觸發佈局點,3.44,-2.54,-0.3,False,3.44,-7.17,-6.58,True,3.44,-16.29,-15.99,True,3.44,-31.24,-26.46,True
2026-07-03,2352.TW,佳士達,32.55,58.18,無特殊徵兆,➖ 中性/偏空,✅ 趨勢追蹤中，尚未觸發佈局點,5.18,-2.1,5.18,False,7.85,-2.1,-1.95,False,7.85,-12.35,-9.68,True,7.85,-19.97,-15.98,True
2026-07-03,2330.TW,台積電,2455.0,58.16,無特殊徵兆,➖ 中性/偏空,✅ 趨勢追蹤中，尚未觸發佈局點,1.83,0.0,0.2,False,1.83,-1.63,-1.63,False,1.83,-6.72,-6.72,True,1.83,-11.2,-1.22,True
2026-07-03,6415.TW,矽力-KY,601.0,54.0,無特殊徵兆,➖ 中性/偏空,✅ 趨勢追蹤中，尚未觸發佈局點,7.32,2.33,3.16,False,7.32,-13.14,-12.98,True,7.32,-27.7,-27.62,True,7.32,-39.77,-31.28,True
2026-07-03,6269.TW,台郡,66.7,45.24,無特殊徵兆,➖ 中性/偏空,✅ 趨勢追蹤中，尚未觸發佈局點,3.75,-2.25,-0.0,False,3.75,-6.9,-6.3,True,3.75,-16.04,-15.74,True,3.75,-31.03,-26.24,True
2026-07-03,6239.TW,力成,339.0,54.86,無特殊徵兆,➖ 中性/偏空,✅ 趨勢追蹤中，尚未觸發佈局點,4.14,-1.5,-0.34,False,4.14,-10.61,-7.43,True,4.14,-17.12,-16.69,True,4.14,-38.05,-30.53,True
2026-07-03,6116.TW,彩晶,18.2,54.9,無特殊徵兆,➖ 中性/偏空,✅ 趨勢追蹤中，尚未觸發佈局點,3.57,-0.27,0.0,False,4.95,-9.34,-5.49,True,4.95,-17.58,-17.58,True,4.95,-36.54,-31.59,True
2026-07-03,3714.TW,富采,62.1,43.83,無特殊徵兆,➖ 中性/偏空,✅ 趨勢追蹤中，尚未觸發佈局點,5.31,2.09,3.22,False,9.34,-2.9,2.58,False,9.34,-15.46,-15.46,True,9.34,-28.26,-22.62,True
2026-07-03,3324.TWO,雙鴻,1025.0,48.33,無特殊徵兆,➖ 中性/偏空,✅ 趨勢追蹤中，尚未觸發佈局點,0.98,-1.95,-1.46,False,0.98,-11.8,-10.24,True,0.98,-20.1,-10.93,True,0.98,-20.98,-12.0,True
2026-07-03,3231.TW,緯創,159.5,52.15,無特殊徵兆,➖ 中性/偏空,✅ 趨勢追蹤中，尚未觸發佈局點,-2.03,-4.75,-4.44,False,-2.03,-9.4,-9.4,True,-2.03,-12.85,-12.85,True,15.36,-12.85,10.34,True
2026-07-03,3037.TW,欣興,978.0,51.54,無特殊徵兆,➖ 中性/偏空,✅ 趨勢追蹤中，尚未觸發佈局點,-0.61,-8.28,-6.24,True,-0.61,-14.52,-10.53,True,-0.61,-18.81,-18.81,True,-0.61,-33.23,-19.53,True
2026-07-03,2887.TW,台新金,34.2,77.01,無特殊徵兆,➖ 中性/偏空,✅ 趨勢追蹤中，尚未觸發佈局點,-2.15,-3.98,-3.55,False,4.46,-3.98,3.62,False,6.15,-3.98,-0.04,False,6.15,-6.87,5.12,True
2026-07-03,2883.TW,凱基金,28.2,60.15,無特殊徵兆,➖ 中性/偏空,✅ 趨勢追蹤中，尚未觸發佈局點,3.19,1.24,2.84,False,10.64,1.24,6.56,False,10.64,1.24,6.38,False,10.99,0.53,9.4,False
2026-07-03,2886.TW,兆豐金,45.5,62.18,無特殊徵兆,➖ 中性/偏空,✅ 趨勢追蹤中，尚未觸發佈局點,-1.26,-3.91,-1.9,False,0.11,-3.91,-1.05,False,0.86,-3.91,0.86,False,13.78,-3.91,12.51,False
2026-07-03,2637.TW,慧洋,74.2,50.24,無特殊徵兆,➖ 中性/偏空,✅ 趨勢追蹤中，尚未觸發佈局點,19.68,16.98,18.6,False,19.68,13.07,19.54,False,,,,False,,,,False
2026-07-03,2454.TW,聯發科,4170.0,50.81,無特殊徵兆,➖ 中性/偏空,✅ 趨勢追蹤中，尚未觸發佈局點,3.1,-2.02,-1.67,False,3.1,-5.88,-5.88,True,3.1,-19.18,-19.18,True,3.1,-28.3,-14.75,True
2026-07-03,1513.TW,中興電,176.5,55.83,無特殊徵兆,➖ 中性/偏空,✅ 趨勢追蹤中，尚未觸發佈局點,-0.49,-2.95,-2.41,False,-0.49,-6.23,-4.53,True,-0.49,-10.2,-10.2,True,-0.49,-17.56,-13.03,True
2026-07-03,3163.TWO,波若威,814.0,43.88,無特殊徵兆,➖ 中性/偏空,✅ 趨勢追蹤中，尚未觸發佈局點,-11.9,-18.15,-16.69,True,-9.92,-24.3,-22.22,True,-9.92,-32.02,-32.02,True,-9.92,-40.29,-33.17,True
2026-07-03,8081.TW,8081,317.0,63.74,無特殊徵兆,➖ 中性/偏空,✅ 趨勢追蹤中，尚未觸發佈局點,6.15,1.26,2.21,False,6.15,-11.04,-10.73,True,6.15,-24.29,-24.13,True,6.15,-27.76,-22.4,True
2026-07-03,1536.TW,1536,52.6,59.96,無特殊徵兆,➖ 中性/偏空,✅ 趨勢追蹤中，尚未觸發佈局點,2.47,-0.76,0.95,False,4.56,-6.08,4.56,True,8.75,-6.65,-5.99,True,8.75,-14.83,-11.31,True
2026-07-03,3661.TW,3661,4730.0,58.85,無特殊徵兆,➖ 中性/偏空,✅ 趨勢追蹤中，尚未觸發佈局點,-0.63,-10.99,-10.89,True,-0.63,-16.17,-10.99,True,-0.63,-26.43,-26.43,True,-0.63,-44.4,-35.31,True
2026-07-03,2324.TW,仁寶,34.8,46.19,無特殊徵兆,➖ 中性/偏空,✅ 趨勢追蹤中，尚未觸發佈局點,5.46,0.86,2.59,False,8.19,0.14,5.17,False,9.77,-0.29,3.45,False,9.77,-4.6,3.45,False
2026-07-03,2317.TW,鴻海,239.5,41.12,無特殊徵兆,➖ 中性/偏空,✅ 趨勢追蹤中，尚未觸發佈局點,3.34,0.42,1.04,False,3.34,-2.3,-0.84,False,3.34,-3.97,-2.3,False,8.35,-5.43,4.59,True
2026-07-03,2303.TW,聯電,170.0,65.98,無特殊徵兆,➖ 中性/偏空,✅ 趨勢追蹤中，尚未觸發佈局點,-0.82,-5.15,-4.0,True,-0.82,-12.35,-8.24,True,-0.82,-17.65,-15.29,True,-0.82,-39.71,-28.82,True
2026-07-03,1609.TW,大亞,39.9,61.15,無特殊徵兆,➖ 中性/偏空,✅ 趨勢追蹤中，尚未觸發佈局點,9.65,6.02,9.65,False,10.9,-2.51,-2.01,False,10.9,-7.89,-7.77,True,10.9,-19.55,-15.16,True
2026-07-03,1605.TW,華新,36.5,49.11,無特殊徵兆,➖ 中性/偏空,✅ 趨勢追蹤中，尚未觸發佈局點,4.38,0.14,0.14,False,4.38,-6.58,-5.75,True,4.38,-11.64,-10.68,True,4.38,-22.33,-13.84,True
2026-07-03,1513.TW,中興電,177.5,57.03,無特殊徵兆,➖ 中性/偏空,✅ 趨勢追蹤中，尚未觸發佈局點,-1.05,-3.5,-2.95,False,-1.05,-6.76,-5.07,True,-1.05,-10.7,-10.7,True,-1.05,-18.03,-13.52,True
2026-07-03,8081.TW,致新,317.0,63.74,無特殊徵兆,➖ 中性/偏空,✅ 趨勢追蹤中，尚未觸發佈局點,6.15,1.26,2.21,False,6.15,-11.04,-10.73,True,6.15,-24.29,-24.13,True,6.15,-27.76,-22.4,True
2026-07-03,8150.TW,南茂,105.5,56.77,無特殊徵兆,➖ 中性/偏空,✅ 趨勢追蹤中，尚未觸發佈局點,9.48,5.21,9.48,False,12.32,-2.37,10.9,False,18.48,-2.37,4.74,False,18.48,-37.73,-31.18,True
2026-07-03,1536.TW,和大,52.5,59.7,無特殊徵兆,➖ 中性/偏空,✅ 趨勢追蹤中，尚未觸發佈局點,2.67,-0.57,1.14,False,4.76,-5.9,4.76,True,8.95,-6.48,-5.81,True,8.95,-14.67,-11.14,True
2026-07-03,0050.TW,元大台灣50,108.65,59.06,庫存動態防禦,➖ 中性/偏空,🛡️【洗盤耐受區】嚴禁攤平加碼，死守底線 (90.23)！,0.26,-1.47,-0.97,False,0.26,-3.9,-3.21,False,0.26,-8.52,-8.38,True,0.26,-15.51,-5.34,True
2026-07-03,3661.TW,3661,4730.0,58.85,無特殊徵兆,➖ 中性/偏空,✅ 趨勢追蹤中，尚未觸發佈局點,-0.63,-10.99,-10.89,True,-0.63,-16.17,-10.99,True,-0.63,-26.43,-26.43,True,-0.63,-44.4,-35.31,True
2026-07-03,1536.TW,1536,52.6,59.96,無特殊徵兆,➖ 中性/偏空,✅ 趨勢追蹤中，尚未觸發佈局點,2.47,-0.76,0.95,False,4.56,-6.08,4.56,True,8.75,-6.65,-5.99,True,8.75,-14.83,-11.31,True
2026-07-03,8081.TW,8081,317.0,63.74,無特殊徵兆,➖ 中性/偏空,✅ 趨勢追蹤中，尚未觸發佈局點,6.15,1.26,2.21,False,6.15,-11.04,-10.73,True,6.15,-24.29,-24.13,True,6.15,-27.76,-22.4,True
2026-07-03,2344.TW,華邦電,182.5,50.8,無特殊徵兆,➖ 中性/偏空,✅ 趨勢追蹤中，尚未觸發佈局點,9.59,0.27,0.27,False,9.59,-9.59,-3.29,True,9.59,-15.07,-15.07,True,9.59,-35.89,-28.77,True
2026-07-03,1605.TW,華新,36.25,48.35,無特殊徵兆,➖ 中性/偏空,✅ 趨勢追蹤中，尚未觸發佈局點,5.1,0.83,0.83,False,5.1,-5.93,-5.1,True,5.1,-11.03,-10.07,True,5.1,-21.79,-13.24,True
2026-07-03,2317.TW,鴻海,240.5,42.02,無特殊徵兆,➖ 中性/偏空,✅ 趨勢追蹤中，尚未觸發佈局點,2.91,0.0,0.62,False,2.91,-2.7,-1.25,False,2.91,-4.37,-2.7,False,7.9,-5.82,4.16,True
2026-07-03,2454.TW,聯發科,4195.0,51.4,無特殊徵兆,➖ 中性/偏空,✅ 趨勢追蹤中，尚未觸發佈局點,2.49,-2.61,-2.25,False,2.49,-6.44,-6.44,True,2.49,-19.67,-19.67,True,2.49,-28.72,-15.26,True
2026-07-03,2449.TW,京元電子,335.0,56.52,無特殊徵兆,➖ 中性/偏空,✅ 趨勢追蹤中，尚未觸發佈局點,4.08,-1.02,-0.59,False,4.08,-14.75,-12.63,True,4.08,-21.13,-18.86,True,4.08,-41.79,-33.28,True
2026-07-03,2409.TW,友達,30.0,58.5,無特殊徵兆,➖ 中性/偏空,✅ 趨勢追蹤中，尚未觸發佈局點,4.86,-1.2,3.88,False,8.14,-6.61,3.06,True,8.14,-16.27,-15.45,True,8.14,-27.91,-19.33,True
2026-07-03,2408.TW,南亞科,409.5,51.75,無特殊徵兆,➖ 中性/偏空,✅ 趨勢追蹤中，尚未觸發佈局點,7.83,2.36,2.36,False,7.83,-4.52,6.35,False,19.54,-4.52,-3.42,False,19.54,-21.37,-11.97,True
2026-07-03,2382.TW,廣達,377.0,57.58,無特殊徵兆,➖ 中性/偏空,✅ 趨勢追蹤中，尚未觸發佈局點,-0.02,-3.84,-3.84,False,-0.02,-6.64,-4.98,True,-0.02,-13.93,-13.66,True,-0.02,-25.99,-22.68,True
2026-07-03,2379.TW,瑞昱,783.0,56.83,無特殊徵兆,➖ 中性/偏空,✅ 趨勢追蹤中，尚未觸發佈局點,3.07,-1.79,-1.79,False,8.3,-1.79,7.28,False,8.3,-11.11,-8.3,True,8.3,-16.35,-12.77,True
2026-07-03,2377.TW,微星,143.0,60.7,無特殊徵兆,➖ 中性/偏空,✅ 趨勢追蹤中，尚未觸發佈局點,-0.83,-3.55,-3.21,False,0.19,-7.62,-1.51,True,3.93,-7.62,-3.89,True,7.32,-10.68,-3.55,True
2026-07-03,2371.TW,大同,28.0,47.75,無特殊徵兆,➖ 中性/偏空,✅ 趨勢追蹤中，尚未觸發佈局點,2.68,0.54,0.54,False,2.68,-4.29,-1.07,False,2.68,-6.96,-6.96,True,2.68,-16.79,-13.21,True
2026-07-03,2637.TW,慧洋,74.3,50.54,無特殊徵兆,➖ 中性/偏空,✅ 趨勢追蹤中，尚未觸發佈局點,19.52,16.82,18.44,False,19.52,12.92,19.38,False,,,,False,,,,False
2026-07-03,2356.TW,英業達,67.6,54.97,無特殊徵兆,➖ 中性/偏空,✅ 趨勢追蹤中，尚未觸發佈局點,-0.85,-3.71,-3.71,False,4.31,-8.87,0.01,True,4.31,-13.61,-13.46,True,4.31,-15.98,-8.58,True
2026-07-03,2352.TW,佳士達,32.2,57.03,無特殊徵兆,➖ 中性/偏空,✅ 趨勢追蹤中，尚未觸發佈局點,6.32,-1.04,6.32,False,9.02,-1.04,-0.89,False,9.02,-11.4,-8.7,True,9.02,-19.1,-15.06,True
2026-07-03,2344.TW,華邦電,184.5,51.64,無特殊徵兆,➖ 中性/偏空,✅ 趨勢追蹤中，尚未觸發佈局點,8.4,-0.81,-0.81,False,8.4,-10.57,-4.34,True,8.4,-15.99,-15.99,True,8.4,-36.59,-29.54,True
2026-07-03,2330.TW,台積電,2445.0,57.15,無特殊徵兆,➖ 中性/偏空,✅ 趨勢追蹤中，尚未觸發佈局點,2.25,0.41,0.61,False,2.25,-1.23,-1.23,False,2.25,-6.34,-6.34,True,2.25,-10.84,-0.82,True
2026-07-03,2324.TW,仁寶,34.95,46.76,無特殊徵兆,➖ 中性/偏空,✅ 趨勢追蹤中，尚未觸發佈局點,5.01,0.43,2.15,False,7.73,-0.29,4.72,False,9.3,-0.72,3.0,False,9.3,-5.01,3.0,True
2026-07-03,2303.TW,聯電,170.5,66.21,無特殊徵兆,➖ 中性/偏空,✅ 趨勢追蹤中，尚未觸發佈局點,-1.11,-5.43,-4.28,True,-1.11,-12.61,-8.5,True,-1.11,-17.89,-15.54,True,-1.11,-39.88,-29.03,True
2026-07-03,1609.TW,大亞,39.8,60.86,無特殊徵兆,➖ 中性/偏空,✅ 趨勢追蹤中，尚未觸發佈局點,9.92,6.28,9.92,False,11.18,-2.26,-1.76,False,11.18,-7.66,-7.54,True,11.18,-19.35,-14.95,True
2026-07-03,1605.TW,華新,36.25,48.35,無特殊徵兆,➖ 中性/偏空,✅ 趨勢追蹤中，尚未觸發佈局點,5.1,0.83,0.83,False,5.1,-5.93,-5.1,True,5.1,-11.03,-10.07,True,5.1,-21.79,-13.24,True
2026-07-03,1513.TW,中興電,176.5,55.83,無特殊徵兆,➖ 中性/偏空,✅ 趨勢追蹤中，尚未觸發佈局點,-0.49,-2.95,-2.41,False,-0.49,-6.23,-4.53,True,-0.49,-10.2,-10.2,True,-0.49,-17.56,-13.03,True
2026-07-03,2353.TW,宏碁,32.9,48.8,無特殊徵兆,➖ 中性/偏空,✅ 趨勢追蹤中，尚未觸發佈局點,2.28,-1.22,-0.3,False,2.58,-3.04,-1.22,False,2.58,-10.33,-10.03,True,2.58,-15.96,-12.31,True
2026-07-03,2886.TW,兆豐金,45.5,62.18,無特殊徵兆,➖ 中性/偏空,✅ 趨勢追蹤中，尚未觸發佈局點,-1.26,-3.91,-1.9,False,0.11,-3.91,-1.05,False,0.86,-3.91,0.86,False,13.78,-3.91,12.51,False
2026-07-03,2883.TW,凱基金,28.45,61.53,無特殊徵兆,➖ 中性/偏空,✅ 趨勢追蹤中，尚未觸發佈局點,2.28,0.35,1.93,False,9.67,0.35,5.62,False,9.67,0.35,5.45,False,10.02,-0.35,8.44,False
2026-07-03,2887.TW,台新金,34.15,76.86,無特殊徵兆,➖ 中性/偏空,✅ 趨勢追蹤中，尚未觸發佈局點,-2.0,-3.84,-3.41,False,4.61,-3.84,3.77,False,6.3,-3.84,0.11,False,6.3,-6.73,5.27,True
2026-07-03,2449.TW,京元電子,333.5,56.02,無特殊徵兆,➖ 中性/偏空,✅ 趨勢追蹤中，尚未觸發佈局點,4.55,-0.57,-0.15,False,4.55,-14.37,-12.24,True,4.55,-20.77,-18.5,True,4.55,-41.53,-32.98,True
2026-07-03,1717.TW,1717,81.6,60.45,無特殊徵兆,➖ 中性/偏空,✅ 趨勢追蹤中，尚未觸發佈局點,8.58,-1.1,4.66,False,8.58,-10.17,-9.56,True,8.58,-21.45,-20.96,True,8.58,-35.29,-26.59,True
2026-07-03,1717.TW,1717,81.6,60.45,無特殊徵兆,➖ 中性/偏空,✅ 趨勢追蹤中，尚未觸發佈局點,8.58,-1.1,4.66,False,8.58,-10.17,-9.56,True,8.58,-21.45,-20.96,True,8.58,-35.29,-26.59,True
2026-07-03,1717.TW,1717,81.6,60.45,🚀 首次突破20日高點,➖ 中性/偏空,⚡【初升段起漲】放量突破關鍵價位，小注試單！,8.58,-1.1,4.66,False,8.58,-10.17,-9.56,True,8.58,-21.45,-20.96,True,8.58,-35.29,-26.59,True
2026-07-03,6415.TW,矽力-KY,605.0,54.6,無特殊徵兆,➖ 中性/偏空,✅ 趨勢追蹤中，尚未觸發佈局點,6.61,1.65,2.48,False,6.61,-13.72,-13.55,True,6.61,-28.18,-28.1,True,6.61,-40.17,-31.74,True
2026-07-03,6269.TW,台郡,66.8,45.36,無特殊徵兆,➖ 中性/偏空,✅ 趨勢追蹤中，尚未觸發佈局點,3.59,-2.4,-0.15,False,3.59,-7.04,-6.44,True,3.59,-16.17,-15.87,True,3.59,-31.14,-26.35,True
2026-07-03,6239.TW,力成,338.0,54.58,無特殊徵兆,➖ 中性/偏空,✅ 趨勢追蹤中，尚未觸發佈局點,4.45,-1.21,-0.05,False,4.45,-10.35,-7.15,True,4.45,-16.87,-16.44,True,4.45,-37.87,-30.33,True
2026-07-03,6116.TW,彩晶,18.15,54.66,無特殊徵兆,➖ 中性/偏空,✅ 趨勢追蹤中，尚未觸發佈局點,3.86,-0.0,0.28,False,5.23,-9.09,-5.23,True,5.23,-17.36,-17.36,True,5.23,-36.36,-31.4,True
2026-07-03,3714.TW,富采,62.3,44.19,無特殊徵兆,➖ 中性/偏空,✅ 趨勢追蹤中，尚未觸發佈局點,4.98,1.77,2.89,False,8.99,-3.21,2.25,False,8.99,-15.73,-15.73,True,8.99,-28.49,-22.87,True
2026-07-03,3324.TWO,雙鴻,1020.0,47.74,無特殊徵兆,➖ 中性/偏空,✅ 趨勢追蹤中，尚未觸發佈局點,1.47,-1.47,-0.98,False,1.47,-11.37,-9.8,True,1.47,-19.71,-10.49,True,1.47,-20.59,-11.57,True
2026-07-03,3231.TW,緯創,159.0,51.67,無特殊徵兆,➖ 中性/偏空,✅ 趨勢追蹤中，尚未觸發佈局點,-1.72,-4.45,-4.14,False,-1.72,-9.12,-9.12,True,-1.72,-12.58,-12.58,True,15.72,-12.58,10.69,True
2026-07-03,3163.TWO,波若威,818.0,44.28,無特殊徵兆,➖ 中性/偏空,✅ 趨勢追蹤中，尚未觸發佈局點,-12.33,-18.55,-17.1,True,-10.36,-24.67,-22.6,True,-10.36,-32.35,-32.35,True,-10.36,-40.59,-33.5,True
2026-07-03,3037.TW,欣興,969.0,50.7,無特殊徵兆,➖ 中性/偏空,✅ 趨勢追蹤中，尚未觸發佈局點,0.31,-7.43,-5.37,True,0.31,-13.73,-9.7,True,0.31,-18.06,-18.06,True,0.31,-32.61,-18.78,True
2026-07-03,8081.TW,致新,319.5,64.45,無特殊徵兆,➖ 中性/偏空,✅ 趨勢追蹤中，尚未觸發佈局點,5.32,0.47,1.41,False,5.32,-11.74,-11.42,True,5.32,-24.88,-24.73,True,5.32,-28.33,-23.0,True
2026-07-03,1609.TW,大亞,39.8,60.86,無特殊徵兆,➖ 中性/偏空,✅ 趨勢追蹤中，尚未觸發佈局點,9.92,6.28,9.92,False,11.18,-2.26,-1.76,False,11.18,-7.66,-7.54,True,11.18,-19.35,-14.95,True
2026-07-03,8150.TW,南茂,105.0,56.37,無特殊徵兆,➖ 中性/偏空,✅ 趨勢追蹤中，尚未觸發佈局點,10.0,5.71,10.0,False,12.86,-1.9,11.43,False,19.05,-1.9,5.24,False,19.05,-37.43,-30.86,True
2026-07-03,2887.TW,台新金,34.15,76.86,無特殊徵兆,➖ 中性/偏空,✅ 趨勢追蹤中，尚未觸發佈局點,-2.0,-3.84,-3.41,False,4.61,-3.84,3.77,False,6.3,-3.84,0.11,False,6.3,-6.73,5.27,True
2026-07-03,2883.TW,凱基金,28.45,61.53,無特殊徵兆,➖ 中性/偏空,✅ 趨勢追蹤中，尚未觸發佈局點,2.28,0.35,1.93,False,9.67,0.35,5.62,False,9.67,0.35,5.45,False,10.02,-0.35,8.44,False
2026-07-03,2886.TW,兆豐金,45.5,62.18,無特殊徵兆,➖ 中性/偏空,✅ 趨勢追蹤中，尚未觸發佈局點,-1.26,-3.91,-1.9,False,0.11,-3.91,-1.05,False,0.86,-3.91,0.86,False,13.78,-3.91,12.51,False
2026-07-03,2637.TW,慧洋,74.3,50.54,無特殊徵兆,➖ 中性/偏空,✅ 趨勢追蹤中，尚未觸發佈局點,19.52,16.82,18.44,False,19.52,12.92,19.38,False,,,,False,,,,False
2026-07-03,2454.TW,聯發科,4195.0,51.4,無特殊徵兆,➖ 中性/偏空,✅ 趨勢追蹤中，尚未觸發佈局點,2.49,-2.61,-2.25,False,2.49,-6.44,-6.44,True,2.49,-19.67,-19.67,True,2.49,-28.72,-15.26,True
2026-07-03,2449.TW,京元電子,335.0,56.52,無特殊徵兆,➖ 中性/偏空,✅ 趨勢追蹤中，尚未觸發佈局點,4.08,-1.02,-0.59,False,4.08,-14.75,-12.63,True,4.08,-21.13,-18.86,True,4.08,-41.79,-33.28,True
2026-07-03,2409.TW,友達,30.0,58.5,無特殊徵兆,➖ 中性/偏空,✅ 趨勢追蹤中，尚未觸發佈局點,4.86,-1.2,3.88,False,8.14,-6.61,3.06,True,8.14,-16.27,-15.45,True,8.14,-27.91,-19.33,True
2026-07-03,2408.TW,南亞科,409.5,51.75,無特殊徵兆,➖ 中性/偏空,✅ 趨勢追蹤中，尚未觸發佈局點,7.83,2.36,2.36,False,7.83,-4.52,6.35,False,19.54,-4.52,-3.42,False,19.54,-21.37,-11.97,True
2026-07-03,3037.TW,欣興,969.0,50.7,無特殊徵兆,➖ 中性/偏空,✅ 趨勢追蹤中，尚未觸發佈局點,0.31,-7.43,-5.37,True,0.31,-13.73,-9.7,True,0.31,-18.06,-18.06,True,0.31,-32.61,-18.78,True
2026-07-03,2382.TW,廣達,377.0,57.58,無特殊徵兆,➖ 中性/偏空,✅ 趨勢追蹤中，尚未觸發佈局點,-0.02,-3.84,-3.84,False,-0.02,-6.64,-4.98,True,-0.02,-13.93,-13.66,True,-0.02,-25.99,-22.68,True
2026-07-03,2377.TW,微星,143.0,60.7,無特殊徵兆,➖ 中性/偏空,✅ 趨勢追蹤中，尚未觸發佈局點,-0.83,-3.55,-3.21,False,0.19,-7.62,-1.51,True,3.93,-7.62,-3.89,True,7.32,-10.68,-3.55,True
2026-07-03,2371.TW,大同,28.0,47.75,無特殊徵兆,➖ 中性/偏空,✅ 趨勢追蹤中，尚未觸發佈局點,2.68,0.54,0.54,False,2.68,-4.29,-1.07,False,2.68,-6.96,-6.96,True,2.68,-16.79,-13.21,True
2026-07-03,2356.TW,英業達,67.6,54.97,無特殊徵兆,➖ 中性/偏空,✅ 趨勢追蹤中，尚未觸發佈局點,-0.85,-3.71,-3.71,False,4.31,-8.87,0.01,True,4.31,-13.61,-13.46,True,4.31,-15.98,-8.58,True
2026-07-03,2353.TW,宏碁,32.9,48.8,無特殊徵兆,➖ 中性/偏空,✅ 趨勢追蹤中，尚未觸發佈局點,2.28,-1.22,-0.3,False,2.58,-3.04,-1.22,False,2.58,-10.33,-10.03,True,2.58,-15.96,-12.31,True
2026-07-03,2352.TW,佳士達,32.2,57.03,無特殊徵兆,➖ 中性/偏空,✅ 趨勢追蹤中，尚未觸發佈局點,6.32,-1.04,6.32,False,9.02,-1.04,-0.89,False,9.02,-11.4,-8.7,True,9.02,-19.1,-15.06,True
2026-07-03,2344.TW,華邦電,184.5,51.64,無特殊徵兆,➖ 中性/偏空,✅ 趨勢追蹤中，尚未觸發佈局點,8.4,-0.81,-0.81,False,8.4,-10.57,-4.34,True,8.4,-15.99,-15.99,True,8.4,-36.59,-29.54,True
2026-07-03,2330.TW,台積電,2445.0,57.15,無特殊徵兆,➖ 中性/偏空,✅ 趨勢追蹤中，尚未觸發佈局點,2.25,0.41,0.61,False,2.25,-1.23,-1.23,False,2.25,-6.34,-6.34,True,2.25,-10.84,-0.82,True
2026-07-03,2324.TW,仁寶,34.95,46.76,無特殊徵兆,➖ 中性/偏空,✅ 趨勢追蹤中，尚未觸發佈局點,5.01,0.43,2.15,False,7.73,-0.29,4.72,False,9.3,-0.72,3.0,False,9.3,-5.01,3.0,True
2026-07-03,2317.TW,鴻海,240.5,42.02,無特殊徵兆,➖ 中性/偏空,✅ 趨勢追蹤中，尚未觸發佈局點,2.91,0.0,0.62,False,2.91,-2.7,-1.25,False,2.91,-4.37,-2.7,False,7.9,-5.82,4.16,True
2026-07-03,2303.TW,聯電,170.5,66.21,無特殊徵兆,➖ 中性/偏空,✅ 趨勢追蹤中，尚未觸發佈局點,-1.11,-5.43,-4.28,True,-1.11,-12.61,-8.5,True,-1.11,-17.89,-15.54,True,-1.11,-39.88,-29.03,True
2026-07-03,2379.TW,瑞昱,783.0,56.83,無特殊徵兆,➖ 中性/偏空,✅ 趨勢追蹤中，尚未觸發佈局點,3.07,-1.79,-1.79,False,8.3,-1.79,7.28,False,8.3,-11.11,-8.3,True,8.3,-16.35,-12.77,True
2026-07-03,3163.TWO,波若威,818.0,44.28,無特殊徵兆,➖ 中性/偏空,✅ 趨勢追蹤中，尚未觸發佈局點,-12.33,-18.55,-17.1,True,-10.36,-24.67,-22.6,True,-10.36,-32.35,-32.35,True,-10.36,-40.59,-33.5,True
2026-07-03,3231.TW,緯創,159.0,51.67,無特殊徵兆,➖ 中性/偏空,✅ 趨勢追蹤中，尚未觸發佈局點,-1.72,-4.45,-4.14,False,-1.72,-9.12,-9.12,True,-1.72,-12.58,-12.58,True,15.72,-12.58,10.69,True
2026-07-03,0050.TW,元大台灣50,108.35,58.34,庫存動態防禦,➖ 中性/偏空,🛡️【洗盤耐受區】嚴禁攤平加碼，死守底線 (89.93)！,0.54,-1.2,-0.7,False,0.54,-3.63,-2.94,False,0.54,-8.26,-8.13,True,0.54,-15.27,-5.08,True
2026-07-03,1536.TW,和大,52.2,58.89,庫存動態防禦,➖ 中性/偏空,🛡️【洗盤耐受區】嚴禁攤平加碼，死守底線 (49.08)！,3.26,0.0,1.72,False,5.36,-5.36,5.36,True,9.58,-5.94,-5.27,True,9.58,-14.18,-10.63,True
2026-07-03,1717.TW,1717,81.6,60.45,無特殊徵兆,➖ 中性/偏空,✅ 趨勢追蹤中，尚未觸發佈局點,8.58,-1.1,4.66,False,8.58,-10.17,-9.56,True,8.58,-21.45,-20.96,True,8.58,-35.29,-26.59,True
2026-07-03,1717.TW,1717,81.6,60.45,無特殊徵兆,➖ 中性/偏空,✅ 趨勢追蹤中，尚未觸發佈局點,8.58,-1.1,4.66,False,8.58,-10.17,-9.56,True,8.58,-21.45,-20.96,True,8.58,-35.29,-26.59,True
2026-07-03,1717.TW,1717,81.6,60.45,🚀 首次突破20日高點,➖ 中性/偏空,⚡【初升段起漲】放量突破關鍵價位，小注試單！,8.58,-1.1,4.66,False,8.58,-10.17,-9.56,True,8.58,-21.45,-20.96,True,8.58,-35.29,-26.59,True
2026-07-03,6415.TW,矽力-KY,605.0,54.6,無特殊徵兆,➖ 中性/偏空,✅ 趨勢追蹤中，尚未觸發佈局點,6.61,1.65,2.48,False,6.61,-13.72,-13.55,True,6.61,-28.18,-28.1,True,6.61,-40.17,-31.74,True
2026-07-03,6269.TW,台郡,66.8,45.36,無特殊徵兆,➖ 中性/偏空,✅ 趨勢追蹤中，尚未觸發佈局點,3.59,-2.4,-0.15,False,3.59,-7.04,-6.44,True,3.59,-16.17,-15.87,True,3.59,-31.14,-26.35,True
2026-07-03,6239.TW,力成,338.0,54.58,無特殊徵兆,➖ 中性/偏空,✅ 趨勢追蹤中，尚未觸發佈局點,4.45,-1.21,-0.05,False,4.45,-10.35,-7.15,True,4.45,-16.87,-16.44,True,4.45,-37.87,-30.33,True
2026-07-03,6116.TW,彩晶,18.15,54.66,無特殊徵兆,➖ 中性/偏空,✅ 趨勢追蹤中，尚未觸發佈局點,3.86,-0.0,0.28,False,5.23,-9.09,-5.23,True,5.23,-17.36,-17.36,True,5.23,-36.36,-31.4,True
2026-07-03,3714.TW,富采,62.3,44.19,無特殊徵兆,➖ 中性/偏空,✅ 趨勢追蹤中，尚未觸發佈局點,4.98,1.77,2.89,False,8.99,-3.21,2.25,False,8.99,-15.73,-15.73,True,8.99,-28.49,-22.87,True
2026-07-03,3324.TWO,雙鴻,1020.0,47.74,無特殊徵兆,➖ 中性/偏空,✅ 趨勢追蹤中，尚未觸發佈局點,1.47,-1.47,-0.98,False,1.47,-11.37,-9.8,True,1.47,-19.71,-10.49,True,1.47,-20.59,-11.57,True
2026-07-03,2409.TW,友達,30.05,58.66,無特殊徵兆,➖ 中性/偏空,✅ 趨勢追蹤中，尚未觸發佈局點,4.69,-1.36,3.71,False,7.96,-6.76,2.89,True,7.96,-16.41,-15.6,True,7.96,-28.03,-19.47,True
2026-07-03,2344.TW,華邦電,183.5,51.23,無特殊徵兆,➖ 中性/偏空,✅ 趨勢追蹤中，尚未觸發佈局點,8.99,-0.27,-0.27,False,8.99,-10.08,-3.81,True,8.99,-15.53,-15.53,True,8.99,-36.24,-29.16,True
2026-07-03,2382.TW,廣達,377.0,57.58,無特殊徵兆,➖ 中性/偏空,✅ 趨勢追蹤中，尚未觸發佈局點,-0.02,-3.84,-3.84,False,-0.02,-6.64,-4.98,True,-0.02,-13.93,-13.66,True,-0.02,-25.99,-22.68,True
2026-07-03,1513.TW,中興電,177.5,57.03,無特殊徵兆,➖ 中性/偏空,✅ 趨勢追蹤中，尚未觸發佈局點,-1.05,-3.5,-2.95,False,-1.05,-6.76,-5.07,True,-1.05,-10.7,-10.7,True,-1.05,-18.03,-13.52,True
2026-07-03,8081.TW,致新,317.0,63.74,無特殊徵兆,➖ 中性/偏空,✅ 趨勢追蹤中，尚未觸發佈局點,6.15,1.26,2.21,False,6.15,-11.04,-10.73,True,6.15,-24.29,-24.13,True,6.15,-27.76,-22.4,True
2026-07-03,8150.TW,南茂,105.0,56.37,無特殊徵兆,➖ 中性/偏空,✅ 趨勢追蹤中，尚未觸發佈局點,10.0,5.71,10.0,False,12.86,-1.9,11.43,False,19.05,-1.9,5.24,False,19.05,-37.43,-30.86,True
2026-07-03,0050.TW,元大台灣50,107.35,56.31,庫存動態防禦,➖ 中性/偏空,🛡️【洗盤耐受區】嚴禁攤平加碼，死守底線 (88.68)！,1.48,-0.28,0.23,False,1.48,-2.73,-2.04,False,1.48,-7.41,-7.27,True,1.48,-14.49,-4.19,True
2026-07-03,1536.TW,和大,52.4,59.43,🚀 首次突破20日高點,➖ 中性/偏空,⚡【初升段起漲】放量突破關鍵價位，小注試單！,2.86,-0.38,1.34,False,4.96,-5.73,4.96,True,9.16,-6.3,-5.63,True,9.16,-14.5,-10.97,True
2026-07-03,3042.TW,3042,231.5,62.86,無特殊徵兆,➖ 中性/偏空,✅ 趨勢追蹤中，尚未觸發佈局點,7.99,-3.02,-3.02,False,7.99,-14.47,-13.61,True,7.99,-27.43,-27.21,True,7.99,-42.12,-35.42,True
2026-07-03,1314.TW,1314,9.13,76.97,無特殊徵兆,➖ 中性/偏空,✅ 趨勢追蹤中，尚未觸發佈局點,17.2,4.05,13.91,False,17.2,-3.29,-2.52,False,17.2,-6.57,-5.37,True,17.2,-19.5,-17.09,True
2026-07-03,2201.TW,2201,28.0,54.81,無特殊徵兆,➖ 中性/偏空,✅ 趨勢追蹤中，尚未觸發佈局點,5.71,3.21,4.64,False,5.71,0.89,1.61,False,5.71,-1.61,2.86,False,5.71,-4.82,0.0,False
2026-07-03,1536.TW,1536,51.3,56.27,無特殊徵兆,➖ 中性/偏空,✅ 趨勢追蹤中，尚未觸發佈局點,5.07,1.75,3.51,False,7.21,-3.7,7.21,False,11.5,-4.29,-3.61,False,11.5,-12.67,-9.06,True
2026-07-03,8081.TW,8081,315.5,63.2,無特殊徵兆,➖ 中性/偏空,✅ 趨勢追蹤中，尚未觸發佈局點,6.66,1.74,2.69,False,6.66,-10.62,-10.3,True,6.66,-23.93,-23.77,True,6.66,-27.42,-22.03,True
2026-07-03,3042.TW,3042,231.5,62.86,無特殊徵兆,➖ 中性/偏空,✅ 趨勢追蹤中，尚未觸發佈局點,7.99,-3.02,-3.02,False,7.99,-14.47,-13.61,True,7.99,-27.43,-27.21,True,7.99,-42.12,-35.42,True
2026-07-03,1536.TW,1536,51.3,56.27,無特殊徵兆,➖ 中性/偏空,✅ 趨勢追蹤中，尚未觸發佈局點,5.07,1.75,3.51,False,7.21,-3.7,7.21,False,11.5,-4.29,-3.61,False,11.5,-12.67,-9.06,True
2026-07-03,8081.TW,8081,315.5,63.2,無特殊徵兆,➖ 中性/偏空,✅ 趨勢追蹤中，尚未觸發佈局點,6.66,1.74,2.69,False,6.66,-10.62,-10.3,True,6.66,-23.93,-23.77,True,6.66,-27.42,-22.03,True
2026-07-03,3042.TW,3042,231.5,62.86,無特殊徵兆,➖ 中性/偏空,✅ 趨勢追蹤中，尚未觸發佈局點,7.99,-3.02,-3.02,False,7.99,-14.47,-13.61,True,7.99,-27.43,-27.21,True,7.99,-42.12,-35.42,True
2026-07-03,1605.TW,華新,36.45,48.96,無特殊徵兆,➖ 中性/偏空,✅ 趨勢追蹤中，尚未觸發佈局點,4.53,0.27,0.27,False,4.53,-6.45,-5.62,True,4.53,-11.52,-10.56,True,4.53,-22.22,-13.72,True
2026-07-03,1609.TW,大亞,39.35,59.49,無特殊徵兆,➖ 中性/偏空,✅ 趨勢追蹤中，尚未觸發佈局點,11.18,7.5,11.18,False,12.45,-1.14,-0.64,False,12.45,-6.61,-6.48,True,12.45,-18.42,-13.98,True
2026-07-03,1795.TW,美時,200.5,55.02,無特殊徵兆,➖ 中性/偏空,✅ 趨勢追蹤中，尚未觸發佈局點,-5.24,-6.73,-5.99,True,-5.24,-10.22,-8.23,True,,,,False,,,,False
2026-07-03,3163.TWO,波若威,790.0,41.37,無特殊徵兆,➖ 中性/偏空,✅ 趨勢追蹤中，尚未觸發佈局點,-9.22,-15.67,-14.16,True,-7.18,-22.0,-19.86,True,-7.18,-29.95,-29.95,True,-7.18,-38.48,-31.14,True
2026-07-03,3037.TW,欣興,955.0,49.46,無特殊徵兆,➖ 中性/偏空,✅ 趨勢追蹤中，尚未觸發佈局點,1.78,-6.07,-3.98,True,1.78,-12.46,-8.38,True,1.78,-16.86,-16.86,True,1.78,-31.62,-17.59,True
2026-07-03,2887.TW,台新金,34.35,77.45,無特殊徵兆,➖ 中性/偏空,✅ 趨勢追蹤中，尚未觸發佈局點,-2.58,-4.39,-3.98,False,4.0,-4.39,3.16,False,5.68,-4.39,-0.48,False,5.68,-7.28,4.66,True
2026-07-03,2883.TW,凱基金,28.15,59.86,無特殊徵兆,➖ 中性/偏空,✅ 趨勢追蹤中，尚未觸發佈局點,3.37,1.42,3.02,False,10.83,1.42,6.75,False,10.83,1.42,6.57,False,11.19,0.71,9.59,False
2026-07-03,2886.TW,兆豐金,46.3,68.94,無特殊徵兆,➖ 中性/偏空,✅ 趨勢追蹤中，尚未觸發佈局點,-2.97,-5.57,-3.59,True,-1.62,-5.57,-2.76,True,-0.89,-5.57,-0.89,True,11.81,-5.57,10.57,True
2026-07-03,2637.TW,慧洋,74.1,49.94,無特殊徵兆,➖ 中性/偏空,✅ 趨勢追蹤中，尚未觸發佈局點,19.84,17.14,18.76,False,19.84,13.23,19.7,False,,,,False,,,,False
2026-07-03,2449.TW,京元電子,329.5,54.74,無特殊徵兆,➖ 中性/偏空,✅ 趨勢追蹤中，尚未觸發佈局點,5.82,0.63,1.07,False,5.82,-13.33,-11.17,True,5.82,-19.81,-17.51,True,5.82,-40.82,-32.17,True
2026-07-03,2409.TW,友達,29.85,58.04,無特殊徵兆,➖ 中性/偏空,✅ 趨勢追蹤中，尚未觸發佈局點,5.39,-0.7,4.4,False,8.68,-6.14,3.58,True,8.68,-15.85,-15.03,True,8.68,-27.54,-18.93,True
2026-07-03,2408.TW,南亞科,411.5,52.09,無特殊徵兆,➖ 中性/偏空,✅ 趨勢追蹤中，尚未觸發佈局點,7.31,1.86,1.86,False,7.31,-4.98,5.83,False,18.96,-4.98,-3.89,False,18.96,-21.75,-12.39,True
2026-07-03,2382.TW,廣達,371.0,54.62,無特殊徵兆,➖ 中性/偏空,✅ 趨勢追蹤中，尚未觸發佈局點,1.59,-2.28,-2.28,False,1.59,-5.13,-3.45,True,1.59,-12.53,-12.26,True,1.59,-24.8,-21.43,True
2026-07-03,2379.TW,瑞昱,788.0,57.45,無特殊徵兆,➖ 中性/偏空,✅ 趨勢追蹤中，尚未觸發佈局點,2.41,-2.41,-2.41,False,7.61,-2.41,6.6,False,7.61,-11.68,-8.88,True,7.61,-16.88,-13.32,True
2026-07-03,2377.TW,微星,144.0,61.58,無特殊徵兆,➖ 中性/偏空,✅ 趨勢追蹤中，尚未觸發佈局點,-1.52,-4.22,-3.88,False,-0.51,-8.26,-2.19,True,3.2,-8.26,-4.55,True,6.58,-11.3,-4.22,True
2026-07-03,2356.TW,英業達,68.0,55.77,無特殊徵兆,➖ 中性/偏空,✅ 趨勢追蹤中，尚未觸發佈局點,-1.43,-4.28,-4.28,False,3.7,-9.41,-0.58,True,3.7,-14.12,-13.97,True,3.7,-16.47,-9.12,True
2026-07-03,2353.TW,宏碁,32.0,45.23,無特殊徵兆,➖ 中性/偏空,✅ 趨勢追蹤中，尚未觸發佈局點,5.16,1.56,2.5,False,5.47,-0.31,1.56,False,5.47,-7.81,-7.5,True,5.47,-13.59,-9.84,True
2026-07-03,2352.TW,佳士達,33.1,59.86,無特殊徵兆,➖ 中性/偏空,✅ 趨勢追蹤中，尚未觸發佈局點,3.43,-3.73,3.43,False,6.06,-3.73,-3.58,False,6.06,-13.81,-11.18,True,6.06,-21.3,-17.37,True
2026-07-03,2344.TW,華邦電,184.0,51.44,無特殊徵兆,➖ 中性/偏空,✅ 趨勢追蹤中，尚未觸發佈局點,8.7,-0.54,-0.54,False,8.7,-10.33,-4.08,True,8.7,-15.76,-15.76,True,8.7,-36.41,-29.35,True
2026-07-03,2330.TW,台積電,2430.0,55.7,無特殊徵兆,➖ 中性/偏空,✅ 趨勢追蹤中，尚未觸發佈局點,2.88,1.03,1.23,False,2.88,-0.62,-0.62,False,2.88,-5.76,-5.76,True,2.88,-10.29,-0.21,True
2026-07-03,2324.TW,仁寶,34.65,45.71,無特殊徵兆,➖ 中性/偏空,✅ 趨勢追蹤中，尚未觸發佈局點,5.92,1.3,3.03,False,8.66,0.58,5.63,False,10.25,0.14,3.9,False,10.25,-4.18,3.9,False
2026-07-03,2317.TW,鴻海,238.5,40.35,無特殊徵兆,➖ 中性/偏空,✅ 趨勢追蹤中，尚未觸發佈局點,3.77,0.84,1.47,False,3.77,-1.89,-0.42,False,3.77,-3.56,-1.89,False,8.81,-5.03,5.03,True
2026-07-03,2303.TW,聯電,164.0,62.54,無特殊徵兆,➖ 中性/偏空,✅ 趨勢追蹤中，尚未觸發佈局點,2.81,-1.68,-0.48,False,2.81,-9.15,-4.88,True,2.81,-14.63,-12.2,True,2.81,-37.5,-26.22,True
2026-07-03,3231.TW,緯創,160.5,53.07,無特殊徵兆,➖ 中性/偏空,✅ 趨勢追蹤中，尚未觸發佈局點,-2.64,-5.34,-5.04,True,-2.64,-9.97,-9.97,True,-2.64,-13.4,-13.4,True,14.64,-13.4,9.66,True
2026-07-03,2344.TW,華邦電,178.5,49.15,無特殊徵兆,➖ 中性/偏空,✅ 趨勢追蹤中，尚未觸發佈局點,12.04,2.52,2.52,False,12.04,-7.56,-1.12,True,12.04,-13.17,-13.17,True,12.04,-34.45,-27.17,True
2026-07-03,2330.TW,台積電,2420.0,54.77,無特殊徵兆,➖ 中性/偏空,✅ 趨勢追蹤中，尚未觸發佈局點,3.31,1.45,1.65,False,3.31,-0.21,-0.21,False,3.31,-5.37,-5.37,True,3.31,-9.92,0.21,True
2026-07-03,2324.TW,仁寶,34.65,45.71,無特殊徵兆,➖ 中性/偏空,✅ 趨勢追蹤中，尚未觸發佈局點,5.92,1.3,3.03,False,8.66,0.58,5.63,False,10.25,0.14,3.9,False,10.25,-4.18,3.9,False
2026-07-03,2317.TW,鴻海,236.5,39.14,無特殊徵兆,➖ 中性/偏空,✅ 趨勢追蹤中，尚未觸發佈局點,4.65,1.69,2.33,False,4.65,-1.06,0.42,False,4.65,-2.75,-1.06,False,9.73,-4.23,5.92,False
2026-07-03,2303.TW,聯電,159.0,58.55,無特殊徵兆,➖ 中性/偏空,✅ 趨勢追蹤中，尚未觸發佈局點,6.05,1.41,2.65,False,6.05,-6.29,-1.89,True,6.05,-11.95,-9.43,True,6.05,-35.53,-23.9,True
2026-07-03,1795.TW,美時,194.0,48.78,無特殊徵兆,➖ 中性/偏空,✅ 趨勢追蹤中，尚未觸發佈局點,-2.06,-3.61,-2.84,False,-2.06,-7.22,-5.15,True,,,,False,,,,False
2026-07-03,1609.TW,大亞,38.0,54.61,無特殊徵兆,➖ 中性/偏空,✅ 趨勢追蹤中，尚未觸發佈局點,15.13,11.32,15.13,False,16.45,2.37,2.89,False,16.45,-3.29,-3.16,False,16.45,-15.53,-10.92,True
2026-07-03,1605.TW,華新,35.35,45.52,無特殊徵兆,➖ 中性/偏空,✅ 趨勢追蹤中，尚未觸發佈局點,7.78,3.39,3.39,False,7.78,-3.54,-2.69,False,7.78,-8.77,-7.78,True,7.78,-19.8,-11.03,True
2026-07-03,1536.TW,和大,51.3,56.27,無特殊徵兆,➖ 中性/偏空,✅ 趨勢追蹤中，尚未觸發佈局點,5.07,1.75,3.51,False,7.21,-3.7,7.21,False,11.5,-4.29,-3.61,False,11.5,-12.67,-9.06,True
2026-07-03,2352.TW,佳士達,31.75,55.34,無特殊徵兆,➖ 中性/偏空,✅ 趨勢追蹤中，尚未觸發佈局點,7.83,0.37,7.83,False,10.57,0.37,0.52,False,10.57,-10.14,-7.4,True,10.57,-17.95,-13.86,True
2026-07-03,1513.TW,中興電,176.0,55.06,無特殊徵兆,➖ 中性/偏空,✅ 趨勢追蹤中，尚未觸發佈局點,-0.21,-2.68,-2.13,False,-0.21,-5.97,-4.26,True,-0.21,-9.94,-9.94,True,-0.21,-17.33,-12.78,True
2026-07-03,8081.TW,致新,315.5,63.2,無特殊徵兆,➖ 中性/偏空,✅ 趨勢追蹤中，尚未觸發佈局點,6.66,1.74,2.69,False,6.66,-10.62,-10.3,True,6.66,-23.93,-23.77,True,6.66,-27.42,-22.03,True
2026-07-03,8150.TW,南茂,107.0,58.02,無特殊徵兆,➖ 中性/偏空,✅ 趨勢追蹤中，尚未觸發佈局點,7.94,3.74,7.94,False,10.75,-3.74,9.35,False,16.82,-3.74,3.27,False,16.82,-38.6,-32.15,True
2026-07-03,3042.TW,晶技,231.5,62.86,無特殊徵兆,➖ 中性/偏空,✅ 趨勢追蹤中，尚未觸發佈局點,7.99,-3.02,-3.02,False,7.99,-14.47,-13.61,True,7.99,-27.43,-27.21,True,7.99,-42.12,-35.42,True
2026-07-03,0050.TW,元大台灣50,109.69,61.52,庫存動態防禦,➖ 中性/偏空,🛡️【洗盤耐受區】嚴禁攤平加碼，死守底線 (91.10)！,-0.69,-2.41,-1.91,False,-0.69,-4.81,-4.13,False,-0.69,-9.39,-9.25,True,-0.69,-16.31,-6.24,True
2026-07-03,2353.TW,宏碁,32.05,45.44,無特殊徵兆,➖ 中性/偏空,✅ 趨勢追蹤中，尚未觸發佈局點,4.99,1.4,2.34,False,5.3,-0.47,1.4,False,5.3,-7.96,-7.64,True,5.3,-13.73,-9.98,True
2026-07-03,2356.TW,英業達,67.0,53.65,無特殊徵兆,➖ 中性/偏空,✅ 趨勢追蹤中，尚未觸發佈局點,0.04,-2.85,-2.85,False,5.25,-8.06,0.91,True,5.25,-12.84,-12.69,True,5.25,-15.22,-7.76,True
2026-07-03,2371.TW,大同,27.45,43.23,無特殊徵兆,➖ 中性/偏空,✅ 趨勢追蹤中，尚未觸發佈局點,4.74,2.55,2.55,False,4.74,-2.37,0.91,False,4.74,-5.1,-5.1,True,4.74,-15.12,-11.48,True
2026-07-03,6415.TW,矽力-KY,602.0,54.15,無特殊徵兆,➖ 中性/偏空,✅ 趨勢追蹤中，尚未觸發佈局點,7.14,2.16,2.99,False,7.14,-13.29,-13.12,True,7.14,-27.82,-27.74,True,7.14,-39.87,-31.4,True
2026-07-03,6269.TW,台郡,65.7,43.93,無特殊徵兆,➖ 中性/偏空,✅ 趨勢追蹤中，尚未觸發佈局點,5.33,-0.76,1.52,False,5.33,-5.48,-4.87,True,5.33,-14.76,-14.46,True,5.33,-29.98,-25.11,True
2026-07-03,6239.TW,力成,325.5,50.78,無特殊徵兆,➖ 中性/偏空,✅ 趨勢追蹤中，尚未觸發佈局點,8.46,2.59,3.79,False,8.46,-6.9,-3.59,True,8.46,-13.68,-13.23,True,8.46,-35.48,-27.65,True
2026-07-03,3714.TW,富采,62.2,44.01,無特殊徵兆,➖ 中性/偏空,✅ 趨勢追蹤中，尚未觸發佈局點,5.14,1.93,3.05,False,9.16,-3.05,2.41,False,9.16,-15.59,-15.59,True,9.16,-28.38,-22.75,True
2026-07-03,3324.TWO,雙鴻,1020.0,47.74,無特殊徵兆,➖ 中性/偏空,✅ 趨勢追蹤中，尚未觸發佈局點,1.47,-1.47,-0.98,False,1.47,-11.37,-9.8,True,1.47,-19.71,-10.49,True,1.47,-20.59,-11.57,True
2026-07-03,3231.TW,緯創,158.0,50.68,無特殊徵兆,➖ 中性/偏空,✅ 趨勢追蹤中，尚未觸發佈局點,-1.1,-3.84,-3.54,False,-1.1,-8.54,-8.54,True,-1.1,-12.03,-12.03,True,16.46,-12.03,11.39,True
2026-07-03,3163.TWO,波若威,750.0,37.87,無特殊徵兆,➖ 中性/偏空,✅ 趨勢追蹤中，尚未觸發佈局點,-4.38,-11.17,-9.58,True,-2.23,-17.85,-15.58,True,-2.23,-26.22,-26.22,True,-2.23,-35.2,-27.47,True
2026-07-03,3037.TW,欣興,936.0,47.87,無特殊徵兆,➖ 中性/偏空,✅ 趨勢追蹤中，尚未觸發佈局點,3.85,-4.17,-2.03,False,3.85,-10.68,-6.52,True,3.85,-15.17,-15.17,True,3.85,-30.24,-15.92,True
2026-07-03,2887.TW,台新金,33.25,73.75,無特殊徵兆,➖ 中性/偏空,✅ 趨勢追蹤中，尚未觸發佈局點,0.65,-1.23,-0.8,False,7.44,-1.23,6.58,False,9.18,-1.23,2.82,False,9.18,-4.21,8.12,False
2026-07-03,2883.TW,凱基金,28.0,58.98,無特殊徵兆,➖ 中性/偏空,✅ 趨勢追蹤中，尚未觸發佈局點,3.93,1.96,3.57,False,11.43,1.96,7.32,False,11.43,1.96,7.14,False,11.79,1.25,10.18,False
2026-07-03,2886.TW,兆豐金,46.1,67.91,無特殊徵兆,➖ 中性/偏空,✅ 趨勢追蹤中，尚未觸發佈局點,-2.55,-5.16,-3.18,True,-1.19,-5.16,-2.34,True,-0.46,-5.16,-0.46,True,12.3,-5.16,11.05,True
2026-07-03,2637.TW,慧洋,72.1,43.06,無特殊徵兆,➖ 中性/偏空,✅ 趨勢追蹤中，尚未觸發佈局點,23.16,20.39,22.05,False,23.16,16.37,23.02,False,,,,False,,,,False
2026-07-03,2454.TW,聯發科,4165.0,50.69,無特殊徵兆,➖ 中性/偏空,✅ 趨勢追蹤中，尚未觸發佈局點,3.22,-1.91,-1.55,False,3.22,-5.76,-5.76,True,3.22,-19.09,-19.09,True,3.22,-28.21,-14.65,True
2026-07-03,2449.TW,京元電子,336.0,56.85,無特殊徵兆,➖ 中性/偏空,✅ 趨勢追蹤中，尚未觸發佈局點,3.77,-1.31,-0.89,False,3.77,-15.01,-12.89,True,3.77,-21.36,-19.1,True,3.77,-41.96,-33.48,True
2026-07-03,2409.TW,友達,30.05,58.66,無特殊徵兆,➖ 中性/偏空,✅ 趨勢追蹤中，尚未觸發佈局點,4.69,-1.36,3.71,False,7.96,-6.76,2.89,True,7.96,-16.41,-15.6,True,7.96,-28.03,-19.47,True
2026-07-03,2408.TW,南亞科,396.0,49.34,無特殊徵兆,➖ 中性/偏空,✅ 趨勢追蹤中，尚未觸發佈局點,11.51,5.85,5.85,False,11.51,-1.26,9.97,False,23.61,-1.26,-0.13,False,23.61,-18.69,-8.96,True
2026-07-03,2382.TW,廣達,370.0,54.09,無特殊徵兆,➖ 中性/偏空,✅ 趨勢追蹤中，尚未觸發佈局點,1.87,-2.02,-2.02,False,1.87,-4.87,-3.19,False,1.87,-12.3,-12.03,True,1.87,-24.59,-21.22,True
2026-07-03,2379.TW,瑞昱,804.0,59.54,無特殊徵兆,➖ 中性/偏空,✅ 趨勢追蹤中，尚未觸發佈局點,0.37,-4.35,-4.35,False,5.47,-4.35,4.48,False,5.47,-13.43,-10.7,True,5.47,-18.53,-15.05,True
2026-07-03,2377.TW,微星,143.0,60.7,無特殊徵兆,➖ 中性/偏空,✅ 趨勢追蹤中，尚未觸發佈局點,-0.83,-3.55,-3.21,False,0.19,-7.62,-1.51,True,3.93,-7.62,-3.89,True,7.32,-10.68,-3.55,True
2026-07-03,3324.TWO,雙鴻,1025.0,48.33,無特殊徵兆,➖ 中性/偏空,✅ 趨勢追蹤中，尚未觸發佈局點,0.98,-1.95,-1.46,False,0.98,-11.8,-10.24,True,0.98,-20.1,-10.93,True,0.98,-20.98,-12.0,True
2026-07-03,6116.TW,彩晶,18.25,55.14,無特殊徵兆,➖ 中性/偏空,✅ 趨勢追蹤中，尚未觸發佈局點,3.29,-0.55,-0.27,False,4.66,-9.59,-5.75,True,4.66,-17.81,-17.81,True,4.66,-36.71,-31.78,True
2026-07-03,1536.TW,1536,52.8,60.48,無特殊徵兆,➖ 中性/偏空,✅ 趨勢追蹤中，尚未觸發佈局點,2.08,-1.14,0.57,False,4.17,-6.44,4.17,True,8.33,-7.01,-6.34,True,8.33,-15.15,-11.65,True
2026-07-03,8081.TW,8081,315.5,63.2,無特殊徵兆,➖ 中性/偏空,✅ 趨勢追蹤中，尚未觸發佈局點,6.66,1.74,2.69,False,6.66,-10.62,-10.3,True,6.66,-23.93,-23.77,True,6.66,-27.42,-22.03,True
2026-07-03,1536.TW,1536,52.8,60.48,無特殊徵兆,➖ 中性/偏空,✅ 趨勢追蹤中，尚未觸發佈局點,2.08,-1.14,0.57,False,4.17,-6.44,4.17,True,8.33,-7.01,-6.34,True,8.33,-15.15,-11.65,True
2026-07-03,8081.TW,8081,315.5,63.2,無特殊徵兆,➖ 中性/偏空,✅ 趨勢追蹤中，尚未觸發佈局點,6.66,1.74,2.69,False,6.66,-10.62,-10.3,True,6.66,-23.93,-23.77,True,6.66,-27.42,-22.03,True
2026-07-03,6415.TW,矽力-KY,598.0,53.57,無特殊徵兆,➖ 中性/偏空,✅ 趨勢追蹤中，尚未觸發佈局點,7.86,2.84,3.68,False,7.86,-12.71,-12.54,True,7.86,-27.34,-27.26,True,7.86,-39.46,-30.94,True
2026-07-03,6239.TW,力成,339.0,54.86,無特殊徵兆,➖ 中性/偏空,✅ 趨勢追蹤中，尚未觸發佈局點,4.14,-1.5,-0.34,False,4.14,-10.61,-7.43,True,4.14,-17.12,-16.69,True,4.14,-38.05,-30.53,True
2026-07-03,6116.TW,彩晶,18.35,55.62,無特殊徵兆,➖ 中性/偏空,✅ 趨勢追蹤中，尚未觸發佈局點,2.72,-1.09,-0.82,False,4.09,-10.08,-6.27,True,4.09,-18.26,-18.26,True,4.09,-37.06,-32.15,True
2026-07-03,3714.TW,富采,62.0,43.69,無特殊徵兆,➖ 中性/偏空,✅ 趨勢追蹤中，尚未觸發佈局點,5.48,2.26,3.39,False,9.52,-2.74,2.74,False,9.52,-15.32,-15.32,True,9.52,-28.15,-22.5,True
2026-07-03,3324.TWO,雙鴻,1020.0,47.74,無特殊徵兆,➖ 中性/偏空,✅ 趨勢追蹤中，尚未觸發佈局點,1.47,-1.47,-0.98,False,1.47,-11.37,-9.8,True,1.47,-19.71,-10.49,True,1.47,-20.59,-11.57,True
2026-07-03,3231.TW,緯創,159.5,52.15,無特殊徵兆,➖ 中性/偏空,✅ 趨勢追蹤中，尚未觸發佈局點,-2.03,-4.75,-4.44,False,-2.03,-9.4,-9.4,True,-2.03,-12.85,-12.85,True,15.36,-12.85,10.34,True
2026-07-03,3163.TWO,波若威,809.0,43.38,無特殊徵兆,➖ 中性/偏空,✅ 趨勢追蹤中，尚未觸發佈局點,-11.35,-17.65,-16.18,True,-9.36,-23.84,-21.74,True,-9.36,-31.6,-31.6,True,-9.36,-39.93,-32.76,True
2026-07-03,3037.TW,欣興,971.0,50.89,無特殊徵兆,➖ 中性/偏空,✅ 趨勢追蹤中，尚未觸發佈局點,0.1,-7.62,-5.56,True,0.1,-13.9,-9.89,True,0.1,-18.23,-18.23,True,0.1,-32.75,-18.95,True
2026-07-03,2887.TW,台新金,34.4,77.59,無特殊徵兆,➖ 中性/偏空,✅ 趨勢追蹤中，尚未觸發佈局點,-2.72,-4.53,-4.11,False,3.85,-4.53,3.01,False,5.53,-4.53,-0.62,False,5.53,-7.41,4.51,True
2026-07-03,6269.TW,台郡,66.8,45.36,無特殊徵兆,➖ 中性/偏空,✅ 趨勢追蹤中，尚未觸發佈局點,3.59,-2.4,-0.15,False,3.59,-7.04,-6.44,True,3.59,-16.17,-15.87,True,3.59,-31.14,-26.35,True
2026-07-03,0050.TW,元大台灣50,108.6,58.94,庫存動態防禦,➖ 中性/偏空,🛡️【洗盤耐受區】嚴禁攤平加碼，死守底線 (90.18)！,0.31,-1.43,-0.93,False,0.31,-3.85,-3.17,False,0.31,-8.48,-8.34,True,0.31,-15.47,-5.29,True
2026-07-03,3714.TW,富采,62.2,44.01,無特殊徵兆,➖ 中性/偏空,✅ 趨勢追蹤中，尚未觸發佈局點,5.14,1.93,3.05,False,9.16,-3.05,2.41,False,9.16,-15.59,-15.59,True,9.16,-28.38,-22.75,True
2026-07-03,2379.TW,瑞昱,786.0,57.2,無特殊徵兆,➖ 中性/偏空,✅ 趨勢追蹤中，尚未觸發佈局點,2.67,-2.16,-2.16,False,7.89,-2.16,6.87,False,7.89,-11.45,-8.65,True,7.89,-16.67,-13.1,True
2026-07-03,2377.TW,微星,144.0,61.58,無特殊徵兆,➖ 中性/偏空,✅ 趨勢追蹤中，尚未觸發佈局點,-1.52,-4.22,-3.88,False,-0.51,-8.26,-2.19,True,3.2,-8.26,-4.55,True,6.58,-11.3,-4.22,True
2026-07-03,2371.TW,大同,28.25,49.57,無特殊徵兆,➖ 中性/偏空,✅ 趨勢追蹤中，尚未觸發佈局點,1.77,-0.35,-0.35,False,1.77,-5.13,-1.95,True,1.77,-7.79,-7.79,True,1.77,-17.52,-13.98,True
2026-07-03,2356.TW,英業達,68.0,55.77,無特殊徵兆,➖ 中性/偏空,✅ 趨勢追蹤中，尚未觸發佈局點,-1.43,-4.28,-4.28,False,3.7,-9.41,-0.58,True,3.7,-14.12,-13.97,True,3.7,-16.47,-9.12,True
2026-07-03,2353.TW,宏碁,32.65,47.86,無特殊徵兆,➖ 中性/偏空,✅ 趨勢追蹤中，尚未觸發佈局點,3.06,-0.46,0.46,False,3.37,-2.3,-0.46,False,3.37,-9.65,-9.34,True,3.37,-15.31,-11.64,True
2026-07-03,2352.TW,佳士達,32.8,58.96,無特殊徵兆,➖ 中性/偏空,✅ 趨勢追蹤中，尚未觸發佈局點,4.38,-2.85,4.38,False,7.03,-2.85,-2.7,False,7.03,-13.02,-10.37,True,7.03,-20.58,-16.62,True
2026-07-03,2408.TW,南亞科,413.0,52.35,無特殊徵兆,➖ 中性/偏空,✅ 趨勢追蹤中，尚未觸發佈局點,6.92,1.49,1.49,False,6.92,-5.33,5.45,True,18.52,-5.33,-4.24,True,18.52,-22.03,-12.71,True
2026-07-03,2330.TW,台積電,2455.0,58.16,無特殊徵兆,➖ 中性/偏空,✅ 趨勢追蹤中，尚未觸發佈局點,1.83,0.0,0.2,False,1.83,-1.63,-1.63,False,1.83,-6.72,-6.72,True,1.83,-11.2,-1.22,True
2026-07-03,2324.TW,仁寶,34.8,46.19,無特殊徵兆,➖ 中性/偏空,✅ 趨勢追蹤中，尚未觸發佈局點,5.46,0.86,2.59,False,8.19,0.14,5.17,False,9.77,-0.29,3.45,False,9.77,-4.6,3.45,False
2026-07-03,2317.TW,鴻海,239.0,40.67,無特殊徵兆,➖ 中性/偏空,✅ 趨勢追蹤中，尚未觸發佈局點,3.56,0.63,1.26,False,3.56,-2.09,-0.63,False,3.56,-3.77,-2.09,False,8.58,-5.23,4.81,True
2026-07-03,2303.TW,聯電,169.0,65.53,無特殊徵兆,➖ 中性/偏空,✅ 趨勢追蹤中，尚未觸發佈局點,-0.23,-4.59,-3.43,False,-0.23,-11.83,-7.69,True,-0.23,-17.16,-14.79,True,-0.23,-39.35,-28.4,True
2026-07-03,1609.TW,大亞,39.8,60.86,無特殊徵兆,➖ 中性/偏空,✅ 趨勢追蹤中，尚未觸發佈局點,9.92,6.28,9.92,False,11.18,-2.26,-1.76,False,11.18,-7.66,-7.54,True,11.18,-19.35,-14.95,True
2026-07-03,1605.TW,華新,36.5,49.11,無特殊徵兆,➖ 中性/偏空,✅ 趨勢追蹤中，尚未觸發佈局點,4.38,0.14,0.14,False,4.38,-6.58,-5.75,True,4.38,-11.64,-10.68,True,4.38,-22.33,-13.84,True
2026-07-03,1513.TW,中興電,177.0,56.44,無特殊徵兆,➖ 中性/偏空,✅ 趨勢追蹤中，尚未觸發佈局點,-0.77,-3.23,-2.68,False,-0.77,-6.5,-4.8,True,-0.77,-10.45,-10.45,True,-0.77,-17.8,-13.28,True
2026-07-03,8081.TW,致新,317.0,63.74,無特殊徵兆,➖ 中性/偏空,✅ 趨勢追蹤中，尚未觸發佈局點,6.15,1.26,2.21,False,6.15,-11.04,-10.73,True,6.15,-24.29,-24.13,True,6.15,-27.76,-22.4,True
2026-07-03,8150.TW,南茂,105.5,56.77,無特殊徵兆,➖ 中性/偏空,✅ 趨勢追蹤中，尚未觸發佈局點,9.48,5.21,9.48,False,12.32,-2.37,10.9,False,18.48,-2.37,4.74,False,18.48,-37.73,-31.18,True
2026-07-03,1536.TW,和大,52.6,59.96,無特殊徵兆,➖ 中性/偏空,✅ 趨勢追蹤中，尚未觸發佈局點,2.47,-0.76,0.95,False,4.56,-6.08,4.56,True,8.75,-6.65,-5.99,True,8.75,-14.83,-11.31,True
2026-07-03,2883.TW,凱基金,28.25,60.43,無特殊徵兆,➖ 中性/偏空,✅ 趨勢追蹤中，尚未觸發佈局點,3.01,1.06,2.65,False,10.44,1.06,6.37,False,10.44,1.06,6.19,False,10.8,0.35,9.2,False
2026-07-03,2886.TW,兆豐金,45.7,64.16,無特殊徵兆,➖ 中性/偏空,✅ 趨勢追蹤中，尚未觸發佈局點,-1.69,-4.33,-2.33,False,-0.32,-4.33,-1.48,False,0.41,-4.33,0.41,False,13.28,-4.33,12.02,False
2026-07-03,0050.TW,元大台灣50,107.9,57.45,庫存動態防禦,➖ 中性/偏空,🛡️【洗盤耐受區】嚴禁攤平加碼，死守底線 (89.23)！,0.96,-0.79,-0.28,False,0.96,-3.23,-2.54,False,0.96,-7.88,-7.74,True,0.96,-14.92,-4.68,True
2026-07-03,3661.TW,3661,4745.0,59.23,無特殊徵兆,➖ 中性/偏空,✅ 趨勢追蹤中，尚未觸發佈局點,-0.95,-11.28,-11.17,True,-0.95,-16.44,-11.28,True,-0.95,-26.66,-26.66,True,-0.95,-44.57,-35.51,True
2026-07-03,2201.TW,2201,29.2,63.37,無特殊徵兆,➖ 中性/偏空,✅ 趨勢追蹤中，尚未觸發佈局點,1.37,-1.03,0.34,False,1.37,-3.25,-2.57,False,1.37,-5.65,-1.37,True,1.37,-8.73,-4.11,True
2026-07-03,8081.TW,8081,317.0,63.74,無特殊徵兆,➖ 中性/偏空,✅ 趨勢追蹤中，尚未觸發佈局點,6.15,1.26,2.21,False,6.15,-11.04,-10.73,True,6.15,-24.29,-24.13,True,6.15,-27.76,-22.4,True
2026-07-03,3661.TW,3661,4745.0,59.23,無特殊徵兆,➖ 中性/偏空,✅ 趨勢追蹤中，尚未觸發佈局點,-0.95,-11.28,-11.17,True,-0.95,-16.44,-11.28,True,-0.95,-26.66,-26.66,True,-0.95,-44.57,-35.51,True
2026-07-03,1536.TW,1536,52.4,59.43,無特殊徵兆,➖ 中性/偏空,✅ 趨勢追蹤中，尚未觸發佈局點,2.86,-0.38,1.34,False,4.96,-5.73,4.96,True,9.16,-6.3,-5.63,True,9.16,-14.5,-10.97,True
2026-07-03,8081.TW,8081,317.0,63.74,無特殊徵兆,➖ 中性/偏空,✅ 趨勢追蹤中，尚未觸發佈局點,6.15,1.26,2.21,False,6.15,-11.04,-10.73,True,6.15,-24.29,-24.13,True,6.15,-27.76,-22.4,True
2026-07-03,6415.TW,矽力-KY,596.0,53.28,無特殊徵兆,➖ 中性/偏空,✅ 趨勢追蹤中，尚未觸發佈局點,8.22,3.19,4.03,False,8.22,-12.42,-12.25,True,8.22,-27.1,-27.01,True,8.22,-39.26,-30.7,True
2026-07-03,6269.TW,台郡,66.1,44.46,無特殊徵兆,➖ 中性/偏空,✅ 趨勢追蹤中，尚未觸發佈局點,4.69,-1.36,0.91,False,4.69,-6.05,-5.45,True,4.69,-15.28,-14.98,True,4.69,-30.41,-25.57,True
2026-07-03,6239.TW,力成,334.0,53.45,無特殊徵兆,➖ 中性/偏空,✅ 趨勢追蹤中，尚未觸發佈局點,5.7,-0.02,1.15,False,5.7,-9.27,-6.04,True,5.7,-15.88,-15.44,True,5.7,-37.13,-29.49,True
2026-07-03,2637.TW,慧洋,74.3,50.54,無特殊徵兆,➖ 中性/偏空,✅ 趨勢追蹤中，尚未觸發佈局點,19.52,16.82,18.44,False,19.52,12.92,19.38,False,,,,False,,,,False
2026-07-03,6116.TW,彩晶,18.2,54.9,無特殊徵兆,➖ 中性/偏空,✅ 趨勢追蹤中，尚未觸發佈局點,3.57,-0.27,0.0,False,4.95,-9.34,-5.49,True,4.95,-17.58,-17.58,True,4.95,-36.54,-31.59,True
2026-07-03,8150.TW,南茂,106.0,57.18,無特殊徵兆,➖ 中性/偏空,✅ 趨勢追蹤中，尚未觸發佈局點,8.96,4.72,8.96,False,11.79,-2.83,10.38,False,17.92,-2.83,4.25,False,17.92,-38.02,-31.51,True
2026-07-03,1536.TW,1536,52.4,59.43,無特殊徵兆,➖ 中性/偏空,✅ 趨勢追蹤中，尚未觸發佈局點,2.86,-0.38,1.34,False,4.96,-5.73,4.96,True,9.16,-6.3,-5.63,True,9.16,-14.5,-10.97,True
2026-07-03,2379.TW,瑞昱,787.0,57.33,無特殊徵兆,➖ 中性/偏空,✅ 趨勢追蹤中，尚未觸發佈局點,2.54,-2.29,-2.29,False,7.75,-2.29,6.73,False,7.75,-11.56,-8.77,True,7.75,-16.77,-13.21,True
2026-07-03,2454.TW,聯發科,4155.0,50.46,無特殊徵兆,➖ 中性/偏空,✅ 趨勢追蹤中，尚未觸發佈局點,3.47,-1.67,-1.31,False,3.47,-5.54,-5.54,True,3.47,-18.89,-18.89,True,3.47,-28.04,-14.44,True
2026-07-03,8081.TW,致新,315.5,63.2,無特殊徵兆,➖ 中性/偏空,✅ 趨勢追蹤中，尚未觸發佈局點,6.66,1.74,2.69,False,6.66,-10.62,-10.3,True,6.66,-23.93,-23.77,True,6.66,-27.42,-22.03,True
2026-07-03,2449.TW,京元電子,333.5,56.02,無特殊徵兆,➖ 中性/偏空,✅ 趨勢追蹤中，尚未觸發佈局點,4.55,-0.57,-0.15,False,4.55,-14.37,-12.24,True,4.55,-20.77,-18.5,True,4.55,-41.53,-32.98,True
2026-07-03,2409.TW,友達,30.05,58.66,無特殊徵兆,➖ 中性/偏空,✅ 趨勢追蹤中，尚未觸發佈局點,4.69,-1.36,3.71,False,7.96,-6.76,2.89,True,7.96,-16.41,-15.6,True,7.96,-28.03,-19.47,True
2026-07-03,2408.TW,南亞科,414.0,52.52,無特殊徵兆,➖ 中性/偏空,✅ 趨勢追蹤中，尚未觸發佈局點,6.66,1.24,1.24,False,6.66,-5.56,5.19,True,18.24,-5.56,-4.47,True,18.24,-22.22,-12.92,True
2026-07-03,2382.TW,廣達,376.5,57.34,無特殊徵兆,➖ 中性/偏空,✅ 趨勢追蹤中，尚未觸發佈局點,0.11,-3.71,-3.71,False,0.11,-6.51,-4.86,True,0.11,-13.81,-13.55,True,0.11,-25.9,-22.58,True
2026-07-03,2377.TW,微星,144.0,61.58,無特殊徵兆,➖ 中性/偏空,✅ 趨勢追蹤中，尚未觸發佈局點,-1.52,-4.22,-3.88,False,-0.51,-8.26,-2.19,True,3.2,-8.26,-4.55,True,6.58,-11.3,-4.22,True
2026-07-03,2371.TW,大同,28.15,48.86,無特殊徵兆,➖ 中性/偏空,✅ 趨勢追蹤中，尚未觸發佈局點,2.13,-0.0,-0.0,False,2.13,-4.8,-1.6,False,2.13,-7.46,-7.46,True,2.13,-17.23,-13.68,True
2026-07-03,2356.TW,英業達,68.4,56.54,無特殊徵兆,➖ 中性/偏空,✅ 趨勢追蹤中，尚未觸發佈局點,-2.01,-4.84,-4.84,False,3.09,-9.94,-1.16,True,3.09,-14.62,-14.47,True,3.09,-16.96,-9.65,True
2026-07-03,2352.TW,佳士達,32.9,59.26,無特殊徵兆,➖ 中性/偏空,✅ 趨勢追蹤中，尚未觸發佈局點,4.06,-3.14,4.06,False,6.7,-3.14,-3.0,False,6.7,-13.28,-10.64,True,6.7,-20.82,-16.87,True
2026-07-03,2353.TW,宏碁,32.75,48.24,無特殊徵兆,➖ 中性/偏空,✅ 趨勢追蹤中，尚未觸發佈局點,2.75,-0.76,0.15,False,3.05,-2.6,-0.76,False,3.05,-9.92,-9.62,True,3.05,-15.57,-11.91,True
2026-07-03,2330.TW,台積電,2440.0,56.66,無特殊徵兆,➖ 中性/偏空,✅ 趨勢追蹤中，尚未觸發佈局點,2.46,0.61,0.82,False,2.46,-1.02,-1.02,False,2.46,-6.15,-6.15,True,2.46,-10.66,-0.61,True
2026-07-03,2324.TW,仁寶,34.9,46.58,無特殊徵兆,➖ 中性/偏空,✅ 趨勢追蹤中，尚未觸發佈局點,5.16,0.57,2.29,False,7.88,-0.14,4.87,False,9.46,-0.57,3.15,False,9.46,-4.87,3.15,False
2026-07-03,2317.TW,鴻海,239.5,41.12,無特殊徵兆,➖ 中性/偏空,✅ 趨勢追蹤中，尚未觸發佈局點,3.34,0.42,1.04,False,3.34,-2.3,-0.84,False,3.34,-3.97,-2.3,False,8.35,-5.43,4.59,True
2026-07-03,2303.TW,聯電,168.0,65.07,無特殊徵兆,➖ 中性/偏空,✅ 趨勢追蹤中，尚未觸發佈局點,0.37,-4.02,-2.85,False,0.37,-11.31,-7.14,True,0.37,-16.67,-14.29,True,0.37,-38.99,-27.98,True
2026-07-03,1609.TW,大亞,40.15,61.86,無特殊徵兆,➖ 中性/偏空,✅ 趨勢追蹤中，尚未觸發佈局點,8.97,5.35,8.97,False,10.21,-3.11,-2.62,False,10.21,-8.47,-8.34,True,10.21,-20.05,-15.69,True
2026-07-03,1605.TW,華新,36.5,49.11,無特殊徵兆,➖ 中性/偏空,✅ 趨勢追蹤中，尚未觸發佈局點,4.38,0.14,0.14,False,4.38,-6.58,-5.75,True,4.38,-11.64,-10.68,True,4.38,-22.33,-13.84,True
2026-07-03,1536.TW,和大,52.8,60.48,🚀 首次突破20日高點,➖ 中性/偏空,⚡【初升段起漲】放量突破關鍵價位，小注試單！,2.08,-1.14,0.57,False,4.17,-6.44,4.17,True,8.33,-7.01,-6.34,True,8.33,-15.15,-11.65,True
2026-07-03,1513.TW,中興電,177.5,57.03,無特殊徵兆,➖ 中性/偏空,✅ 趨勢追蹤中，尚未觸發佈局點,-1.05,-3.5,-2.95,False,-1.05,-6.76,-5.07,True,-1.05,-10.7,-10.7,True,-1.05,-18.03,-13.52,True
2026-07-03,2344.TW,華邦電,184.5,51.64,無特殊徵兆,➖ 中性/偏空,✅ 趨勢追蹤中，尚未觸發佈局點,8.4,-0.81,-0.81,False,8.4,-10.57,-4.34,True,8.4,-15.99,-15.99,True,8.4,-36.59,-29.54,True
2026-07-04,0050.TW,元大台灣50,108.35,58.34,庫存動態防禦,➖ 中性/偏空,🛡️【洗盤耐受區】嚴禁攤平加碼，死守底線 (89.93)！,0.54,-1.2,-0.7,False,0.54,-3.63,-2.94,False,0.54,-8.26,-8.13,True,0.54,-15.27,-5.08,True
2026-07-04,2231.TW,為升,118.5,71.58,庫存動態防禦,➖ 中性/偏空,🔥【獲利巡航】獲利奔跑中，防禦線上移至 96.65！,6.23,-1.33,3.71,False,6.23,-6.79,-6.79,True,7.49,-8.05,-8.05,True,7.49,-27.53,-19.64,True
2026-07-04,1536.TW,和大,52.2,58.89,庫存動態防禦,➖ 中性/偏空,🛡️【洗盤耐受區】嚴禁攤平加碼，死守底線 (49.08)！,3.26,0.0,1.72,False,5.36,-5.36,5.36,True,9.58,-5.94,-5.27,True,9.58,-14.18,-10.63,True
2026-07-04,1609.TW,大亞,39.8,60.86,無特殊徵兆,➖ 中性/偏空,✅ 趨勢追蹤中，尚未觸發佈局點,9.92,6.28,9.92,False,11.18,-2.26,-1.76,False,11.18,-7.66,-7.54,True,11.18,-19.35,-14.95,True
2026-07-04,3042.TW,3042,249.0,67.26,無特殊徵兆,➖ 中性/偏空,✅ 趨勢追蹤中，尚未觸發佈局點,0.4,-9.84,-9.84,True,0.4,-20.48,-19.68,True,0.4,-32.53,-32.33,True,0.4,-46.18,-39.96,True
2026-07-04,1314.TW,1314,9.88,82.69,無特殊徵兆,➖ 中性/偏空,✅ 趨勢追蹤中，尚未觸發佈局點,8.3,-3.85,5.26,False,8.3,-10.63,-9.92,True,8.3,-13.66,-12.55,True,8.3,-25.61,-23.38,True
2026-07-04,1717.TW,1717,81.6,60.45,無特殊徵兆,➖ 中性/偏空,✅ 趨勢追蹤中，尚未觸發佈局點,8.58,-1.1,4.66,False,8.58,-10.17,-9.56,True,8.58,-21.45,-20.96,True,8.58,-35.29,-26.59,True
2026-07-04,3042.TW,晶技,249.0,67.26,🚀 首次突破20日高點 [帶突破缺口 1.3%],➖ 中性/偏空,⚡【初升段起漲】放量突破關鍵價位，小注試單！,0.4,-9.84,-9.84,True,0.4,-20.48,-19.68,True,0.4,-32.53,-32.33,True,0.4,-46.18,-39.96,True
2026-07-04,8081.TW,致新,319.5,64.45,無特殊徵兆,➖ 中性/偏空,✅ 趨勢追蹤中，尚未觸發佈局點,5.32,0.47,1.41,False,5.32,-11.74,-11.42,True,5.32,-24.88,-24.73,True,5.32,-28.33,-23.0,True
2026-07-04,1301.TW,台塑,62.1,69.55,無特殊徵兆,➖ 中性/偏空,✅ 趨勢追蹤中，尚未觸發佈局點,1.93,-3.38,-2.74,False,1.93,-11.92,-11.76,True,10.47,-11.92,1.13,True,12.4,-13.85,-11.43,True
2026-07-04,1326.TW,台化,68.0,72.47,無特殊徵兆,➖ 中性/偏空,✅ 趨勢追蹤中，尚未觸發佈局點,7.35,-1.18,-0.59,False,7.35,-12.65,-11.76,True,7.35,-12.65,-2.79,True,14.12,-17.94,-15.59,True
2026-07-04,1605.TW,華新,36.25,48.35,無特殊徵兆,➖ 中性/偏空,✅ 趨勢追蹤中，尚未觸發佈局點,5.1,0.83,0.83,False,5.1,-5.93,-5.1,True,5.1,-11.03,-10.07,True,5.1,-21.79,-13.24,True
2026-07-04,1795.TW,美時,199.5,54.16,無特殊徵兆,➖ 中性/偏空,✅ 趨勢追蹤中，尚未觸發佈局點,-4.76,-6.27,-5.51,True,-4.76,-9.77,-7.77,True,,,,False,,,,False
2026-07-04,2201.TW,2201,28.8,60.9,無特殊徵兆,➖ 中性/偏空,✅ 趨勢追蹤中，尚未觸發佈局點,2.78,0.35,1.74,False,2.78,-1.91,-1.22,False,2.78,-4.34,-0.0,False,2.78,-7.47,-2.78,True
2026-07-04,3231.TW,緯創,159.0,51.67,無特殊徵兆,➖ 中性/偏空,✅ 趨勢追蹤中，尚未觸發佈局點,-1.72,-4.45,-4.14,False,-1.72,-9.12,-9.12,True,-1.72,-12.58,-12.58,True,15.72,-12.58,10.69,True
2026-07-04,3037.TW,欣興,969.0,50.7,無特殊徵兆,➖ 中性/偏空,✅ 趨勢追蹤中，尚未觸發佈局點,0.31,-7.43,-5.37,True,0.31,-13.73,-9.7,True,0.31,-18.06,-18.06,True,0.31,-32.61,-18.78,True
2026-07-04,3163.TWO,波若威,818.0,44.28,無特殊徵兆,➖ 中性/偏空,✅ 趨勢追蹤中，尚未觸發佈局點,-12.33,-18.55,-17.1,True,-10.36,-24.67,-22.6,True,-10.36,-32.35,-32.35,True,-10.36,-40.59,-33.5,True
2026-07-04,3324.TWO,雙鴻,1020.0,47.74,無特殊徵兆,➖ 中性/偏空,✅ 趨勢追蹤中，尚未觸發佈局點,1.47,-1.47,-0.98,False,1.47,-11.37,-9.8,True,1.47,-19.71,-10.49,True,1.47,-20.59,-11.57,True
2026-07-04,3714.TW,富采,62.3,44.19,無特殊徵兆,➖ 中性/偏空,✅ 趨勢追蹤中，尚未觸發佈局點,4.98,1.77,2.89,False,8.99,-3.21,2.25,False,8.99,-15.73,-15.73,True,8.99,-28.49,-22.87,True
2026-07-04,6116.TW,彩晶,18.15,54.66,無特殊徵兆,➖ 中性/偏空,✅ 趨勢追蹤中，尚未觸發佈局點,3.86,-0.0,0.28,False,5.23,-9.09,-5.23,True,5.23,-17.36,-17.36,True,5.23,-36.36,-31.4,True
2026-07-04,6239.TW,力成,338.0,54.58,無特殊徵兆,➖ 中性/偏空,✅ 趨勢追蹤中，尚未觸發佈局點,4.45,-1.21,-0.05,False,4.45,-10.35,-7.15,True,4.45,-16.87,-16.44,True,4.45,-37.87,-30.33,True
2026-07-04,6269.TW,台郡,66.8,45.36,無特殊徵兆,➖ 中性/偏空,✅ 趨勢追蹤中，尚未觸發佈局點,3.59,-2.4,-0.15,False,3.59,-7.04,-6.44,True,3.59,-16.17,-15.87,True,3.59,-31.14,-26.35,True
2026-07-04,6415.TW,矽力-KY,605.0,54.6,無特殊徵兆,➖ 中性/偏空,✅ 趨勢追蹤中，尚未觸發佈局點,6.61,1.65,2.48,False,6.61,-13.72,-13.55,True,6.61,-28.18,-28.1,True,6.61,-40.17,-31.74,True
2026-07-04,1717.TW,1717,81.6,60.45,無特殊徵兆,➖ 中性/偏空,✅ 趨勢追蹤中，尚未觸發佈局點,8.58,-1.1,4.66,False,8.58,-10.17,-9.56,True,8.58,-21.45,-20.96,True,8.58,-35.29,-26.59,True
2026-07-04,1717.TW,1717,81.6,60.45,🚀 首次突破20日高點,➖ 中性/偏空,⚡【初升段起漲】放量突破關鍵價位，小注試單！,8.58,-1.1,4.66,False,8.58,-10.17,-9.56,True,8.58,-21.45,-20.96,True,8.58,-35.29,-26.59,True
2026-07-04,1301.TW,1301,62.1,69.55,無特殊徵兆,➖ 中性/偏空,✅ 趨勢追蹤中，尚未觸發佈局點,1.93,-3.38,-2.74,False,1.93,-11.92,-11.76,True,10.47,-11.92,1.13,True,12.4,-13.85,-11.43,True
2026-07-04,1326.TW,1326,68.0,72.47,無特殊徵兆,➖ 中性/偏空,✅ 趨勢追蹤中，尚未觸發佈局點,7.35,-1.18,-0.59,False,7.35,-12.65,-11.76,True,7.35,-12.65,-2.79,True,14.12,-17.94,-15.59,True
2026-07-04,2383.TW,2383,6080.0,67.02,無特殊徵兆,➖ 中性/偏空,✅ 趨勢追蹤中，尚未觸發佈局點,2.8,-9.95,-9.95,True,2.8,-14.47,-12.91,True,2.8,-26.07,-26.07,True,2.8,-35.36,-21.96,True
2026-07-04,3042.TW,3042,249.0,67.26,無特殊徵兆,➖ 中性/偏空,✅ 趨勢追蹤中，尚未觸發佈局點,0.4,-9.84,-9.84,True,0.4,-20.48,-19.68,True,0.4,-32.53,-32.33,True,0.4,-46.18,-39.96,True
2026-07-04,1795.TW,1795,199.5,54.16,無特殊徵兆,➖ 中性/偏空,✅ 趨勢追蹤中，尚未觸發佈局點,-4.76,-6.27,-5.51,True,-4.76,-9.77,-7.77,True,,,,False,,,,False
2026-07-04,2201.TW,2201,28.8,60.9,無特殊徵兆,➖ 中性/偏空,✅ 趨勢追蹤中，尚未觸發佈局點,2.78,0.35,1.74,False,2.78,-1.91,-1.22,False,2.78,-4.34,-0.0,False,2.78,-7.47,-2.78,True
2026-07-04,2317.TW,鴻海,240.5,42.02,無特殊徵兆,➖ 中性/偏空,✅ 趨勢追蹤中，尚未觸發佈局點,2.91,0.0,0.62,False,2.91,-2.7,-1.25,False,2.91,-4.37,-2.7,False,7.9,-5.82,4.16,True
2026-07-04,6269.TW,台郡,66.8,45.36,無特殊徵兆,➖ 中性/偏空,✅ 趨勢追蹤中，尚未觸發佈局點,3.59,-2.4,-0.15,False,3.59,-7.04,-6.44,True,3.59,-16.17,-15.87,True,3.59,-31.14,-26.35,True
2026-07-04,6415.TW,矽力-KY,605.0,54.6,無特殊徵兆,➖ 中性/偏空,✅ 趨勢追蹤中，尚未觸發佈局點,6.61,1.65,2.48,False,6.61,-13.72,-13.55,True,6.61,-28.18,-28.1,True,6.61,-40.17,-31.74,True
2026-07-04,1717.TW,1717,81.6,60.45,🚀 首次突破20日高點,➖ 中性/偏空,⚡【初升段起漲】放量突破關鍵價位，小注試單！,8.58,-1.1,4.66,False,8.58,-10.17,-9.56,True,8.58,-21.45,-20.96,True,8.58,-35.29,-26.59,True
2026-07-04,1301.TW,1301,62.1,69.55,無特殊徵兆,➖ 中性/偏空,✅ 趨勢追蹤中，尚未觸發佈局點,1.93,-3.38,-2.74,False,1.93,-11.92,-11.76,True,10.47,-11.92,1.13,True,12.4,-13.85,-11.43,True
2026-07-04,1326.TW,1326,68.0,72.47,無特殊徵兆,➖ 中性/偏空,✅ 趨勢追蹤中，尚未觸發佈局點,7.35,-1.18,-0.59,False,7.35,-12.65,-11.76,True,7.35,-12.65,-2.79,True,14.12,-17.94,-15.59,True
2026-07-04,6239.TW,力成,338.0,54.58,無特殊徵兆,➖ 中性/偏空,✅ 趨勢追蹤中，尚未觸發佈局點,4.45,-1.21,-0.05,False,4.45,-10.35,-7.15,True,4.45,-16.87,-16.44,True,4.45,-37.87,-30.33,True
2026-07-04,2383.TW,2383,6080.0,67.02,無特殊徵兆,➖ 中性/偏空,✅ 趨勢追蹤中，尚未觸發佈局點,2.8,-9.95,-9.95,True,2.8,-14.47,-12.91,True,2.8,-26.07,-26.07,True,2.8,-35.36,-21.96,True
2026-07-04,1795.TW,1795,199.5,54.16,無特殊徵兆,➖ 中性/偏空,✅ 趨勢追蹤中，尚未觸發佈局點,-4.76,-6.27,-5.51,True,-4.76,-9.77,-7.77,True,,,,False,,,,False
2026-07-04,1717.TW,1717,81.6,60.45,無特殊徵兆,➖ 中性/偏空,✅ 趨勢追蹤中，尚未觸發佈局點,8.58,-1.1,4.66,False,8.58,-10.17,-9.56,True,8.58,-21.45,-20.96,True,8.58,-35.29,-26.59,True
2026-07-04,1314.TW,1314,9.88,82.69,無特殊徵兆,➖ 中性/偏空,✅ 趨勢追蹤中，尚未觸發佈局點,8.3,-3.85,5.26,False,8.3,-10.63,-9.92,True,8.3,-13.66,-12.55,True,8.3,-25.61,-23.38,True
2026-07-04,3042.TW,3042,249.0,67.26,無特殊徵兆,➖ 中性/偏空,✅ 趨勢追蹤中，尚未觸發佈局點,0.4,-9.84,-9.84,True,0.4,-20.48,-19.68,True,0.4,-32.53,-32.33,True,0.4,-46.18,-39.96,True
2026-07-04,1717.TW,1717,81.6,60.45,無特殊徵兆,➖ 中性/偏空,✅ 趨勢追蹤中，尚未觸發佈局點,8.58,-1.1,4.66,False,8.58,-10.17,-9.56,True,8.58,-21.45,-20.96,True,8.58,-35.29,-26.59,True
2026-07-04,2887.TW,台新金,34.15,76.86,無特殊徵兆,➖ 中性/偏空,✅ 趨勢追蹤中，尚未觸發佈局點,-2.0,-3.84,-3.41,False,4.61,-3.84,3.77,False,6.3,-3.84,0.11,False,6.3,-6.73,5.27,True
2026-07-04,3042.TW,3042,249.0,67.26,無特殊徵兆,➖ 中性/偏空,✅ 趨勢追蹤中，尚未觸發佈局點,0.4,-9.84,-9.84,True,0.4,-20.48,-19.68,True,0.4,-32.53,-32.33,True,0.4,-46.18,-39.96,True
2026-07-04,2303.TW,聯電,170.5,66.21,無特殊徵兆,➖ 中性/偏空,✅ 趨勢追蹤中，尚未觸發佈局點,-1.11,-5.43,-4.28,True,-1.11,-12.61,-8.5,True,-1.11,-17.89,-15.54,True,-1.11,-39.88,-29.03,True
2026-07-04,6116.TW,彩晶,18.15,54.66,無特殊徵兆,➖ 中性/偏空,✅ 趨勢追蹤中，尚未觸發佈局點,3.86,-0.0,0.28,False,5.23,-9.09,-5.23,True,5.23,-17.36,-17.36,True,5.23,-36.36,-31.4,True
2026-07-04,3714.TW,富采,62.3,44.19,無特殊徵兆,➖ 中性/偏空,✅ 趨勢追蹤中，尚未觸發佈局點,4.98,1.77,2.89,False,8.99,-3.21,2.25,False,8.99,-15.73,-15.73,True,8.99,-28.49,-22.87,True
2026-07-04,2324.TW,仁寶,34.95,46.76,無特殊徵兆,➖ 中性/偏空,✅ 趨勢追蹤中，尚未觸發佈局點,5.01,0.43,2.15,False,7.73,-0.29,4.72,False,9.3,-0.72,3.0,False,9.3,-5.01,3.0,True
2026-07-04,2330.TW,台積電,2445.0,57.15,無特殊徵兆,➖ 中性/偏空,✅ 趨勢追蹤中，尚未觸發佈局點,2.25,0.41,0.61,False,2.25,-1.23,-1.23,False,2.25,-6.34,-6.34,True,2.25,-10.84,-0.82,True
2026-07-04,2344.TW,華邦電,184.5,51.64,無特殊徵兆,➖ 中性/偏空,✅ 趨勢追蹤中，尚未觸發佈局點,8.4,-0.81,-0.81,False,8.4,-10.57,-4.34,True,8.4,-15.99,-15.99,True,8.4,-36.59,-29.54,True
2026-07-04,2352.TW,佳士達,32.2,57.03,無特殊徵兆,➖ 中性/偏空,✅ 趨勢追蹤中，尚未觸發佈局點,6.32,-1.04,6.32,False,9.02,-1.04,-0.89,False,9.02,-11.4,-8.7,True,9.02,-19.1,-15.06,True
2026-07-04,2353.TW,宏碁,32.9,48.8,無特殊徵兆,➖ 中性/偏空,✅ 趨勢追蹤中，尚未觸發佈局點,2.28,-1.22,-0.3,False,2.58,-3.04,-1.22,False,2.58,-10.33,-10.03,True,2.58,-15.96,-12.31,True
2026-07-04,2356.TW,英業達,67.6,54.97,無特殊徵兆,➖ 中性/偏空,✅ 趨勢追蹤中，尚未觸發佈局點,-0.85,-3.71,-3.71,False,4.31,-8.87,0.01,True,4.31,-13.61,-13.46,True,4.31,-15.98,-8.58,True
2026-07-04,2371.TW,大同,28.0,47.75,無特殊徵兆,➖ 中性/偏空,✅ 趨勢追蹤中，尚未觸發佈局點,2.68,0.54,0.54,False,2.68,-4.29,-1.07,False,2.68,-6.96,-6.96,True,2.68,-16.79,-13.21,True
2026-07-04,2379.TW,瑞昱,783.0,56.83,無特殊徵兆,➖ 中性/偏空,✅ 趨勢追蹤中，尚未觸發佈局點,3.07,-1.79,-1.79,False,8.3,-1.79,7.28,False,8.3,-11.11,-8.3,True,8.3,-16.35,-12.77,True
2026-07-04,2382.TW,廣達,377.0,57.58,無特殊徵兆,➖ 中性/偏空,✅ 趨勢追蹤中，尚未觸發佈局點,-0.02,-3.84,-3.84,False,-0.02,-6.64,-4.98,True,-0.02,-13.93,-13.66,True,-0.02,-25.99,-22.68,True
2026-07-04,2408.TW,南亞科,409.5,51.75,無特殊徵兆,➖ 中性/偏空,✅ 趨勢追蹤中，尚未觸發佈局點,7.83,2.36,2.36,False,7.83,-4.52,6.35,False,19.54,-4.52,-3.42,False,19.54,-21.37,-11.97,True
2026-07-04,2449.TW,京元電子,335.0,56.52,無特殊徵兆,➖ 中性/偏空,✅ 趨勢追蹤中，尚未觸發佈局點,4.08,-1.02,-0.59,False,4.08,-14.75,-12.63,True,4.08,-21.13,-18.86,True,4.08,-41.79,-33.28,True
2026-07-04,2637.TW,慧洋,74.3,50.54,無特殊徵兆,➖ 中性/偏空,✅ 趨勢追蹤中，尚未觸發佈局點,19.52,16.82,18.44,False,19.52,12.92,19.38,False,,,,False,,,,False
2026-07-04,2883.TW,凱基金,28.45,61.53,無特殊徵兆,➖ 中性/偏空,✅ 趨勢追蹤中，尚未觸發佈局點,2.28,0.35,1.93,False,9.67,0.35,5.62,False,9.67,0.35,5.45,False,10.02,-0.35,8.44,False
2026-07-04,2887.TW,台新金,34.15,76.86,無特殊徵兆,➖ 中性/偏空,✅ 趨勢追蹤中，尚未觸發佈局點,-2.0,-3.84,-3.41,False,4.61,-3.84,3.77,False,6.3,-3.84,0.11,False,6.3,-6.73,5.27,True
2026-07-04,3037.TW,欣興,969.0,50.7,無特殊徵兆,➖ 中性/偏空,✅ 趨勢追蹤中，尚未觸發佈局點,0.31,-7.43,-5.37,True,0.31,-13.73,-9.7,True,0.31,-18.06,-18.06,True,0.31,-32.61,-18.78,True
2026-07-04,3163.TWO,波若威,818.0,44.28,無特殊徵兆,➖ 中性/偏空,✅ 趨勢追蹤中，尚未觸發佈局點,-12.33,-18.55,-17.1,True,-10.36,-24.67,-22.6,True,-10.36,-32.35,-32.35,True,-10.36,-40.59,-33.5,True
2026-07-04,3231.TW,緯創,159.0,51.67,無特殊徵兆,➖ 中性/偏空,✅ 趨勢追蹤中，尚未觸發佈局點,-1.72,-4.45,-4.14,False,-1.72,-9.12,-9.12,True,-1.72,-12.58,-12.58,True,15.72,-12.58,10.69,True
2026-07-04,3324.TWO,雙鴻,1020.0,47.74,無特殊徵兆,➖ 中性/偏空,✅ 趨勢追蹤中，尚未觸發佈局點,1.47,-1.47,-0.98,False,1.47,-11.37,-9.8,True,1.47,-19.71,-10.49,True,1.47,-20.59,-11.57,True
2026-07-04,2454.TW,聯發科,4195.0,51.4,無特殊徵兆,➖ 中性/偏空,✅ 趨勢追蹤中，尚未觸發佈局點,2.49,-2.61,-2.25,False,2.49,-6.44,-6.44,True,2.49,-19.67,-19.67,True,2.49,-28.72,-15.26,True
2026-07-04,2883.TW,凱基金,28.45,61.53,無特殊徵兆,➖ 中性/偏空,✅ 趨勢追蹤中，尚未觸發佈局點,2.28,0.35,1.93,False,9.67,0.35,5.62,False,9.67,0.35,5.45,False,10.02,-0.35,8.44,False
2026-07-04,2637.TW,慧洋,74.3,50.54,無特殊徵兆,➖ 中性/偏空,✅ 趨勢追蹤中，尚未觸發佈局點,19.52,16.82,18.44,False,19.52,12.92,19.38,False,,,,False,,,,False
2026-07-04,2379.TW,瑞昱,783.0,56.83,無特殊徵兆,➖ 中性/偏空,✅ 趨勢追蹤中，尚未觸發佈局點,3.07,-1.79,-1.79,False,8.3,-1.79,7.28,False,8.3,-11.11,-8.3,True,8.3,-16.35,-12.77,True
2026-07-04,2382.TW,廣達,377.0,57.58,無特殊徵兆,➖ 中性/偏空,✅ 趨勢追蹤中，尚未觸發佈局點,-0.02,-3.84,-3.84,False,-0.02,-6.64,-4.98,True,-0.02,-13.93,-13.66,True,-0.02,-25.99,-22.68,True
2026-07-04,2408.TW,南亞科,409.5,51.75,無特殊徵兆,➖ 中性/偏空,✅ 趨勢追蹤中，尚未觸發佈局點,7.83,2.36,2.36,False,7.83,-4.52,6.35,False,19.54,-4.52,-3.42,False,19.54,-21.37,-11.97,True
2026-07-04,2409.TW,友達,30.0,58.5,無特殊徵兆,➖ 中性/偏空,✅ 趨勢追蹤中，尚未觸發佈局點,4.86,-1.2,3.88,False,8.14,-6.61,3.06,True,8.14,-16.27,-15.45,True,8.14,-27.91,-19.33,True
2026-07-04,2449.TW,京元電子,335.0,56.52,無特殊徵兆,➖ 中性/偏空,✅ 趨勢追蹤中，尚未觸發佈局點,4.08,-1.02,-0.59,False,4.08,-14.75,-12.63,True,4.08,-21.13,-18.86,True,4.08,-41.79,-33.28,True
2026-07-04,2454.TW,聯發科,4195.0,51.4,無特殊徵兆,➖ 中性/偏空,✅ 趨勢追蹤中，尚未觸發佈局點,2.49,-2.61,-2.25,False,2.49,-6.44,-6.44,True,2.49,-19.67,-19.67,True,2.49,-28.72,-15.26,True
2026-07-04,2637.TW,慧洋,74.3,50.54,無特殊徵兆,➖ 中性/偏空,✅ 趨勢追蹤中，尚未觸發佈局點,19.52,16.82,18.44,False,19.52,12.92,19.38,False,,,,False,,,,False
2026-07-04,2886.TW,兆豐金,45.5,62.18,無特殊徵兆,➖ 中性/偏空,✅ 趨勢追蹤中，尚未觸發佈局點,-1.26,-3.91,-1.9,False,0.11,-3.91,-1.05,False,0.86,-3.91,0.86,False,13.78,-3.91,12.51,False
2026-07-04,2883.TW,凱基金,28.45,61.53,無特殊徵兆,➖ 中性/偏空,✅ 趨勢追蹤中，尚未觸發佈局點,2.28,0.35,1.93,False,9.67,0.35,5.62,False,9.67,0.35,5.45,False,10.02,-0.35,8.44,False
2026-07-04,2887.TW,台新金,34.15,76.86,無特殊徵兆,➖ 中性/偏空,✅ 趨勢追蹤中，尚未觸發佈局點,-2.0,-3.84,-3.41,False,4.61,-3.84,3.77,False,6.3,-3.84,0.11,False,6.3,-6.73,5.27,True
2026-07-04,2377.TW,微星,143.0,60.7,無特殊徵兆,➖ 中性/偏空,✅ 趨勢追蹤中，尚未觸發佈局點,-0.83,-3.55,-3.21,False,0.19,-7.62,-1.51,True,3.93,-7.62,-3.89,True,7.32,-10.68,-3.55,True
2026-07-04,3037.TW,欣興,969.0,50.7,無特殊徵兆,➖ 中性/偏空,✅ 趨勢追蹤中，尚未觸發佈局點,0.31,-7.43,-5.37,True,0.31,-13.73,-9.7,True,0.31,-18.06,-18.06,True,0.31,-32.61,-18.78,True
2026-07-04,3163.TWO,波若威,818.0,44.28,無特殊徵兆,➖ 中性/偏空,✅ 趨勢追蹤中，尚未觸發佈局點,-12.33,-18.55,-17.1,True,-10.36,-24.67,-22.6,True,-10.36,-32.35,-32.35,True,-10.36,-40.59,-33.5,True
2026-07-04,3231.TW,緯創,159.0,51.67,無特殊徵兆,➖ 中性/偏空,✅ 趨勢追蹤中，尚未觸發佈局點,-1.72,-4.45,-4.14,False,-1.72,-9.12,-9.12,True,-1.72,-12.58,-12.58,True,15.72,-12.58,10.69,True
2026-07-04,3324.TWO,雙鴻,1020.0,47.74,無特殊徵兆,➖ 中性/偏空,✅ 趨勢追蹤中，尚未觸發佈局點,1.47,-1.47,-0.98,False,1.47,-11.37,-9.8,True,1.47,-19.71,-10.49,True,1.47,-20.59,-11.57,True
2026-07-04,3481.TW,群創,66.0,63.13,無特殊徵兆,➖ 中性/偏空,✅ 趨勢追蹤中，尚未觸發佈局點,6.21,0.0,4.85,False,9.39,-5.45,-1.06,True,9.39,-20.3,-20.3,True,9.39,-38.64,-31.06,True
2026-07-04,3714.TW,富采,62.3,44.19,無特殊徵兆,➖ 中性/偏空,✅ 趨勢追蹤中，尚未觸發佈局點,4.98,1.77,2.89,False,8.99,-3.21,2.25,False,8.99,-15.73,-15.73,True,8.99,-28.49,-22.87,True
2026-07-04,6116.TW,彩晶,18.15,54.66,無特殊徵兆,➖ 中性/偏空,✅ 趨勢追蹤中，尚未觸發佈局點,3.86,-0.0,0.28,False,5.23,-9.09,-5.23,True,5.23,-17.36,-17.36,True,5.23,-36.36,-31.4,True
2026-07-04,6239.TW,力成,338.0,54.58,無特殊徵兆,➖ 中性/偏空,✅ 趨勢追蹤中，尚未觸發佈局點,4.45,-1.21,-0.05,False,4.45,-10.35,-7.15,True,4.45,-16.87,-16.44,True,4.45,-37.87,-30.33,True
2026-07-04,6269.TW,台郡,66.8,45.36,無特殊徵兆,➖ 中性/偏空,✅ 趨勢追蹤中，尚未觸發佈局點,3.59,-2.4,-0.15,False,3.59,-7.04,-6.44,True,3.59,-16.17,-15.87,True,3.59,-31.14,-26.35,True
2026-07-04,6415.TW,矽力-KY,605.0,54.6,無特殊徵兆,➖ 中性/偏空,✅ 趨勢追蹤中，尚未觸發佈局點,6.61,1.65,2.48,False,6.61,-13.72,-13.55,True,6.61,-28.18,-28.1,True,6.61,-40.17,-31.74,True
2026-07-04,2371.TW,大同,28.0,47.75,無特殊徵兆,➖ 中性/偏空,✅ 趨勢追蹤中，尚未觸發佈局點,2.68,0.54,0.54,False,2.68,-4.29,-1.07,False,2.68,-6.96,-6.96,True,2.68,-16.79,-13.21,True
2026-07-04,2353.TW,宏碁,32.9,48.8,無特殊徵兆,➖ 中性/偏空,✅ 趨勢追蹤中，尚未觸發佈局點,2.28,-1.22,-0.3,False,2.58,-3.04,-1.22,False,2.58,-10.33,-10.03,True,2.58,-15.96,-12.31,True
2026-07-04,1536.TW,和大,52.2,58.89,庫存動態防禦,➖ 中性/偏空,🛡️【洗盤耐受區】嚴禁攤平加碼，死守底線 (49.08)！,3.26,0.0,1.72,False,5.36,-5.36,5.36,True,9.58,-5.94,-5.27,True,9.58,-14.18,-10.63,True
2026-07-04,0050.TW,元大台灣50,108.8,59.42,庫存動態防禦,➖ 中性/偏空,🛡️【洗盤耐受區】嚴禁攤平加碼，死守底線 (90.23)！,0.13,-1.61,-1.11,False,0.13,-4.03,-3.35,False,0.13,-8.64,-8.51,True,0.13,-15.62,-5.47,True
2026-07-04,3042.TW,晶技,249.0,67.26,🚀 首次突破20日高點 [帶突破缺口 1.3%],➖ 中性/偏空,⚡【初升段起漲】放量突破關鍵價位，小注試單！,0.4,-9.84,-9.84,True,0.4,-20.48,-19.68,True,0.4,-32.53,-32.33,True,0.4,-46.18,-39.96,True
2026-07-04,8150.TW,南茂,105.0,56.37,無特殊徵兆,➖ 中性/偏空,✅ 趨勢追蹤中，尚未觸發佈局點,10.0,5.71,10.0,False,12.86,-1.9,11.43,False,19.05,-1.9,5.24,False,19.05,-37.43,-30.86,True
2026-07-04,8081.TW,致新,319.5,64.45,無特殊徵兆,➖ 中性/偏空,✅ 趨勢追蹤中，尚未觸發佈局點,5.32,0.47,1.41,False,5.32,-11.74,-11.42,True,5.32,-24.88,-24.73,True,5.32,-28.33,-23.0,True
2026-07-04,1301.TW,台塑,62.1,69.55,無特殊徵兆,➖ 中性/偏空,✅ 趨勢追蹤中，尚未觸發佈局點,1.93,-3.38,-2.74,False,1.93,-11.92,-11.76,True,10.47,-11.92,1.13,True,12.4,-13.85,-11.43,True
2026-07-04,2356.TW,英業達,67.6,54.97,無特殊徵兆,➖ 中性/偏空,✅ 趨勢追蹤中，尚未觸發佈局點,-0.85,-3.71,-3.71,False,4.31,-8.87,0.01,True,4.31,-13.61,-13.46,True,4.31,-15.98,-8.58,True
2026-07-04,1326.TW,台化,68.0,72.47,無特殊徵兆,➖ 中性/偏空,✅ 趨勢追蹤中，尚未觸發佈局點,7.35,-1.18,-0.59,False,7.35,-12.65,-11.76,True,7.35,-12.65,-2.79,True,14.12,-17.94,-15.59,True
2026-07-04,1513.TW,中興電,176.5,55.83,無特殊徵兆,➖ 中性/偏空,✅ 趨勢追蹤中，尚未觸發佈局點,-0.49,-2.95,-2.41,False,-0.49,-6.23,-4.53,True,-0.49,-10.2,-10.2,True,-0.49,-17.56,-13.03,True
2026-07-04,1605.TW,華新,36.25,48.35,無特殊徵兆,➖ 中性/偏空,✅ 趨勢追蹤中，尚未觸發佈局點,5.1,0.83,0.83,False,5.1,-5.93,-5.1,True,5.1,-11.03,-10.07,True,5.1,-21.79,-13.24,True
2026-07-04,1609.TW,大亞,39.8,60.86,無特殊徵兆,➖ 中性/偏空,✅ 趨勢追蹤中，尚未觸發佈局點,9.92,6.28,9.92,False,11.18,-2.26,-1.76,False,11.18,-7.66,-7.54,True,11.18,-19.35,-14.95,True
2026-07-04,1795.TW,美時,199.5,54.16,無特殊徵兆,➖ 中性/偏空,✅ 趨勢追蹤中，尚未觸發佈局點,-4.76,-6.27,-5.51,True,-4.76,-9.77,-7.77,True,,,,False,,,,False
2026-07-04,2303.TW,聯電,170.5,66.21,無特殊徵兆,➖ 中性/偏空,✅ 趨勢追蹤中，尚未觸發佈局點,-1.11,-5.43,-4.28,True,-1.11,-12.61,-8.5,True,-1.11,-17.89,-15.54,True,-1.11,-39.88,-29.03,True
2026-07-04,2317.TW,鴻海,240.5,42.02,無特殊徵兆,➖ 中性/偏空,✅ 趨勢追蹤中，尚未觸發佈局點,2.91,0.0,0.62,False,2.91,-2.7,-1.25,False,2.91,-4.37,-2.7,False,7.9,-5.82,4.16,True
2026-07-04,2324.TW,仁寶,34.95,46.76,無特殊徵兆,➖ 中性/偏空,✅ 趨勢追蹤中，尚未觸發佈局點,5.01,0.43,2.15,False,7.73,-0.29,4.72,False,9.3,-0.72,3.0,False,9.3,-5.01,3.0,True
2026-07-04,2330.TW,台積電,2445.0,57.15,無特殊徵兆,➖ 中性/偏空,✅ 趨勢追蹤中，尚未觸發佈局點,2.25,0.41,0.61,False,2.25,-1.23,-1.23,False,2.25,-6.34,-6.34,True,2.25,-10.84,-0.82,True
2026-07-04,2344.TW,華邦電,184.5,51.64,無特殊徵兆,➖ 中性/偏空,✅ 趨勢追蹤中，尚未觸發佈局點,8.4,-0.81,-0.81,False,8.4,-10.57,-4.34,True,8.4,-15.99,-15.99,True,8.4,-36.59,-29.54,True
2026-07-04,2352.TW,佳士達,32.2,57.03,無特殊徵兆,➖ 中性/偏空,✅ 趨勢追蹤中，尚未觸發佈局點,6.32,-1.04,6.32,False,9.02,-1.04,-0.89,False,9.02,-11.4,-8.7,True,9.02,-19.1,-15.06,True
2026-07-04,1605.TW,華新,36.25,48.35,無特殊徵兆,➖ 中性/偏空,✅ 趨勢追蹤中，尚未觸發佈局點,5.1,0.83,0.83,False,5.1,-5.93,-5.1,True,5.1,-11.03,-10.07,True,5.1,-21.79,-13.24,True
2026-07-04,1609.TW,大亞,39.8,60.86,無特殊徵兆,➖ 中性/偏空,✅ 趨勢追蹤中，尚未觸發佈局點,9.92,6.28,9.92,False,11.18,-2.26,-1.76,False,11.18,-7.66,-7.54,True,11.18,-19.35,-14.95,True
2026-07-04,1795.TW,美時,199.5,54.16,無特殊徵兆,➖ 中性/偏空,✅ 趨勢追蹤中，尚未觸發佈局點,-4.76,-6.27,-5.51,True,-4.76,-9.77,-7.77,True,,,,False,,,,False
2026-07-04,2303.TW,聯電,170.5,66.21,無特殊徵兆,➖ 中性/偏空,✅ 趨勢追蹤中，尚未觸發佈局點,-1.11,-5.43,-4.28,True,-1.11,-12.61,-8.5,True,-1.11,-17.89,-15.54,True,-1.11,-39.88,-29.03,True
2026-07-04,2317.TW,鴻海,240.5,42.02,無特殊徵兆,➖ 中性/偏空,✅ 趨勢追蹤中，尚未觸發佈局點,2.91,0.0,0.62,False,2.91,-2.7,-1.25,False,2.91,-4.37,-2.7,False,7.9,-5.82,4.16,True
2026-07-04,2324.TW,仁寶,34.95,46.76,無特殊徵兆,➖ 中性/偏空,✅ 趨勢追蹤中，尚未觸發佈局點,5.01,0.43,2.15,False,7.73,-0.29,4.72,False,9.3,-0.72,3.0,False,9.3,-5.01,3.0,True
2026-07-04,2330.TW,台積電,2445.0,57.15,無特殊徵兆,➖ 中性/偏空,✅ 趨勢追蹤中，尚未觸發佈局點,2.25,0.41,0.61,False,2.25,-1.23,-1.23,False,2.25,-6.34,-6.34,True,2.25,-10.84,-0.82,True
2026-07-04,1326.TW,台化,68.0,72.47,無特殊徵兆,➖ 中性/偏空,✅ 趨勢追蹤中，尚未觸發佈局點,7.35,-1.18,-0.59,False,7.35,-12.65,-11.76,True,7.35,-12.65,-2.79,True,14.12,-17.94,-15.59,True
2026-07-04,2352.TW,佳士達,32.2,57.03,無特殊徵兆,➖ 中性/偏空,✅ 趨勢追蹤中，尚未觸發佈局點,6.32,-1.04,6.32,False,9.02,-1.04,-0.89,False,9.02,-11.4,-8.7,True,9.02,-19.1,-15.06,True
2026-07-04,2356.TW,英業達,67.6,54.97,無特殊徵兆,➖ 中性/偏空,✅ 趨勢追蹤中，尚未觸發佈局點,-0.85,-3.71,-3.71,False,4.31,-8.87,0.01,True,4.31,-13.61,-13.46,True,4.31,-15.98,-8.58,True
2026-07-04,2371.TW,大同,28.0,47.75,無特殊徵兆,➖ 中性/偏空,✅ 趨勢追蹤中，尚未觸發佈局點,2.68,0.54,0.54,False,2.68,-4.29,-1.07,False,2.68,-6.96,-6.96,True,2.68,-16.79,-13.21,True
2026-07-04,2379.TW,瑞昱,783.0,56.83,無特殊徵兆,➖ 中性/偏空,✅ 趨勢追蹤中，尚未觸發佈局點,3.07,-1.79,-1.79,False,8.3,-1.79,7.28,False,8.3,-11.11,-8.3,True,8.3,-16.35,-12.77,True
2026-07-04,2382.TW,廣達,377.0,57.58,無特殊徵兆,➖ 中性/偏空,✅ 趨勢追蹤中，尚未觸發佈局點,-0.02,-3.84,-3.84,False,-0.02,-6.64,-4.98,True,-0.02,-13.93,-13.66,True,-0.02,-25.99,-22.68,True
2026-07-04,2408.TW,南亞科,409.5,51.75,無特殊徵兆,➖ 中性/偏空,✅ 趨勢追蹤中，尚未觸發佈局點,7.83,2.36,2.36,False,7.83,-4.52,6.35,False,19.54,-4.52,-3.42,False,19.54,-21.37,-11.97,True
2026-07-04,2449.TW,京元電子,335.0,56.52,無特殊徵兆,➖ 中性/偏空,✅ 趨勢追蹤中，尚未觸發佈局點,4.08,-1.02,-0.59,False,4.08,-14.75,-12.63,True,4.08,-21.13,-18.86,True,4.08,-41.79,-33.28,True
2026-07-04,2454.TW,聯發科,4195.0,51.4,無特殊徵兆,➖ 中性/偏空,✅ 趨勢追蹤中，尚未觸發佈局點,2.49,-2.61,-2.25,False,2.49,-6.44,-6.44,True,2.49,-19.67,-19.67,True,2.49,-28.72,-15.26,True
2026-07-04,2353.TW,宏碁,32.9,48.8,無特殊徵兆,➖ 中性/偏空,✅ 趨勢追蹤中，尚未觸發佈局點,2.28,-1.22,-0.3,False,2.58,-3.04,-1.22,False,2.58,-10.33,-10.03,True,2.58,-15.96,-12.31,True
2026-07-04,1301.TW,台塑,62.1,69.55,無特殊徵兆,➖ 中性/偏空,✅ 趨勢追蹤中，尚未觸發佈局點,1.93,-3.38,-2.74,False,1.93,-11.92,-11.76,True,10.47,-11.92,1.13,True,12.4,-13.85,-11.43,True
2026-07-04,2344.TW,華邦電,184.5,51.64,無特殊徵兆,➖ 中性/偏空,✅ 趨勢追蹤中，尚未觸發佈局點,8.4,-0.81,-0.81,False,8.4,-10.57,-4.34,True,8.4,-15.99,-15.99,True,8.4,-36.59,-29.54,True
2026-07-04,1717.TW,1717,81.6,60.45,🚀 首次突破20日高點,➖ 中性/偏空,⚡【初升段起漲】放量突破關鍵價位，小注試單！,8.58,-1.1,4.66,False,8.58,-10.17,-9.56,True,8.58,-21.45,-20.96,True,8.58,-35.29,-26.59,True
2026-07-04,1301.TW,1301,62.1,69.55,無特殊徵兆,➖ 中性/偏空,✅ 趨勢追蹤中，尚未觸發佈局點,1.93,-3.38,-2.74,False,1.93,-11.92,-11.76,True,10.47,-11.92,1.13,True,12.4,-13.85,-11.43,True
2026-07-04,8081.TW,致新,319.5,64.45,無特殊徵兆,➖ 中性/偏空,✅ 趨勢追蹤中，尚未觸發佈局點,5.32,0.47,1.41,False,5.32,-11.74,-11.42,True,5.32,-24.88,-24.73,True,5.32,-28.33,-23.0,True
2026-07-04,1326.TW,1326,68.0,72.47,無特殊徵兆,➖ 中性/偏空,✅ 趨勢追蹤中，尚未觸發佈局點,7.35,-1.18,-0.59,False,7.35,-12.65,-11.76,True,7.35,-12.65,-2.79,True,14.12,-17.94,-15.59,True
2026-07-04,2383.TW,2383,6080.0,67.02,無特殊徵兆,➖ 中性/偏空,✅ 趨勢追蹤中，尚未觸發佈局點,2.8,-9.95,-9.95,True,2.8,-14.47,-12.91,True,2.8,-26.07,-26.07,True,2.8,-35.36,-21.96,True
2026-07-04,3042.TW,3042,249.0,67.26,無特殊徵兆,➖ 中性/偏空,✅ 趨勢追蹤中，尚未觸發佈局點,0.4,-9.84,-9.84,True,0.4,-20.48,-19.68,True,0.4,-32.53,-32.33,True,0.4,-46.18,-39.96,True
2026-07-04,1795.TW,1795,199.5,54.16,無特殊徵兆,➖ 中性/偏空,✅ 趨勢追蹤中，尚未觸發佈局點,-4.76,-6.27,-5.51,True,-4.76,-9.77,-7.77,True,,,,False,,,,False
2026-07-04,1717.TW,1717,81.6,60.45,無特殊徵兆,➖ 中性/偏空,✅ 趨勢追蹤中，尚未觸發佈局點,8.58,-1.1,4.66,False,8.58,-10.17,-9.56,True,8.58,-21.45,-20.96,True,8.58,-35.29,-26.59,True
2026-07-04,2201.TW,2201,28.8,60.9,無特殊徵兆,➖ 中性/偏空,✅ 趨勢追蹤中，尚未觸發佈局點,2.78,0.35,1.74,False,2.78,-1.91,-1.22,False,2.78,-4.34,-0.0,False,2.78,-7.47,-2.78,True
2026-07-04,1314.TW,1314,9.88,82.69,無特殊徵兆,➖ 中性/偏空,✅ 趨勢追蹤中，尚未觸發佈局點,8.3,-3.85,5.26,False,8.3,-10.63,-9.92,True,8.3,-13.66,-12.55,True,8.3,-25.61,-23.38,True
2026-07-04,2231.TW,2231,118.5,71.58,無特殊徵兆,➖ 中性/偏空,✅ 趨勢追蹤中，尚未觸發佈局點,6.23,-1.33,3.71,False,6.23,-6.79,-6.79,True,7.49,-8.05,-8.05,True,7.49,-27.53,-19.64,True
2026-07-04,3042.TW,晶技,249.0,67.26,🚀 首次突破20日高點 [帶突破缺口 1.3%],➖ 中性/偏空,⚡【初升段起漲】放量突破關鍵價位，小注試單！,0.4,-9.84,-9.84,True,0.4,-20.48,-19.68,True,0.4,-32.53,-32.33,True,0.4,-46.18,-39.96,True
2026-07-04,2231.TW,為升,118.5,71.58,庫存動態防禦,➖ 中性/偏空,🔥【獲利巡航】獲利奔跑中，防禦線上移至 96.65！,6.23,-1.33,3.71,False,6.23,-6.79,-6.79,True,7.49,-8.05,-8.05,True,7.49,-27.53,-19.64,True
2026-07-04,0050.TW,元大台灣50,108.8,59.42,庫存動態防禦,➖ 中性/偏空,🛡️【洗盤耐受區】嚴禁攤平加碼，死守底線 (90.23)！,0.13,-1.61,-1.11,False,0.13,-4.03,-3.35,False,0.13,-8.64,-8.51,True,0.13,-15.62,-5.47,True
2026-07-04,1717.TW,1717,81.6,60.45,無特殊徵兆,➖ 中性/偏空,✅ 趨勢追蹤中，尚未觸發佈局點,8.58,-1.1,4.66,False,8.58,-10.17,-9.56,True,8.58,-21.45,-20.96,True,8.58,-35.29,-26.59,True
2026-07-04,3042.TW,3042,249.0,67.26,無特殊徵兆,➖ 中性/偏空,✅ 趨勢追蹤中，尚未觸發佈局點,0.4,-9.84,-9.84,True,0.4,-20.48,-19.68,True,0.4,-32.53,-32.33,True,0.4,-46.18,-39.96,True
2026-07-04,1536.TW,和大,52.2,58.89,庫存動態防禦,➖ 中性/偏空,🛡️【洗盤耐受區】嚴禁攤平加碼，死守底線 (49.08)！,3.26,0.0,1.72,False,5.36,-5.36,5.36,True,9.58,-5.94,-5.27,True,9.58,-14.18,-10.63,True
2026-07-06,2330.TW,台積電,2475.0,59.42,無特殊徵兆,➖ 中性/偏空,✅ 趨勢追蹤中，尚未觸發佈局點,1.01,-1.41,-1.41,False,1.01,-2.42,-1.41,False,1.01,-7.47,-6.26,True,1.01,-11.92,-4.24,True
2026-07-06,2344.TW,華邦電,185.5,52.07,無特殊徵兆,➖ 中性/偏空,✅ 趨勢追蹤中，尚未觸發佈局點,0.27,-7.28,-6.2,True,0.27,-11.05,-9.97,True,0.27,-21.29,-18.6,True,0.27,-36.93,-22.91,True
2026-07-06,2324.TW,仁寶,35.7,49.63,無特殊徵兆,➖ 中性/偏空,✅ 趨勢追蹤中，尚未觸發佈局點,1.68,-1.82,-1.12,False,7.0,-2.38,2.66,False,7.0,-5.6,-3.64,True,7.0,-7.0,1.82,True
2026-07-06,2317.TW,鴻海,242.0,43.41,無特殊徵兆,➖ 中性/偏空,✅ 趨勢追蹤中，尚未觸發佈局點,0.41,-2.48,-2.07,False,0.41,-3.31,-2.27,False,0.83,-4.96,-3.1,False,7.23,-6.4,4.55,True
2026-07-06,2303.TW,聯電,165.5,61.87,無特殊徵兆,➖ 中性/偏空,✅ 趨勢追蹤中，尚未觸發佈局點,-0.49,-9.7,-7.92,True,-0.49,-9.97,-7.25,True,1.51,-21.45,-21.45,True,1.51,-38.07,-28.7,True
2026-07-06,1605.TW,華新,36.8,50.12,無特殊徵兆,➖ 中性/偏空,✅ 趨勢追蹤中，尚未觸發佈局點,-0.0,-5.3,-4.76,True,-0.0,-8.97,-7.88,True,-0.0,-15.49,-13.59,True,-0.0,-22.96,-10.87,True
2026-07-06,1513.TW,中興電,179.0,58.92,無特殊徵兆,➖ 中性/偏空,✅ 趨勢追蹤中，尚未觸發佈局點,-2.42,-5.66,-5.66,True,-2.42,-7.54,-6.15,True,-2.42,-13.97,-12.01,True,-2.42,-18.72,-13.13,True
2026-07-06,1301.TW,台塑,60.2,65.02,無特殊徵兆,➖ 中性/偏空,✅ 趨勢追蹤中，尚未觸發佈局點,0.0,-5.32,-4.82,True,0.0,-9.14,0.0,True,13.95,-9.14,0.66,True,15.95,-11.13,-10.63,True
2026-07-06,3042.TW,晶技,224.5,57.07,無特殊徵兆,➖ 中性/偏空,✅ 趨勢追蹤中，尚未觸發佈局點,4.23,-7.35,-6.46,True,4.23,-13.81,-13.81,True,4.23,-31.63,-30.07,True,4.23,-40.31,-31.18,True
2026-07-06,2352.TW,佳士達,35.4,66.16,🚀 首次突破20日高點 [帶突破缺口 2.5%],➖ 中性/偏空,⚡【初升段起漲】放量突破關鍵價位，小注試單！,-0.83,-6.84,-5.88,True,-0.83,-15.31,-15.31,True,-0.83,-20.23,-18.45,True,-0.83,-26.41,-19.63,True
2026-07-06,2353.TW,宏碁,32.8,48.42,無特殊徵兆,➖ 中性/偏空,✅ 趨勢追蹤中，尚未觸發佈局點,1.07,-2.74,-2.44,False,2.9,-3.35,-2.59,False,2.9,-12.65,-10.82,True,2.9,-15.7,-12.2,True
2026-07-06,2883.TW,凱基金,29.1,64.91,無特殊徵兆,➖ 中性/偏空,✅ 趨勢追蹤中，尚未觸發佈局點,6.19,-1.2,3.44,False,7.22,-1.2,2.41,False,7.22,-1.2,1.55,False,7.56,-2.58,4.47,False
2026-07-06,2371.TW,大同,28.3,50.08,無特殊徵兆,➖ 中性/偏空,✅ 趨勢追蹤中，尚未觸發佈局點,0.71,-4.24,-3.53,False,0.71,-5.3,-0.71,True,0.71,-10.07,-8.48,True,0.71,-17.67,-10.78,True
2026-07-06,2379.TW,瑞昱,792.0,57.72,無特殊徵兆,➖ 中性/偏空,✅ 趨勢追蹤中，尚未觸發佈局點,6.19,-2.9,-2.02,False,7.07,-4.55,-4.55,False,7.07,-13.01,-10.48,True,7.07,-17.3,-11.11,True
2026-07-06,2382.TW,廣達,381.5,59.7,無特殊徵兆,➖ 中性/偏空,✅ 趨勢追蹤中，尚未觸發佈局點,-4.47,-6.36,-6.23,True,-3.21,-7.74,-4.97,True,-3.21,-19.0,-17.17,True,-3.21,-26.87,-22.28,True
2026-07-06,2408.TW,南亞科,426.5,54.73,無特殊徵兆,➖ 中性/偏空,✅ 趨勢追蹤中，尚未觸發佈局點,2.46,-5.74,-5.51,True,9.38,-8.32,-0.82,True,14.77,-10.79,-10.67,True,14.77,-24.5,-7.03,True
2026-07-06,2409.TW,友達,31.55,61.9,無特殊徵兆,➖ 中性/偏空,✅ 趨勢追蹤中，尚未觸發佈局點,2.83,-9.48,-8.55,True,2.83,-11.2,-8.86,True,2.83,-23.5,-20.85,True,2.83,-31.45,-24.25,True
2026-07-06,2454.TW,聯發科,4165.0,50.64,無特殊徵兆,➖ 中性/偏空,✅ 趨勢追蹤中，尚未觸發佈局點,2.04,-5.04,-3.24,True,2.04,-8.16,-8.16,True,2.04,-22.21,-19.81,True,2.04,-28.21,-6.12,True
2026-07-06,2637.TW,慧洋,78.1,60.25,無特殊徵兆,➖ 中性/偏空,✅ 趨勢追蹤中，尚未觸發佈局點,13.7,11.14,12.68,False,13.7,7.43,13.57,False,,,,False,,,,False
2026-07-06,2887.TW,台新金,34.45,77.8,無特殊徵兆,➖ 中性/偏空,✅ 趨勢追蹤中，尚未觸發佈局點,-0.9,-4.25,-2.58,False,5.38,-4.25,-0.21,False,5.38,-4.25,-1.88,False,5.38,-7.55,2.47,True
2026-07-06,3037.TW,欣興,925.0,46.89,無特殊徵兆,➖ 中性/偏空,✅ 趨勢追蹤中，尚未觸發佈局點,-2.59,-9.62,-9.19,True,2.49,-9.62,-2.38,True,3.78,-19.24,-18.92,True,3.78,-29.41,-6.49,True
2026-07-06,1312.TW,國喬,14.2,56.87,無特殊徵兆,➖ 中性/偏空,✅ 趨勢追蹤中，尚未觸發佈局點,1.41,-2.46,-2.11,False,1.41,-7.04,-5.99,True,1.41,-11.27,-10.56,True,5.63,-23.94,-19.37,True
2026-07-06,3231.TW,緯創,159.0,51.67,無特殊徵兆,➖ 中性/偏空,✅ 趨勢追蹤中，尚未觸發佈局點,-3.23,-5.66,-5.66,True,-3.23,-10.38,-9.75,True,-3.23,-12.58,-9.75,True,18.24,-12.58,16.98,True
2026-07-06,2356.TW,英業達,67.6,54.97,無特殊徵兆,➖ 中性/偏空,✅ 趨勢追蹤中，尚未觸發佈局點,-2.28,-6.29,-6.29,True,4.31,-8.87,-7.29,True,4.31,-15.83,-15.38,True,4.31,-15.98,-5.47,True
2026-07-06,1305.TW,華夏,14.15,58.87,無特殊徵兆,➖ 中性/偏空,✅ 趨勢追蹤中，尚未觸發佈局點,-0.79,-4.64,-4.29,False,-0.79,-10.6,-9.2,True,-0.79,-14.46,-13.41,True,-0.79,-25.09,-22.26,True
2026-07-06,3019.TW,亞光,153.0,55.5,庫存動態防禦,➖ 中性/偏空,🛡️【洗盤耐受區】嚴禁攤平加碼，死守底線 (139.54)！,0.33,-6.21,-5.88,True,0.33,-6.86,-3.59,True,0.33,-18.63,-15.69,True,0.33,-22.88,-13.07,True
2026-07-06,2379.TW,瑞昱,795.0,58.01,無特殊徵兆,➖ 中性/偏空,✅ 趨勢追蹤中，尚未觸發佈局點,5.79,-3.27,-2.39,False,6.67,-4.91,-4.91,False,6.67,-13.33,-10.82,True,6.67,-17.61,-11.45,True
2026-07-06,3324.TWO,雙鴻,1010.0,46.52,無特殊徵兆,➖ 中性/偏空,✅ 趨勢追蹤中，尚未觸發佈局點,0.99,-4.95,-3.96,False,0.99,-11.29,-10.4,True,0.99,-18.91,-15.05,True,0.99,-19.8,-6.53,True
2026-07-06,2382.TW,廣達,382.0,59.92,無特殊徵兆,➖ 中性/偏空,✅ 趨勢追蹤中，尚未觸發佈局點,-4.6,-6.48,-6.35,True,-3.34,-7.86,-5.1,True,-3.34,-19.11,-17.28,True,-3.34,-26.96,-22.38,True
2026-07-06,2408.TW,南亞科,429.5,55.22,無特殊徵兆,➖ 中性/偏空,✅ 趨勢追蹤中，尚未觸發佈局點,1.75,-6.4,-6.17,True,8.61,-8.96,-1.51,True,13.97,-11.41,-11.29,True,13.97,-25.03,-7.68,True
2026-07-06,2454.TW,聯發科,4190.0,51.27,無特殊徵兆,➖ 中性/偏空,✅ 趨勢追蹤中，尚未觸發佈局點,1.43,-5.61,-3.82,True,1.43,-8.71,-8.71,True,1.43,-22.67,-20.29,True,1.43,-28.64,-6.68,True
2026-07-06,2883.TW,凱基金,28.95,64.19,無特殊徵兆,➖ 中性/偏空,✅ 趨勢追蹤中，尚未觸發佈局點,6.74,-0.69,3.97,False,7.77,-0.69,2.94,False,7.77,-0.69,2.07,False,8.12,-2.07,5.01,False
2026-07-06,2887.TW,台新金,34.5,77.95,無特殊徵兆,➖ 中性/偏空,✅ 趨勢追蹤中，尚未觸發佈局點,-1.05,-4.39,-2.72,False,5.22,-4.39,-0.35,False,5.22,-4.39,-2.02,False,5.22,-7.68,2.32,True
2026-07-06,3037.TW,欣興,929.0,47.23,無特殊徵兆,➖ 中性/偏空,✅ 趨勢追蹤中，尚未觸發佈局點,-3.01,-10.01,-9.58,True,2.05,-10.01,-2.8,True,3.34,-19.59,-19.27,True,3.34,-29.71,-6.89,True
2026-07-06,3231.TW,緯創,159.0,51.67,無特殊徵兆,➖ 中性/偏空,✅ 趨勢追蹤中，尚未觸發佈局點,-3.23,-5.66,-5.66,True,-3.23,-10.38,-9.75,True,-3.23,-12.58,-9.75,True,18.24,-12.58,16.98,True
2026-07-06,3324.TWO,雙鴻,1020.0,47.74,無特殊徵兆,➖ 中性/偏空,✅ 趨勢追蹤中，尚未觸發佈局點,0.0,-5.88,-4.9,True,0.0,-12.16,-11.27,True,0.0,-19.71,-15.88,True,0.0,-20.59,-7.45,True
2026-07-06,3714.TW,富采,64.6,48.32,無特殊徵兆,➖ 中性/偏空,✅ 趨勢追蹤中，尚未觸發佈局點,5.11,-5.73,-5.11,True,5.11,-6.66,-5.73,True,5.11,-23.45,-19.97,True,5.11,-31.04,-21.98,True
2026-07-06,6269.TW,台郡,66.5,45.02,無特殊徵兆,➖ 中性/偏空,✅ 趨勢追蹤中，尚未觸發佈局點,1.8,-6.62,-6.02,True,1.8,-7.52,-6.92,True,1.8,-22.11,-18.65,True,1.8,-30.83,-18.65,True
2026-07-06,2231.TW,為升,123.0,74.41,庫存動態防禦,➖ 中性/偏空,🔥【獲利巡航】獲利奔跑中，防禦線上移至 97.78！,0.32,-8.58,-6.15,True,0.32,-10.2,-7.77,True,3.55,-13.84,-13.43,True,3.55,-30.18,-22.01,True
2026-07-06,1717.TW,長興,86.3,65.22,庫存動態防禦,➖ 中性/偏空,🛡️【洗盤耐受區】嚴禁攤平加碼，死守底線 (73.01)！,0.7,-10.89,-10.66,True,0.7,-16.8,-15.87,True,0.7,-30.82,-28.04,True,0.7,-38.82,-28.51,True
2026-07-06,1536.TW,和大,53.0,61.13,庫存動態防禦,➖ 中性/偏空,🔥【獲利巡航】獲利奔跑中，防禦線上移至 49.24！,3.21,-4.15,-3.4,False,7.92,-6.79,5.85,True,7.92,-10.09,-6.98,True,7.92,-15.47,-8.02,True
2026-07-06,1312.TW,1312,14.35,58.5,無特殊徵兆,➖ 中性/偏空,✅ 趨勢追蹤中，尚未觸發佈局點,0.35,-3.48,-3.14,False,0.35,-8.01,-6.97,True,0.35,-12.2,-11.5,True,4.53,-24.74,-20.21,True
2026-07-06,0050.TW,元大台灣50,108.6,58.79,庫存動態防禦,➖ 中性/偏空,🛡️【洗盤耐受區】嚴禁攤平加碼，死守底線 (104.01)！,-0.19,-3.12,-2.8,False,-0.19,-3.85,-2.98,False,-0.19,-10.03,-9.21,True,-0.19,-15.47,-6.08,True
2026-07-06,3376.TW,3376,200.0,47.1,無特殊徵兆,➖ 中性/偏空,✅ 趨勢追蹤中，尚未觸發佈局點,-1.92,-5.34,-4.85,True,-1.92,-6.08,-5.1,True,-1.92,-9.5,-8.77,True,-1.92,-22.22,-11.95,True
2026-07-06,1301.TW,1301,60.9,66.62,無特殊徵兆,➖ 中性/偏空,✅ 趨勢追蹤中，尚未觸發佈局點,-1.15,-6.4,-5.91,True,-1.15,-10.18,-1.15,True,12.64,-10.18,-0.49,True,14.61,-12.15,-11.66,True
2026-07-06,1312.TW,1312,14.35,58.5,無特殊徵兆,➖ 中性/偏空,✅ 趨勢追蹤中，尚未觸發佈局點,0.35,-3.48,-3.14,False,0.35,-8.01,-6.97,True,0.35,-12.2,-11.5,True,4.53,-24.74,-20.21,True
2026-07-06,2201.TW,2201,29.25,63.86,無特殊徵兆,➖ 中性/偏空,✅ 趨勢追蹤中，尚未觸發佈局點,0.85,-1.54,-1.03,False,0.85,-4.27,-3.42,False,0.85,-5.81,-3.25,True,0.85,-8.89,-6.15,True
2026-07-06,3714.TW,富采,64.4,47.99,無特殊徵兆,➖ 中性/偏空,✅ 趨勢追蹤中，尚未觸發佈局點,5.43,-5.43,-4.81,True,5.43,-6.37,-5.43,True,5.43,-23.21,-19.72,True,5.43,-30.82,-21.74,True
2026-07-06,6116.TW,彩晶,18.2,54.87,無特殊徵兆,➖ 中性/偏空,✅ 趨勢追蹤中，尚未觸發佈局點,4.95,-6.04,-5.77,True,4.95,-9.89,-8.79,True,4.95,-23.9,-21.43,True,4.95,-36.54,-31.32,True
2026-07-06,6116.TW,彩晶,18.25,55.08,無特殊徵兆,➖ 中性/偏空,✅ 趨勢追蹤中，尚未觸發佈局點,4.66,-6.3,-6.03,True,4.66,-10.14,-9.04,True,4.66,-24.11,-21.64,True,4.66,-36.71,-31.51,True
2026-07-06,2303.TW,聯電,166.0,62.27,無特殊徵兆,➖ 中性/偏空,✅ 趨勢追蹤中，尚未觸發佈局點,-0.79,-9.97,-8.2,True,-0.79,-10.24,-7.53,True,1.2,-21.69,-21.69,True,1.2,-38.25,-28.92,True
2026-07-06,2317.TW,鴻海,242.0,43.41,無特殊徵兆,➖ 中性/偏空,✅ 趨勢追蹤中，尚未觸發佈局點,0.41,-2.48,-2.07,False,0.41,-3.31,-2.27,False,0.83,-4.96,-3.1,False,7.23,-6.4,4.55,True
2026-07-06,2324.TW,仁寶,35.7,49.63,無特殊徵兆,➖ 中性/偏空,✅ 趨勢追蹤中，尚未觸發佈局點,1.68,-1.82,-1.12,False,7.0,-2.38,2.66,False,7.0,-5.6,-3.64,True,7.0,-7.0,1.82,True
2026-07-06,2330.TW,台積電,2460.0,58.32,無特殊徵兆,➖ 中性/偏空,✅ 趨勢追蹤中，尚未觸發佈局點,1.63,-0.81,-0.81,False,1.63,-1.83,-0.81,False,1.63,-6.91,-5.69,True,1.63,-11.38,-3.66,True
2026-07-06,2344.TW,華邦電,183.0,50.95,無特殊徵兆,➖ 中性/偏空,✅ 趨勢追蹤中，尚未觸發佈局點,1.64,-6.01,-4.92,True,1.64,-9.84,-8.74,True,1.64,-20.22,-17.49,True,1.64,-36.07,-21.86,True
2026-07-06,2352.TW,佳士達,35.4,66.16,🚀 首次突破20日高點 [帶突破缺口 2.5%],➖ 中性/偏空,⚡【初升段起漲】放量突破關鍵價位，小注試單！,-0.83,-6.84,-5.88,True,-0.83,-15.31,-15.31,True,-0.83,-20.23,-18.45,True,-0.83,-26.41,-19.63,True
2026-07-06,2353.TW,宏碁,32.8,48.42,無特殊徵兆,➖ 中性/偏空,✅ 趨勢追蹤中，尚未觸發佈局點,1.07,-2.74,-2.44,False,2.9,-3.35,-2.59,False,2.9,-12.65,-10.82,True,2.9,-15.7,-12.2,True
2026-07-06,2356.TW,英業達,67.2,53.92,無特殊徵兆,➖ 中性/偏空,✅ 趨勢追蹤中，尚未觸發佈局點,-1.7,-5.73,-5.73,True,4.93,-8.33,-6.74,True,4.93,-15.33,-14.88,True,4.93,-15.48,-4.91,True
2026-07-06,2379.TW,瑞昱,769.0,55.03,無特殊徵兆,➖ 中性/偏空,✅ 趨勢追蹤中，尚未觸發佈局點,9.36,0.0,0.91,False,10.27,-1.69,-1.69,False,10.27,-10.4,-7.8,True,10.27,-14.82,-8.45,True
2026-07-06,2408.TW,南亞科,420.5,53.72,無特殊徵兆,➖ 中性/偏空,✅ 趨勢追蹤中，尚未觸發佈局點,3.92,-4.4,-4.16,False,10.94,-7.02,0.59,True,16.41,-9.51,-9.39,True,16.41,-23.42,-5.71,True
2026-07-06,2409.TW,友達,31.7,62.2,無特殊徵兆,➖ 中性/偏空,✅ 趨勢追蹤中，尚未觸發佈局點,2.34,-9.91,-8.98,True,2.34,-11.62,-9.29,True,2.34,-23.87,-21.23,True,2.34,-31.77,-24.61,True
2026-07-06,2454.TW,聯發科,4125.0,49.66,無特殊徵兆,➖ 中性/偏空,✅ 趨勢追蹤中，尚未觸發佈局點,3.03,-4.12,-2.3,False,3.03,-7.27,-7.27,True,3.03,-21.45,-19.03,True,3.03,-27.52,-5.21,True
2026-07-06,2883.TW,凱基金,29.0,64.43,無特殊徵兆,➖ 中性/偏空,✅ 趨勢追蹤中，尚未觸發佈局點,6.55,-0.86,3.79,False,7.59,-0.86,2.76,False,7.59,-0.86,1.9,False,7.93,-2.24,4.83,False
2026-07-06,2887.TW,台新金,34.3,77.34,無特殊徵兆,➖ 中性/偏空,✅ 趨勢追蹤中，尚未觸發佈局點,-0.47,-3.84,-2.15,False,5.84,-3.84,0.23,False,5.84,-3.84,-1.45,False,5.84,-7.14,2.92,True
2026-07-06,3037.TW,欣興,917.0,46.23,無特殊徵兆,➖ 中性/偏空,✅ 趨勢追蹤中，尚未觸發佈局點,-1.74,-8.83,-8.4,True,3.38,-8.83,-1.53,True,4.69,-18.54,-18.21,True,4.69,-28.79,-5.67,True
2026-07-06,2352.TW,2352,35.4,66.16,無特殊徵兆,➖ 中性/偏空,✅ 趨勢追蹤中，尚未觸發佈局點,-0.83,-6.84,-5.88,True,-0.83,-15.31,-15.31,True,-0.83,-20.23,-18.45,True,-0.83,-26.41,-19.63,True
2026-07-06,6269.TW,台郡,66.7,45.25,無特殊徵兆,➖ 中性/偏空,✅ 趨勢追蹤中，尚未觸發佈局點,1.5,-6.9,-6.3,True,1.5,-7.8,-7.2,True,1.5,-22.34,-18.89,True,1.5,-31.03,-18.89,True
2026-07-06,3714.TW,富采,64.1,47.48,無特殊徵兆,➖ 中性/偏空,✅ 趨勢追蹤中，尚未觸發佈局點,5.93,-4.99,-4.37,False,5.93,-5.93,-4.99,True,5.93,-22.85,-19.34,True,5.93,-30.5,-21.37,True
2026-07-06,3324.TWO,雙鴻,1010.0,46.52,無特殊徵兆,➖ 中性/偏空,✅ 趨勢追蹤中，尚未觸發佈局點,0.99,-4.95,-3.96,False,0.99,-11.29,-10.4,True,0.99,-18.91,-15.05,True,0.99,-19.8,-6.53,True
2026-07-06,3231.TW,緯創,158.0,50.59,無特殊徵兆,➖ 中性/偏空,✅ 趨勢追蹤中，尚未觸發佈局點,-2.62,-5.06,-5.06,True,-2.62,-9.81,-9.18,True,-2.62,-12.03,-9.18,True,18.99,-12.03,17.72,True
2026-07-06,1513.TW,中興電,178.5,58.34,無特殊徵兆,➖ 中性/偏空,✅ 趨勢追蹤中，尚未觸發佈局點,-2.15,-5.39,-5.39,True,-2.15,-7.28,-5.88,True,-2.15,-13.73,-11.76,True,-2.15,-18.49,-12.89,True
2026-07-06,1301.TW,台塑,60.4,65.47,無特殊徵兆,➖ 中性/偏空,✅ 趨勢追蹤中，尚未觸發佈局點,-0.33,-5.63,-5.13,True,-0.33,-9.44,-0.33,True,13.58,-9.44,0.33,True,15.56,-11.42,-10.93,True
2026-07-06,6269.TW,台郡,66.7,45.25,無特殊徵兆,➖ 中性/偏空,✅ 趨勢追蹤中，尚未觸發佈局點,1.5,-6.9,-6.3,True,1.5,-7.8,-7.2,True,1.5,-22.34,-18.89,True,1.5,-31.03,-18.89,True
2026-07-06,1312.TW,1312,14.2,56.87,無特殊徵兆,➖ 中性/偏空,✅ 趨勢追蹤中，尚未觸發佈局點,1.41,-2.46,-2.11,False,1.41,-7.04,-5.99,True,1.41,-11.27,-10.56,True,5.63,-23.94,-19.37,True
2026-07-06,1305.TW,1305,14.15,58.87,無特殊徵兆,➖ 中性/偏空,✅ 趨勢追蹤中，尚未觸發佈局點,-0.79,-4.64,-4.29,False,-0.79,-10.6,-9.2,True,-0.79,-14.46,-13.41,True,-0.79,-25.09,-22.26,True
2026-07-06,1301.TW,1301,60.2,65.02,無特殊徵兆,➖ 中性/偏空,✅ 趨勢追蹤中，尚未觸發佈局點,0.0,-5.32,-4.82,True,0.0,-9.14,0.0,True,13.95,-9.14,0.66,True,15.95,-11.13,-10.63,True
2026-07-06,2615.TW,2615,79.9,57.89,無特殊徵兆,➖ 中性/偏空,✅ 趨勢追蹤中，尚未觸發佈局點,-0.63,-3.63,-3.63,False,1.75,-3.63,-0.88,False,4.38,-3.63,0.75,False,10.01,-3.63,7.76,False
2026-07-06,3042.TW,3042,224.5,57.07,無特殊徵兆,➖ 中性/偏空,✅ 趨勢追蹤中，尚未觸發佈局點,4.23,-7.35,-6.46,True,4.23,-13.81,-13.81,True,4.23,-31.63,-30.07,True,4.23,-40.31,-31.18,True
2026-07-06,3376.TW,3376,200.5,47.42,無特殊徵兆,➖ 中性/偏空,✅ 趨勢追蹤中，尚未觸發佈局點,-2.16,-5.58,-5.09,True,-2.16,-6.31,-5.33,True,-2.16,-9.73,-8.99,True,-2.16,-22.41,-12.17,True
2026-07-06,2201.TW,2201,29.2,63.55,無特殊徵兆,➖ 中性/偏空,✅ 趨勢追蹤中，尚未觸發佈局點,1.03,-1.37,-0.86,False,1.03,-4.11,-3.25,False,1.03,-5.65,-3.08,True,1.03,-8.73,-5.99,True
2026-07-06,3042.TW,晶技,224.5,57.07,無特殊徵兆,➖ 中性/偏空,✅ 趨勢追蹤中，尚未觸發佈局點,4.23,-7.35,-6.46,True,4.23,-13.81,-13.81,True,4.23,-31.63,-30.07,True,4.23,-40.31,-31.18,True
2026-07-06,1312.TW,國喬,14.15,56.35,無特殊徵兆,➖ 中性/偏空,✅ 趨勢追蹤中，尚未觸發佈局點,1.77,-2.12,-1.77,False,1.77,-6.71,-5.65,True,1.77,-10.95,-10.25,True,6.01,-23.67,-19.08,True
2026-07-06,0050.TW,元大台灣50,108.25,58.09,庫存動態防禦,➖ 中性/偏空,🛡️【洗盤耐受區】嚴禁攤平加碼，死守底線 (103.66)！,0.13,-2.81,-2.49,False,0.13,-3.54,-2.67,False,0.13,-9.74,-8.91,True,0.13,-15.2,-5.77,True
2026-07-06,3019.TW,亞光,151.5,54.22,庫存動態防禦,➖ 中性/偏空,🛡️【洗盤耐受區】嚴禁攤平加碼，死守底線 (138.04)！,1.32,-5.28,-4.95,True,1.32,-5.94,-2.64,True,1.32,-17.82,-14.85,True,1.32,-22.11,-12.21,True
2026-07-06,2231.TW,為升,123.5,74.69,庫存動態防禦,➖ 中性/偏空,🔥【獲利巡航】獲利奔跑中，防禦線上移至 97.80！,-0.09,-8.95,-6.53,True,-0.09,-10.56,-8.14,True,3.14,-14.19,-13.79,True,3.14,-30.46,-22.33,True
2026-07-06,1536.TW,和大,53.1,61.39,庫存動態防禦,➖ 中性/偏空,🔥【獲利巡航】獲利奔跑中，防禦線上移至 49.25！,3.01,-4.33,-3.58,False,7.72,-6.97,5.65,True,7.72,-10.26,-7.16,True,7.72,-15.63,-8.19,True
2026-07-06,3042.TW,3042,224.5,57.07,無特殊徵兆,➖ 中性/偏空,✅ 趨勢追蹤中，尚未觸發佈局點,4.23,-7.35,-6.46,True,4.23,-13.81,-13.81,True,4.23,-31.63,-30.07,True,4.23,-40.31,-31.18,True
2026-07-06,1305.TW,1305,14.15,58.87,無特殊徵兆,➖ 中性/偏空,✅ 趨勢追蹤中，尚未觸發佈局點,-0.79,-4.64,-4.29,False,-0.79,-10.6,-9.2,True,-0.79,-14.46,-13.41,True,-0.79,-25.09,-22.26,True
2026-07-06,1312.TW,1312,14.2,56.87,無特殊徵兆,➖ 中性/偏空,✅ 趨勢追蹤中，尚未觸發佈局點,1.41,-2.46,-2.11,False,1.41,-7.04,-5.99,True,1.41,-11.27,-10.56,True,5.63,-23.94,-19.37,True
2026-07-06,1717.TW,長興,85.4,64.39,庫存動態防禦,➖ 中性/偏空,🛡️【洗盤耐受區】嚴禁攤平加碼，死守底線 (72.96)！,1.76,-9.95,-9.72,True,1.76,-15.93,-14.99,True,1.76,-30.09,-27.28,True,1.76,-38.17,-27.75,True
2026-07-06,2371.TW,大同,28.45,51.17,無特殊徵兆,➖ 中性/偏空,✅ 趨勢追蹤中，尚未觸發佈局點,0.18,-4.75,-4.04,False,0.18,-5.8,-1.23,True,0.18,-10.54,-8.96,True,0.18,-18.1,-11.25,True
2026-07-06,2353.TW,宏碁,32.8,48.42,無特殊徵兆,➖ 中性/偏空,✅ 趨勢追蹤中，尚未觸發佈局點,1.07,-2.74,-2.44,False,2.9,-3.35,-2.59,False,2.9,-12.65,-10.82,True,2.9,-15.7,-12.2,True
2026-07-06,2883.TW,凱基金,28.7,62.9,無特殊徵兆,➖ 中性/偏空,✅ 趨勢追蹤中，尚未觸發佈局點,7.67,0.17,4.88,False,8.71,0.17,3.83,False,8.71,0.17,2.96,False,9.06,-1.22,5.92,False
2026-07-06,2887.TW,台新金,34.45,77.8,無特殊徵兆,➖ 中性/偏空,✅ 趨勢追蹤中，尚未觸發佈局點,-0.9,-4.25,-2.58,False,5.38,-4.25,-0.21,False,5.38,-4.25,-1.88,False,5.38,-7.55,2.47,True
2026-07-06,3037.TW,欣興,965.0,50.51,無特殊徵兆,➖ 中性/偏空,✅ 趨勢追蹤中，尚未觸發佈局點,-6.63,-13.37,-12.95,True,-1.76,-13.37,-6.42,True,-0.52,-22.59,-22.28,True,-0.52,-32.33,-10.36,True
2026-07-06,3231.TW,緯創,160.5,53.18,無特殊徵兆,➖ 中性/偏空,✅ 趨勢追蹤中，尚未觸發佈局點,-4.14,-6.54,-6.54,True,-4.14,-11.21,-10.59,True,-4.14,-13.4,-10.59,True,17.13,-13.4,15.89,True
2026-07-06,3324.TWO,雙鴻,1030.0,49.08,無特殊徵兆,➖ 中性/偏空,✅ 趨勢追蹤中，尚未觸發佈局點,-0.97,-6.8,-5.83,True,-0.97,-13.01,-12.14,True,-0.97,-20.49,-16.7,True,-0.97,-21.36,-8.35,True
2026-07-06,3714.TW,富采,63.6,46.61,無特殊徵兆,➖ 中性/偏空,✅ 趨勢追蹤中，尚未觸發佈局點,6.76,-4.25,-3.62,False,6.76,-5.19,-4.25,True,6.76,-22.25,-18.71,True,6.76,-29.95,-20.75,True
2026-07-06,6116.TW,彩晶,18.35,55.49,無特殊徵兆,➖ 中性/偏空,✅ 趨勢追蹤中，尚未觸發佈局點,4.09,-6.81,-6.54,True,4.09,-10.63,-9.54,True,4.09,-24.52,-22.07,True,4.09,-37.06,-31.88,True
2026-07-06,6239.TW,力成,356.0,59.35,無特殊徵兆,➖ 中性/偏空,✅ 趨勢追蹤中，尚未觸發佈局點,-0.83,-12.95,-10.88,True,-0.83,-14.88,-13.91,True,-0.83,-26.86,-26.59,True,-0.83,-41.01,-33.01,True
2026-07-06,6269.TW,台郡,67.0,45.63,無特殊徵兆,➖ 中性/偏空,✅ 趨勢追蹤中，尚未觸發佈局點,1.04,-7.31,-6.72,True,1.04,-8.21,-7.61,True,1.04,-22.69,-19.25,True,1.04,-31.34,-19.25,True
2026-07-06,1717.TW,1717,81.2,59.75,無特殊徵兆,➖ 中性/偏空,✅ 趨勢追蹤中，尚未觸發佈局點,7.02,-5.3,-5.05,True,7.02,-11.58,-10.59,True,7.02,-26.48,-23.52,True,7.02,-34.98,-24.01,True
2026-07-06,1312.TW,1312,15.0,66.77,無特殊徵兆,➖ 中性/偏空,✅ 趨勢追蹤中，尚未觸發佈局點,-4.0,-7.67,-7.33,True,-4.0,-12.0,-11.0,True,-4.0,-16.0,-15.33,True,0.0,-28.0,-23.67,True
2026-07-06,1717.TW,1717,81.2,59.75,無特殊徵兆,➖ 中性/偏空,✅ 趨勢追蹤中，尚未觸發佈局點,7.02,-5.3,-5.05,True,7.02,-11.58,-10.59,True,7.02,-26.48,-23.52,True,7.02,-34.98,-24.01,True
2026-07-06,1304.TW,1304,15.3,67.48,無特殊徵兆,➖ 中性/偏空,✅ 趨勢追蹤中，尚未觸發佈局點,-5.32,-8.88,-8.23,True,-5.0,-14.69,-12.43,True,-5.0,-16.96,-16.31,True,-5.0,-28.76,-27.12,True
2026-07-06,2637.TW,慧洋,76.9,57.62,無特殊徵兆,➖ 中性/偏空,✅ 趨勢追蹤中，尚未觸發佈局點,15.47,12.87,14.43,False,15.47,9.1,15.34,False,,,,False,,,,False
2026-07-06,3376.TW,3376,204.0,49.83,無特殊徵兆,➖ 中性/偏空,✅ 趨勢追蹤中，尚未觸發佈局點,-3.84,-7.2,-6.72,True,-3.84,-7.92,-6.96,True,-3.84,-11.27,-10.55,True,-3.84,-23.74,-13.67,True
2026-07-06,2615.TW,2615,80.5,59.45,無特殊徵兆,➖ 中性/偏空,✅ 趨勢追蹤中，尚未觸發佈局點,-1.37,-4.35,-4.35,False,0.99,-4.35,-1.61,False,3.6,-4.35,0.0,False,9.19,-4.35,6.96,False
2026-07-06,1301.TW,1301,62.5,69.99,無特殊徵兆,➖ 中性/偏空,✅ 趨勢追蹤中，尚未觸發佈局點,-3.68,-8.8,-8.32,True,-3.68,-12.48,-3.68,True,9.76,-12.48,-3.04,True,11.68,-14.4,-13.92,True
2026-07-06,1304.TW,1304,15.3,67.48,無特殊徵兆,➖ 中性/偏空,✅ 趨勢追蹤中，尚未觸發佈局點,-5.32,-8.88,-8.23,True,-5.0,-14.69,-12.43,True,-5.0,-16.96,-16.31,True,-5.0,-28.76,-27.12,True
2026-07-06,1312.TW,1312,15.0,66.77,無特殊徵兆,➖ 中性/偏空,✅ 趨勢追蹤中，尚未觸發佈局點,-4.0,-7.67,-7.33,True,-4.0,-12.0,-11.0,True,-4.0,-16.0,-15.33,True,0.0,-28.0,-23.67,True
2026-07-06,1717.TW,1717,81.2,59.75,無特殊徵兆,➖ 中性/偏空,✅ 趨勢追蹤中，尚未觸發佈局點,7.02,-5.3,-5.05,True,7.02,-11.58,-10.59,True,7.02,-26.48,-23.52,True,7.02,-34.98,-24.01,True
2026-07-06,1536.TW,和大,53.6,62.65,庫存動態防禦,➖ 中性/偏空,🔥【獲利巡航】獲利奔跑中，防禦線上移至 49.27！,2.05,-5.22,-4.48,True,6.72,-7.84,4.66,True,6.72,-11.1,-8.02,True,6.72,-16.42,-9.05,True
2026-07-06,2356.TW,英業達,68.1,56.04,無特殊徵兆,➖ 中性/偏空,✅ 趨勢追蹤中，尚未觸發佈局點,-3.0,-6.98,-6.98,True,3.55,-9.54,-7.98,True,3.55,-16.45,-16.01,True,3.55,-16.59,-6.17,True
2026-07-06,1536.TW,和大,52.3,59.19,庫存動態防禦,➖ 中性/偏空,🛡️【洗盤耐受區】嚴禁攤平加碼，死守底線 (49.21)！,4.59,-2.87,-2.1,False,9.37,-5.54,7.27,True,9.37,-8.89,-5.74,True,9.37,-14.34,-6.79,True
2026-07-06,2231.TW,為升,122.0,73.83,庫存動態防禦,➖ 中性/偏空,🔥【獲利巡航】獲利奔跑中，防禦線上移至 97.73！,1.14,-7.83,-5.38,True,1.14,-9.46,-7.02,True,4.4,-13.13,-12.73,True,4.4,-29.61,-21.37,True
2026-07-06,3019.TW,亞光,155.0,57.02,庫存動態防禦,➖ 中性/偏空,🔥【獲利巡航】獲利奔跑中，防禦線上移至 142.11！,-0.97,-7.42,-7.1,True,-0.97,-8.06,-4.84,True,-0.97,-19.68,-16.77,True,-0.97,-23.87,-14.19,True
2026-07-06,0050.TW,元大台灣50,108.35,58.34,庫存動態防禦,➖ 中性/偏空,🛡️【洗盤耐受區】嚴禁攤平加碼，死守底線 (103.55)！,0.04,-2.9,-2.58,False,0.04,-3.63,-2.76,False,0.04,-9.82,-9.0,True,0.04,-15.27,-5.86,True
2026-07-06,1605.TW,華新,36.95,50.58,無特殊徵兆,➖ 中性/偏空,✅ 趨勢追蹤中，尚未觸發佈局點,-0.41,-5.68,-5.14,True,-0.41,-9.34,-8.25,True,-0.41,-15.83,-13.94,True,-0.41,-23.27,-11.23,True
2026-07-06,1795.TW,美時,202.0,56.4,無特殊徵兆,➖ 中性/偏空,✅ 趨勢追蹤中，尚未觸發佈局點,-5.94,-7.43,-6.68,True,-5.94,-10.89,-8.91,True,,,,False,,,,False
2026-07-06,2408.TW,南亞科,433.5,55.86,無特殊徵兆,➖ 中性/偏空,✅ 趨勢追蹤中，尚未觸發佈局點,0.81,-7.27,-7.04,True,7.61,-9.8,-2.42,True,12.92,-12.23,-12.11,True,12.92,-25.72,-8.54,True
2026-07-06,2382.TW,廣達,381.0,59.47,無特殊徵兆,➖ 中性/偏空,✅ 趨勢追蹤中，尚未觸發佈局點,-4.35,-6.23,-6.11,True,-3.09,-7.62,-4.85,True,-3.09,-18.9,-17.06,True,-3.09,-26.77,-22.18,True
2026-07-06,2379.TW,瑞昱,790.0,57.52,無特殊徵兆,➖ 中性/偏空,✅ 趨勢追蹤中，尚未觸發佈局點,6.46,-2.66,-1.77,False,7.34,-4.3,-4.3,False,7.34,-12.78,-10.25,True,7.34,-17.09,-10.89,True
2026-07-06,2371.TW,大同,28.6,52.21,無特殊徵兆,➖ 中性/偏空,✅ 趨勢追蹤中，尚未觸發佈局點,-0.35,-5.24,-4.55,True,-0.35,-6.29,-1.75,True,-0.35,-11.01,-9.44,True,-0.35,-18.53,-11.71,True
2026-07-06,2356.TW,英業達,68.2,56.24,無特殊徵兆,➖ 中性/偏空,✅ 趨勢追蹤中，尚未觸發佈局點,-3.14,-7.12,-7.12,True,3.39,-9.67,-8.11,True,3.39,-16.57,-16.13,True,3.39,-16.72,-6.3,True
2026-07-06,2454.TW,聯發科,4245.0,52.58,無特殊徵兆,➖ 中性/偏空,✅ 趨勢追蹤中，尚未觸發佈局點,0.12,-6.83,-5.06,True,0.12,-9.89,-9.89,True,0.12,-23.67,-21.32,True,0.12,-29.56,-7.89,True
2026-07-06,2353.TW,宏碁,32.85,48.61,無特殊徵兆,➖ 中性/偏空,✅ 趨勢追蹤中，尚未觸發佈局點,0.91,-2.89,-2.59,False,2.74,-3.5,-2.74,False,2.74,-12.79,-10.96,True,2.74,-15.83,-12.33,True
2026-07-06,2344.TW,華邦電,191.5,54.52,無特殊徵兆,➖ 中性/偏空,✅ 趨勢追蹤中，尚未觸發佈局點,-2.87,-10.18,-9.14,True,-2.87,-13.84,-12.79,True,-2.87,-23.76,-21.15,True,-2.87,-38.9,-25.33,True
2026-07-06,2330.TW,台積電,2470.0,59.06,無特殊徵兆,➖ 中性/偏空,✅ 趨勢追蹤中，尚未觸發佈局點,1.21,-1.21,-1.21,False,1.21,-2.23,-1.21,False,1.21,-7.29,-6.07,True,1.21,-11.74,-4.05,True
2026-07-06,2324.TW,仁寶,35.2,47.76,無特殊徵兆,➖ 中性/偏空,✅ 趨勢追蹤中，尚未觸發佈局點,3.12,-0.43,0.28,False,8.52,-0.99,4.12,False,8.52,-4.26,-2.27,False,8.52,-5.68,3.27,True
2026-07-06,2317.TW,鴻海,244.5,45.58,無特殊徵兆,➖ 中性/偏空,✅ 趨勢追蹤中，尚未觸發佈局點,-0.61,-3.48,-3.07,False,-0.61,-4.29,-3.27,False,-0.2,-5.93,-4.09,True,6.13,-7.36,3.48,True
2026-07-06,2303.TW,聯電,171.5,66.67,無特殊徵兆,➖ 中性/偏空,✅ 趨勢追蹤中，尚未觸發佈局點,-3.98,-12.86,-11.14,True,-3.98,-13.12,-10.5,True,-2.04,-24.2,-24.2,True,-2.04,-40.23,-31.2,True
2026-07-06,2231.TW,為升,121.5,73.53,庫存動態防禦,➖ 中性/偏空,🔥【獲利巡航】獲利奔跑中，防禦線上移至 97.70！,1.56,-7.45,-4.99,True,1.56,-9.09,-6.63,True,4.83,-12.78,-12.37,True,4.83,-29.32,-21.05,True
2026-07-06,0050.TW,元大台灣50,109.25,59.91,庫存動態防禦,➖ 中性/偏空,🛡️【洗盤耐受區】嚴禁攤平加碼，死守底線 (104.75)！,-0.79,-3.7,-3.38,False,-0.79,-4.43,-3.56,False,-0.79,-10.57,-9.75,True,-0.79,-15.97,-6.64,True
2026-07-06,1717.TW,1717,86.4,65.31,無特殊徵兆,➖ 中性/偏空,✅ 趨勢追蹤中，尚未觸發佈局點,0.58,-11.0,-10.76,True,0.58,-16.9,-15.97,True,0.58,-30.9,-28.13,True,0.58,-38.89,-28.59,True
2026-07-06,1312.TW,1312,14.6,61.42,無特殊徵兆,➖ 中性/偏空,✅ 趨勢追蹤中，尚未觸發佈局點,-1.37,-5.14,-4.79,True,-1.37,-9.59,-8.56,True,-1.37,-13.7,-13.01,True,2.74,-26.03,-21.58,True
2026-07-06,1301.TW,1301,61.5,68.05,無特殊徵兆,➖ 中性/偏空,✅ 趨勢追蹤中，尚未觸發佈局點,-2.11,-7.32,-6.83,True,-2.11,-11.06,-2.11,True,11.54,-11.06,-1.46,True,13.5,-13.01,-12.52,True
2026-07-06,3376.TW,3376,201.5,48.08,無特殊徵兆,➖ 中性/偏空,✅ 趨勢追蹤中，尚未觸發佈局點,-2.65,-6.05,-5.56,True,-2.65,-6.77,-5.8,True,-2.65,-10.17,-9.45,True,-2.65,-22.8,-12.6,True
2026-07-06,1717.TW,1717,86.4,65.31,無特殊徵兆,➖ 中性/偏空,✅ 趨勢追蹤中，尚未觸發佈局點,0.58,-11.0,-10.76,True,0.58,-16.9,-15.97,True,0.58,-30.9,-28.13,True,0.58,-38.89,-28.59,True
2026-07-06,1312.TW,1312,14.6,61.42,無特殊徵兆,➖ 中性/偏空,✅ 趨勢追蹤中，尚未觸發佈局點,-1.37,-5.14,-4.79,True,-1.37,-9.59,-8.56,True,-1.37,-13.7,-13.01,True,2.74,-26.03,-21.58,True
2026-07-06,1309.TW,1309,16.1,54.8,無特殊徵兆,➖ 中性/偏空,✅ 趨勢追蹤中，尚未觸發佈局點,-3.78,-8.08,-7.47,True,-3.78,-11.47,-9.01,True,-2.86,-11.77,-10.54,True,0.0,-24.53,-22.05,True
2026-07-06,1717.TW,1717,86.4,65.31,無特殊徵兆,➖ 中性/偏空,✅ 趨勢追蹤中，尚未觸發佈局點,0.58,-11.0,-10.76,True,0.58,-16.9,-15.97,True,0.58,-30.9,-28.13,True,0.58,-38.89,-28.59,True
2026-07-06,1536.TW,和大,53.0,61.13,庫存動態防禦,➖ 中性/偏空,🔥【獲利巡航】獲利奔跑中，防禦線上移至 49.24！,3.21,-4.15,-3.4,False,7.92,-6.79,5.85,True,7.92,-10.09,-6.98,True,7.92,-15.47,-8.02,True
2026-07-06,1717.TW,長興,86.7,65.57,庫存動態防禦,➖ 中性/偏空,🛡️【洗盤耐受區】嚴禁攤平加碼，死守底線 (73.03)！,0.23,-11.3,-11.07,True,0.23,-17.19,-16.26,True,0.23,-31.14,-28.37,True,0.23,-39.1,-28.84,True
2026-07-06,2231.TW,為升,123.0,74.41,庫存動態防禦,➖ 中性/偏空,🔥【獲利巡航】獲利奔跑中，防禦線上移至 97.78！,0.32,-8.58,-6.15,True,0.32,-10.2,-7.77,True,3.55,-13.84,-13.43,True,3.55,-30.18,-22.01,True
2026-07-06,0050.TW,元大台灣50,108.5,58.61,庫存動態防禦,➖ 中性/偏空,🛡️【洗盤耐受區】嚴禁攤平加碼，死守底線 (103.91)！,-0.1,-3.03,-2.71,False,-0.1,-3.77,-2.9,False,-0.1,-9.95,-9.12,True,-0.1,-15.39,-5.99,True
2026-07-06,3019.TW,亞光,155.0,57.02,庫存動態防禦,➖ 中性/偏空,🔥【獲利巡航】獲利奔跑中，防禦線上移至 141.60！,-0.97,-7.42,-7.1,True,-0.97,-8.06,-4.84,True,-0.97,-19.68,-16.77,True,-0.97,-23.87,-14.19,True
2026-07-06,2352.TW,佳士達,35.4,66.16,🚀 首次突破20日高點 [帶突破缺口 2.5%],➖ 中性/偏空,⚡【初升段起漲】放量突破關鍵價位，小注試單！,-0.83,-6.84,-5.88,True,-0.83,-15.31,-15.31,True,-0.83,-20.23,-18.45,True,-0.83,-26.41,-19.63,True
2026-07-06,2344.TW,華邦電,187.5,52.92,無特殊徵兆,➖ 中性/偏空,✅ 趨勢追蹤中，尚未觸發佈局點,-0.8,-8.27,-7.2,True,-0.8,-12.0,-10.93,True,-0.8,-22.13,-19.47,True,-0.8,-37.6,-23.73,True
2026-07-06,2330.TW,台積電,2480.0,59.78,無特殊徵兆,➖ 中性/偏空,✅ 趨勢追蹤中，尚未觸發佈局點,0.81,-1.61,-1.61,False,0.81,-2.62,-1.61,False,0.81,-7.66,-6.45,True,0.81,-12.1,-4.44,True
2026-07-06,2317.TW,鴻海,241.5,42.95,無特殊徵兆,➖ 中性/偏空,✅ 趨勢追蹤中，尚未觸發佈局點,0.62,-2.28,-1.86,False,0.62,-3.11,-2.07,False,1.04,-4.76,-2.9,False,7.45,-6.21,4.76,True
2026-07-06,2303.TW,聯電,165.5,61.87,無特殊徵兆,➖ 中性/偏空,✅ 趨勢追蹤中，尚未觸發佈局點,-0.49,-9.7,-7.92,True,-0.49,-9.97,-7.25,True,1.51,-21.45,-21.45,True,1.51,-38.07,-28.7,True
2026-07-06,1513.TW,中興電,179.5,59.49,無特殊徵兆,➖ 中性/偏空,✅ 趨勢追蹤中，尚未觸發佈局點,-2.69,-5.92,-5.92,True,-2.69,-7.8,-6.41,True,-2.69,-14.21,-12.26,True,-2.69,-18.94,-13.37,True
2026-07-06,1301.TW,台塑,60.9,66.62,無特殊徵兆,➖ 中性/偏空,✅ 趨勢追蹤中，尚未觸發佈局點,-1.15,-6.4,-5.91,True,-1.15,-10.18,-1.15,True,12.64,-10.18,-0.49,True,14.61,-12.15,-11.66,True
2026-07-06,1312.TW,國喬,14.35,58.5,無特殊徵兆,➖ 中性/偏空,✅ 趨勢追蹤中，尚未觸發佈局點,0.35,-3.48,-3.14,False,0.35,-8.01,-6.97,True,0.35,-12.2,-11.5,True,4.53,-24.74,-20.21,True
2026-07-06,1605.TW,華新,36.9,50.42,無特殊徵兆,➖ 中性/偏空,✅ 趨勢追蹤中，尚未觸發佈局點,-0.27,-5.56,-5.01,True,-0.27,-9.21,-8.13,True,-0.27,-15.72,-13.82,True,-0.27,-23.17,-11.11,True
2026-07-06,2324.TW,仁寶,35.75,49.81,無特殊徵兆,➖ 中性/偏空,✅ 趨勢追蹤中，尚未觸發佈局點,1.54,-1.96,-1.26,False,6.85,-2.52,2.52,False,6.85,-5.73,-3.78,True,6.85,-7.13,1.68,True
2026-07-06,6239.TW,力成,359.5,60.17,無特殊徵兆,➖ 中性/偏空,✅ 趨勢追蹤中，尚未觸發佈局點,-1.79,-13.8,-11.75,True,-1.79,-15.71,-14.75,True,-1.79,-27.57,-27.3,True,-1.79,-41.59,-33.66,True
2026-07-06,6269.TW,台郡,67.3,46.04,無特殊徵兆,➖ 中性/偏空,✅ 趨勢追蹤中，尚未觸發佈局點,0.59,-7.73,-7.13,True,0.59,-8.62,-8.02,True,0.59,-23.03,-19.61,True,0.59,-31.65,-19.61,True
2026-07-06,1312.TW,國喬,14.6,61.42,無特殊徵兆,➖ 中性/偏空,✅ 趨勢追蹤中，尚未觸發佈局點,-1.37,-5.14,-4.79,True,-1.37,-9.59,-8.56,True,-1.37,-13.7,-13.01,True,2.74,-26.03,-21.58,True
2026-07-06,1513.TW,中興電,180.5,60.58,無特殊徵兆,➖ 中性/偏空,✅ 趨勢追蹤中，尚未觸發佈局點,-3.23,-6.44,-6.44,True,-3.23,-8.31,-6.93,True,-3.23,-14.68,-12.74,True,-3.23,-19.39,-13.85,True
2026-07-06,1605.TW,華新,37.55,52.34,無特殊徵兆,➖ 中性/偏空,✅ 趨勢追蹤中，尚未觸發佈局點,-2.0,-7.19,-6.66,True,-2.0,-10.79,-9.72,True,-2.0,-17.18,-15.31,True,-2.0,-24.5,-12.65,True
2026-07-06,2303.TW,聯電,167.0,63.11,無特殊徵兆,➖ 中性/偏空,✅ 趨勢追蹤中，尚未觸發佈局點,-1.39,-10.51,-8.75,True,-1.39,-10.78,-8.08,True,0.6,-22.16,-22.16,True,0.6,-38.62,-29.34,True
2026-07-06,2317.TW,鴻海,244.5,45.58,無特殊徵兆,➖ 中性/偏空,✅ 趨勢追蹤中，尚未觸發佈局點,-0.61,-3.48,-3.07,False,-0.61,-4.29,-3.27,False,-0.2,-5.93,-4.09,True,6.13,-7.36,3.48,True
2026-07-06,2324.TW,仁寶,36.1,51.04,無特殊徵兆,➖ 中性/偏空,✅ 趨勢追蹤中，尚未觸發佈局點,0.55,-2.91,-2.22,False,5.82,-3.46,1.52,False,5.82,-6.65,-4.71,True,5.82,-8.03,0.69,True
2026-07-06,2330.TW,台積電,2485.0,60.13,無特殊徵兆,➖ 中性/偏空,✅ 趨勢追蹤中，尚未觸發佈局點,0.6,-1.81,-1.81,False,0.6,-2.82,-1.81,False,0.6,-7.85,-6.64,True,0.6,-12.27,-4.63,True
2026-07-06,2353.TW,宏碁,33.0,49.2,無特殊徵兆,➖ 中性/偏空,✅ 趨勢追蹤中，尚未觸發佈局點,0.45,-3.33,-3.03,False,2.27,-3.94,-3.18,False,2.27,-13.18,-11.36,True,2.27,-16.21,-12.73,True
2026-07-06,1717.TW,長興,86.4,65.31,無特殊徵兆,➖ 中性/偏空,✅ 趨勢追蹤中，尚未觸發佈局點,0.58,-11.0,-10.76,True,0.58,-16.9,-15.97,True,0.58,-30.9,-28.13,True,0.58,-38.89,-28.59,True
2026-07-06,2356.TW,英業達,68.5,56.85,無特殊徵兆,➖ 中性/偏空,✅ 趨勢追蹤中，尚未觸發佈局點,-3.56,-7.52,-7.52,True,2.94,-10.07,-8.51,True,2.94,-16.93,-16.5,True,2.94,-17.08,-6.72,True
2026-07-06,3324.TWO,雙鴻,1025.0,48.42,無特殊徵兆,➖ 中性/偏空,✅ 趨勢追蹤中，尚未觸發佈局點,-0.49,-6.34,-5.37,True,-0.49,-12.59,-11.71,True,-0.49,-20.1,-16.29,True,-0.49,-20.98,-7.9,True
2026-07-06,3231.TW,緯創,159.5,52.19,無特殊徵兆,➖ 中性/偏空,✅ 趨勢追蹤中，尚未觸發佈局點,-3.54,-5.96,-5.96,True,-3.54,-10.66,-10.03,True,-3.54,-12.85,-10.03,True,17.87,-12.85,16.61,True
2026-07-06,2887.TW,台新金,34.4,77.65,無特殊徵兆,➖ 中性/偏空,✅ 趨勢追蹤中，尚未觸發佈局點,-0.76,-4.11,-2.44,False,5.53,-4.11,-0.06,False,5.53,-4.11,-1.74,False,5.53,-7.41,2.62,True
2026-07-06,3714.TW,富采,64.5,48.16,無特殊徵兆,➖ 中性/偏空,✅ 趨勢追蹤中，尚未觸發佈局點,5.27,-5.58,-4.96,True,5.27,-6.51,-5.58,True,5.27,-23.33,-19.84,True,5.27,-30.93,-21.86,True
2026-07-06,2454.TW,聯發科,4210.0,51.76,無特殊徵兆,➖ 中性/偏空,✅ 趨勢追蹤中，尚未觸發佈局點,0.95,-6.06,-4.28,True,0.95,-9.14,-9.14,True,0.95,-23.04,-20.67,True,0.95,-28.98,-7.13,True
2026-07-06,2408.TW,南亞科,438.5,56.63,無特殊徵兆,➖ 中性/偏空,✅ 趨勢追蹤中，尚未觸發佈局點,-0.34,-8.32,-8.1,True,6.39,-10.83,-3.53,True,11.63,-13.23,-13.11,True,11.63,-26.57,-9.58,True
2026-07-06,2382.TW,廣達,387.0,62.02,無特殊徵兆,➖ 中性/偏空,✅ 趨勢追蹤中，尚未觸發佈局點,-5.83,-7.69,-7.56,True,-4.59,-9.05,-6.32,True,-4.59,-20.16,-18.35,True,-4.59,-27.91,-23.39,True
2026-07-06,2883.TW,凱基金,28.9,63.94,無特殊徵兆,➖ 中性/偏空,✅ 趨勢追蹤中，尚未觸發佈局點,6.92,-0.52,4.15,False,7.96,-0.52,3.11,False,7.96,-0.52,2.25,False,8.3,-1.9,5.19,False
2026-07-06,2379.TW,瑞昱,796.0,58.1,無特殊徵兆,➖ 中性/偏空,✅ 趨勢追蹤中，尚未觸發佈局點,5.65,-3.39,-2.51,False,6.53,-5.03,-5.03,True,6.53,-13.44,-10.93,True,6.53,-17.71,-11.56,True
2026-07-07,3231.TW,緯創,158.5,51.14,無特殊徵兆,➖ 中性/偏空,✅ 趨勢追蹤中，尚未觸發佈局點,-4.1,-8.52,-7.57,True,-4.1,-12.3,-10.09,True,-4.1,-12.3,-5.68,True,24.92,-12.3,23.03,True
2026-07-07,3037.TW,欣興,891.0,44.05,無特殊徵兆,➖ 中性/偏空,✅ 趨勢追蹤中，尚未觸發佈局點,-1.01,-5.39,-3.14,True,6.4,-7.3,-1.91,True,7.74,-16.16,-7.41,True,7.74,-26.71,3.7,True
2026-07-07,2887.TW,台新金,35.15,79.89,無特殊徵兆,➖ 中性/偏空,✅ 趨勢追蹤中，尚未觸發佈局點,-1.51,-3.7,-1.92,False,3.28,-5.89,-3.01,True,3.28,-6.16,-1.28,True,3.28,-9.39,1.14,True
2026-07-07,2379.TW,瑞昱,828.0,60.68,無特殊徵兆,➖ 中性/偏空,✅ 趨勢追蹤中，尚未觸發佈局點,2.05,-3.62,-1.33,False,2.42,-10.51,-8.94,True,2.42,-16.79,-9.06,True,2.42,-20.89,-12.68,True
2026-07-07,2408.TW,南亞科,430.5,55.74,無特殊徵兆,➖ 中性/偏空,✅ 趨勢追蹤中，尚未觸發佈局點,-1.97,-9.18,-8.01,True,8.36,-9.18,4.07,True,13.7,-11.61,-5.92,True,13.7,-25.2,1.28,True
2026-07-07,3324.TWO,雙鴻,997.0,44.91,無特殊徵兆,➖ 中性/偏空,✅ 趨勢追蹤中，尚未觸發佈局點,-3.71,-9.33,-7.22,True,-3.71,-17.85,-13.34,True,-3.71,-17.85,-7.12,True,-0.7,-18.76,-5.32,True
2026-07-07,2382.TW,廣達,376.5,57.0,無特殊徵兆,➖ 中性/偏空,✅ 趨勢追蹤中，尚未觸發佈局點,-3.08,-6.51,-3.97,True,-1.93,-6.51,-3.2,True,-1.93,-17.93,-13.94,True,-1.93,-25.9,-20.19,True
2026-07-07,2883.TW,凱基金,30.05,69.21,無特殊徵兆,➖ 中性/偏空,✅ 趨勢追蹤中，尚未觸發佈局點,3.83,1.16,2.16,False,3.83,-3.83,-1.83,False,3.83,-3.83,-1.16,False,4.16,-5.66,1.66,True
2026-07-07,2454.TW,聯發科,4165.0,51.3,無特殊徵兆,➖ 中性/偏空,✅ 趨勢追蹤中，尚未觸發佈局點,-3.0,-5.04,-4.08,True,-1.68,-15.61,-12.12,True,-1.68,-22.21,-11.88,True,-1.68,-28.21,-7.2,True
2026-07-07,6116.TW,彩晶,18.1,54.32,無特殊徵兆,➖ 中性/偏空,✅ 趨勢追蹤中，尚未觸發佈局點,-2.49,-8.84,-4.7,True,-1.93,-16.3,-13.26,True,-1.93,-23.48,-19.89,True,-1.93,-36.19,-28.45,True
2026-07-07,6269.TW,台郡,65.4,43.72,無特殊徵兆,➖ 中性/偏空,✅ 趨勢追蹤中，尚未觸發佈局點,-2.29,-5.05,-2.6,True,-1.07,-11.31,-8.26,True,-1.07,-20.8,-14.53,True,-1.07,-29.66,-14.22,True
2026-07-07,6415.TW,矽力-KY,600.0,53.28,無特殊徵兆,➖ 中性/偏空,✅ 趨勢追蹤中，尚未觸發佈局點,-4.5,-12.33,-8.17,True,-4.5,-21.33,-17.75,True,-4.5,-30.92,-23.08,True,-4.5,-39.67,-29.33,True
2026-07-07,1609.TW,1609,42.9,66.6,無特殊徵兆,➖ 中性/偏空,✅ 趨勢追蹤中，尚未觸發佈局點,-1.05,-9.32,-7.93,True,-1.05,-12.47,-9.91,True,-1.05,-17.02,-12.47,True,-1.05,-25.17,-17.6,True
2026-07-07,1609.TW,1609,42.9,66.6,無特殊徵兆,➖ 中性/偏空,✅ 趨勢追蹤中，尚未觸發佈局點,-1.05,-9.32,-7.93,True,-1.05,-12.47,-9.91,True,-1.05,-17.02,-12.47,True,-1.05,-25.17,-17.6,True
2026-07-07,1536.TW,和大,51.2,53.94,庫存動態防禦,➖ 中性/偏空,🛡️【洗盤耐受區】嚴禁攤平加碼，死守底線 (47.79)！,0.2,-3.52,-2.34,False,11.72,-3.52,3.91,False,11.72,-6.93,-1.37,True,11.72,-12.5,-1.95,True
2026-07-07,1717.TW,長興,78.1,53.38,庫存動態防禦,➖ 中性/偏空,🛡️【洗盤耐受區】嚴禁攤平加碼，死守底線 (69.25)！,0.51,-6.15,-1.79,True,0.51,-14.72,-10.37,True,0.51,-23.56,-19.08,True,0.51,-32.39,-18.57,True
2026-07-07,2356.TW,英業達,68.0,55.74,無特殊徵兆,➖ 中性/偏空,✅ 趨勢追蹤中，尚未觸發佈局點,-3.99,-9.41,-5.7,True,3.7,-13.25,-9.26,True,3.7,-16.32,-11.62,True,3.7,-16.47,-2.94,True
2026-07-07,1504.TW,1504,74.1,57.8,無特殊徵兆,➖ 中性/偏空,✅ 趨勢追蹤中，尚未觸發佈局點,-3.78,-8.37,-7.42,True,-3.78,-16.6,-14.17,True,-3.51,-16.6,-9.31,True,-3.51,-19.03,-11.74,True
2026-07-07,2231.TW,為升,115.0,62.23,庫存動態防禦,➖ 中性/偏空,🔥【獲利巡航】獲利奔跑中，防禦線上移至 98.80！,5.13,-2.65,-0.06,False,6.43,-3.95,0.81,False,10.76,-7.85,-3.09,True,10.76,-25.32,-18.49,True
2026-07-07,3708.TW,3708,117.0,59.63,無特殊徵兆,➖ 中性/偏空,✅ 趨勢追蹤中，尚未觸發佈局點,-4.7,-10.26,-9.4,True,-4.7,-14.96,-13.68,True,-4.7,-19.66,-15.04,True,-4.7,-26.84,-19.32,True
2026-07-07,1536.TW,和大,52.1,57.23,庫存動態防禦,➖ 中性/偏空,🛡️【洗盤耐受區】嚴禁攤平加碼，死守底線 (48.82)！,-1.54,-5.18,-4.03,True,9.79,-5.18,2.11,True,9.79,-8.54,-3.07,True,9.79,-14.01,-3.65,True
2026-07-07,1717.TW,長興,81.4,57.86,庫存動態防禦,➖ 中性/偏空,🛡️【洗盤耐受區】嚴禁攤平加碼，死守底線 (73.00)！,-3.56,-9.95,-5.77,True,-3.56,-18.18,-14.0,True,-3.56,-26.66,-22.36,True,-3.56,-35.14,-21.87,True
2026-07-07,2231.TW,為升,117.5,65.44,庫存動態防禦,➖ 中性/偏空,🔥【獲利巡航】獲利奔跑中，防禦線上移至 98.92！,2.9,-4.72,-2.18,False,4.17,-5.99,-1.34,True,8.4,-9.81,-5.15,True,8.4,-26.91,-20.22,True
2026-07-07,3019.TW,亞光,149.5,52.22,庫存動態防禦,➖ 中性/偏空,🛡️【洗盤耐受區】嚴禁攤平加碼，死守底線 (136.77)！,-2.68,-4.68,-3.01,False,2.34,-8.03,-4.01,True,2.34,-16.72,-8.03,True,2.34,-21.07,-12.37,True
2026-07-07,0050.TW,元大台灣50,108.6,59.03,庫存動態防禦,➖ 中性/偏空,🛡️【洗盤耐受區】嚴禁攤平加碼，死守底線 (104.05)！,-2.44,-3.85,-2.94,False,-1.57,-6.42,-4.45,True,-1.57,-10.03,-5.62,True,-1.57,-15.47,-7.32,True
2026-07-07,1304.TW,台聚,14.3,56.73,無特殊徵兆,➖ 中性/偏空,✅ 趨勢追蹤中，尚未觸發佈局點,1.64,-5.27,-4.58,True,1.64,-8.73,-6.31,True,1.64,-11.15,-10.11,True,1.64,-23.78,-20.28,True
2026-07-07,1312.TW,國喬,14.05,55.25,無特殊徵兆,➖ 中性/偏空,✅ 趨勢追蹤中，尚未觸發佈局點,1.07,-3.2,-2.85,False,1.07,-8.54,-6.76,True,1.07,-10.32,-5.69,True,6.76,-23.13,-17.44,True
2026-07-07,2371.TW,大同,27.95,47.38,無特殊徵兆,➖ 中性/偏空,✅ 趨勢追蹤中，尚未觸發佈局點,-1.43,-4.11,-3.4,False,1.25,-4.11,-2.68,False,1.25,-8.94,-4.65,True,1.25,-16.64,-9.66,True
2026-07-07,1301.TW,台塑,58.8,61.8,無特殊徵兆,➖ 中性/偏空,✅ 趨勢追蹤中，尚未觸發佈局點,-0.51,-3.91,-1.36,False,8.16,-6.97,8.16,True,16.67,-6.97,7.14,True,18.71,-10.03,-5.95,True
2026-07-07,1605.TW,華新,36.15,48.02,無特殊徵兆,➖ 中性/偏空,✅ 趨勢追蹤中，尚未觸發佈局點,-1.38,-5.67,-3.6,True,-1.38,-10.79,-8.02,True,-1.38,-13.97,-8.85,True,-1.38,-21.58,-6.64,True
2026-07-07,1609.TW,大亞,42.9,66.6,無特殊徵兆,➖ 中性/偏空,✅ 趨勢追蹤中，尚未觸發佈局點,-1.05,-9.32,-7.93,True,-1.05,-12.47,-9.91,True,-1.05,-17.02,-12.47,True,-1.05,-25.17,-17.6,True
2026-07-07,1795.TW,美時,212.5,64.19,無特殊徵兆,➖ 中性/偏空,✅ 趨勢追蹤中，尚未觸發佈局點,-10.59,-12.0,-11.29,True,-10.59,-15.29,-13.41,True,,,,False,,,,False
2026-07-07,2303.TW,聯電,166.0,62.27,無特殊徵兆,➖ 中性/偏空,✅ 趨勢追蹤中，尚未觸發佈局點,-1.81,-10.24,-1.81,True,-1.81,-15.66,-9.04,True,1.2,-24.4,-18.98,True,1.2,-38.25,-28.61,True
2026-07-07,2317.TW,鴻海,241.0,42.68,無特殊徵兆,➖ 中性/偏空,✅ 趨勢追蹤中，尚未觸發佈局點,-0.21,-2.9,-1.45,False,0.62,-4.56,-2.28,False,2.49,-4.56,2.07,False,7.68,-6.02,3.73,True
2026-07-07,2324.TW,仁寶,35.85,50.21,無特殊徵兆,➖ 中性/偏空,✅ 趨勢追蹤中，尚未觸發佈局點,-0.98,-2.79,-0.98,False,6.56,-3.21,-0.84,False,6.56,-6.0,0.42,True,6.56,-7.39,3.21,True
2026-07-07,2330.TW,台積電,2495.0,60.99,無特殊徵兆,➖ 中性/偏空,✅ 趨勢追蹤中，尚未觸發佈局點,-1.2,-3.01,-1.2,False,-0.6,-4.21,-3.01,False,-0.6,-8.22,-3.41,True,-0.6,-12.63,-7.01,True
2026-07-07,2344.TW,華邦電,183.5,51.18,無特殊徵兆,➖ 中性/偏空,✅ 趨勢追蹤中，尚未觸發佈局點,-1.09,-10.08,-8.17,True,0.27,-14.99,-10.35,True,0.27,-20.44,-15.26,True,0.27,-36.24,-14.44,True
2026-07-07,2353.TW,宏碁,32.65,47.83,無特殊徵兆,➖ 中性/偏空,✅ 趨勢追蹤中，尚未觸發佈局點,1.38,-1.99,-1.07,False,3.37,-8.42,-5.82,True,3.37,-12.25,-7.5,True,3.37,-15.31,-11.03,True
2026-07-07,3042.TW,晶技,222.0,56.13,無特殊徵兆,➖ 中性/偏空,✅ 趨勢追蹤中，尚未觸發佈局點,-0.68,-7.66,-7.21,True,-0.68,-19.37,-16.67,True,-0.68,-30.86,-24.32,True,-0.68,-39.64,-23.65,True
2026-07-07,3019.TW,亞光,146.0,49.06,庫存動態防禦,➖ 中性/偏空,🛡️【洗盤耐受區】嚴禁攤平加碼，死守底線 (132.82)！,-0.34,-2.4,-0.68,False,4.79,-5.82,-1.71,True,4.79,-14.73,-5.82,True,4.79,-19.18,-10.27,True
2026-07-07,3324.TWO,雙鴻,971.0,42.0,無特殊徵兆,➖ 中性/偏空,✅ 趨勢追蹤中，尚未觸發佈局點,-1.13,-6.9,-4.74,True,-1.13,-15.65,-11.02,True,-1.13,-15.65,-4.63,True,1.96,-16.58,-2.78,True
2026-07-07,1304.TW,台聚,14.25,56.26,無特殊徵兆,➖ 中性/偏空,✅ 趨勢追蹤中，尚未觸發佈局點,2.0,-4.94,-4.25,False,2.0,-8.41,-5.98,True,2.0,-10.84,-9.8,True,2.0,-23.51,-20.0,True
2026-07-07,6116.TW,彩晶,17.45,51.02,無特殊徵兆,➖ 中性/偏空,✅ 趨勢追蹤中，尚未觸發佈局點,1.15,-5.44,-1.15,True,1.72,-13.18,-10.03,True,1.72,-20.63,-16.91,True,1.72,-33.81,-25.79,True
2026-07-07,6269.TW,台郡,63.1,41.25,無特殊徵兆,➖ 中性/偏空,✅ 趨勢追蹤中，尚未觸發佈局點,1.27,-1.58,0.95,False,2.54,-8.08,-4.91,True,2.54,-17.91,-11.41,True,2.54,-27.1,-11.09,True
2026-07-07,1314.TW,1314,9.87,72.88,無特殊徵兆,➖ 中性/偏空,✅ 趨勢追蹤中，尚未觸發佈局點,8.41,-1.72,-1.72,False,8.41,-13.58,-11.45,True,8.41,-16.21,-14.39,True,8.41,-25.53,-22.49,True
2026-07-07,1536.TW,和大,51.3,54.29,庫存動態防禦,➖ 中性/偏空,🛡️【洗盤耐受區】嚴禁攤平加碼，死守底線 (47.49)！,-0.0,-3.7,-2.53,False,11.5,-3.7,3.7,False,11.5,-7.12,-1.56,True,11.5,-12.67,-2.14,True
2026-07-07,1717.TW,長興,76.9,51.92,庫存動態防禦,➖ 中性/偏空,🩸【戰術撤離】跌破防守底線 (66.97)，無條件停損變現！,2.08,-4.68,-0.26,False,2.08,-13.39,-8.97,True,2.08,-22.37,-17.82,True,2.08,-31.34,-17.3,True
2026-07-07,2231.TW,為升,116.0,63.47,庫存動態防禦,➖ 中性/偏空,🔥【獲利巡航】獲利奔跑中，防禦線上移至 98.85！,4.23,-3.49,-0.92,False,5.51,-4.78,-0.06,False,9.8,-8.64,-3.92,True,9.8,-25.97,-19.19,True
2026-07-07,3019.TW,亞光,144.5,47.82,庫存動態防禦,➖ 中性/偏空,🛡️【洗盤耐受區】嚴禁攤平加碼，死守底線 (129.71)！,0.69,-1.38,0.35,False,5.88,-4.84,-0.69,False,5.88,-13.84,-4.84,True,5.88,-18.34,-9.34,True
2026-07-07,0050.TW,元大台灣50,106.35,53.48,庫存動態防禦,➖ 中性/偏空,🛡️【洗盤耐受區】嚴禁攤平加碼，死守底線 (100.98)！,-0.37,-1.82,-0.89,False,0.52,-4.44,-2.43,False,0.52,-8.13,-3.62,True,0.52,-13.68,-5.36,True
2026-07-07,2352.TW,2352,34.65,62.79,無特殊徵兆,➖ 中性/偏空,✅ 趨勢追蹤中，尚未觸發佈局點,-0.36,-6.08,-3.99,True,-0.36,-17.66,-14.59,True,-0.36,-18.5,-14.45,True,-0.36,-24.82,-16.59,True
2026-07-07,1717.TW,1717,76.9,51.92,無特殊徵兆,➖ 中性/偏空,✅ 趨勢追蹤中，尚未觸發佈局點,2.08,-4.68,-0.26,False,2.08,-13.39,-8.97,True,2.08,-22.37,-17.82,True,2.08,-31.34,-17.3,True
2026-07-07,3708.TW,3708,111.0,50.19,無特殊徵兆,➖ 中性/偏空,✅ 趨勢追蹤中，尚未觸發佈局點,0.45,-5.41,-4.5,True,0.45,-10.36,-9.01,True,0.45,-15.32,-10.45,True,0.45,-22.88,-14.95,True
2026-07-07,1314.TW,1314,9.81,71.69,無特殊徵兆,➖ 中性/偏空,✅ 趨勢追蹤中，尚未觸發佈局點,9.07,-1.12,-1.12,False,9.07,-13.05,-10.91,True,9.07,-15.7,-13.86,True,9.07,-25.08,-22.02,True
2026-07-07,1717.TW,1717,76.9,51.92,無特殊徵兆,➖ 中性/偏空,✅ 趨勢追蹤中，尚未觸發佈局點,2.08,-4.68,-0.26,False,2.08,-13.39,-8.97,True,2.08,-22.37,-17.82,True,2.08,-31.34,-17.3,True
2026-07-07,1536.TW,和大,51.2,53.94,庫存動態防禦,➖ 中性/偏空,🛡️【洗盤耐受區】嚴禁攤平加碼，死守底線 (47.39)！,0.2,-3.52,-2.34,False,11.72,-3.52,3.91,False,11.72,-6.93,-1.37,True,11.72,-12.5,-1.95,True
2026-07-07,1717.TW,長興,77.1,52.16,庫存動態防禦,➖ 中性/偏空,🛡️【洗盤耐受區】嚴禁攤平加碼，死守底線 (67.17)！,1.82,-4.93,-0.52,False,1.82,-13.62,-9.21,True,1.82,-22.57,-18.03,True,1.82,-31.52,-17.51,True
2026-07-07,2231.TW,為升,116.0,63.47,庫存動態防禦,➖ 中性/偏空,🔥【獲利巡航】獲利奔跑中，防禦線上移至 98.85！,4.23,-3.49,-0.92,False,5.51,-4.78,-0.06,False,9.8,-8.64,-3.92,True,9.8,-25.97,-19.19,True
2026-07-07,3019.TW,亞光,144.0,47.42,庫存動態防禦,➖ 中性/偏空,🛡️【洗盤耐受區】嚴禁攤平加碼，死守底線 (129.14)！,1.04,-1.04,0.69,False,6.25,-4.51,-0.35,False,6.25,-13.54,-4.51,True,6.25,-18.06,-9.03,True
2026-07-07,0050.TW,元大台灣50,106.2,53.14,庫存動態防禦,➖ 中性/偏空,🛡️【洗盤耐受區】嚴禁攤平加碼，死守底線 (100.83)！,-0.23,-1.68,-0.75,False,0.66,-4.3,-2.29,False,0.66,-8.0,-3.48,True,0.66,-13.56,-5.23,True
2026-07-07,3231.TW,緯創,156.0,48.41,無特殊徵兆,➖ 中性/偏空,✅ 趨勢追蹤中，尚未觸發佈局點,-2.56,-7.05,-6.09,True,-2.56,-10.9,-8.65,True,-2.56,-10.9,-4.17,True,26.92,-10.9,25.0,True
2026-07-07,2887.TW,台新金,35.05,79.62,無特殊徵兆,➖ 中性/偏空,✅ 趨勢追蹤中，尚未觸發佈局點,-1.23,-3.42,-1.64,False,3.57,-5.62,-2.74,True,3.57,-5.89,-1.0,True,3.57,-9.13,1.43,True
2026-07-07,1305.TW,華夏,13.8,55.02,無特殊徵兆,➖ 中性/偏空,✅ 趨勢追蹤中，尚未觸發佈局點,-0.07,-5.46,-5.1,True,-0.07,-10.85,-8.7,True,-0.07,-12.29,-10.49,True,-0.07,-23.19,-19.2,True
2026-07-07,1312.TW,國喬,14.1,55.8,無特殊徵兆,➖ 中性/偏空,✅ 趨勢追蹤中，尚未觸發佈局點,0.71,-3.55,-3.19,False,0.71,-8.87,-7.09,True,0.71,-10.64,-6.03,True,6.38,-23.4,-17.73,True
2026-07-07,3042.TW,晶技,211.0,52.36,無特殊徵兆,➖ 中性/偏空,✅ 趨勢追蹤中，尚未觸發佈局點,4.5,-2.84,-2.37,False,4.5,-15.17,-12.32,True,4.5,-27.25,-20.38,True,4.5,-36.49,-19.67,True
2026-07-07,8081.TW,致新,306.5,57.05,無特殊徵兆,➖ 中性/偏空,✅ 趨勢追蹤中，尚未觸發佈局點,0.65,-5.55,-3.59,True,0.65,-17.62,-13.87,True,0.65,-25.29,-19.41,True,0.65,-25.29,-17.13,True
2026-07-07,1301.TW,台塑,58.1,60.32,無特殊徵兆,➖ 中性/偏空,✅ 趨勢追蹤中，尚未觸發佈局點,0.69,-2.75,-0.17,False,9.47,-5.85,9.47,True,18.07,-5.85,8.43,True,20.14,-8.95,-4.82,True
2026-07-07,1605.TW,華新,35.35,45.6,無特殊徵兆,➖ 中性/偏空,✅ 趨勢追蹤中，尚未觸發佈局點,0.85,-3.54,-1.41,False,0.85,-8.77,-5.94,True,0.85,-12.02,-6.79,True,0.85,-19.8,-4.53,True
2026-07-07,2303.TW,聯電,157.0,55.21,無特殊徵兆,➖ 中性/偏空,✅ 趨勢追蹤中，尚未觸發佈局點,3.82,-5.1,3.82,True,3.82,-10.83,-3.82,True,7.01,-20.06,-14.33,True,7.01,-34.71,-24.52,True
2026-07-07,2317.TW,鴻海,238.5,40.94,無特殊徵兆,➖ 中性/偏空,✅ 趨勢追蹤中，尚未觸發佈局點,0.84,-1.89,-0.42,False,1.68,-3.56,-1.26,False,3.56,-3.56,3.14,False,8.81,-5.03,4.82,True
2026-07-07,2324.TW,仁寶,35.5,48.88,無特殊徵兆,➖ 中性/偏空,✅ 趨勢追蹤中，尚未觸發佈局點,0.0,-1.83,0.0,False,7.61,-2.25,0.14,False,7.61,-5.07,1.41,True,7.61,-6.48,4.23,True
2026-07-07,0050.TW,元大台灣50,107.05,55.18,庫存動態防禦,➖ 中性/偏空,🛡️【洗盤耐受區】嚴禁攤平加碼，死守底線 (102.34)！,-1.02,-2.46,-1.53,False,-0.14,-5.06,-3.07,True,-0.14,-8.73,-4.25,True,-0.14,-14.25,-5.98,True
2026-07-07,2330.TW,台積電,2470.0,59.12,無特殊徵兆,➖ 中性/偏空,✅ 趨勢追蹤中，尚未觸發佈局點,-0.2,-2.02,-0.2,False,0.4,-3.24,-2.02,False,0.4,-7.29,-2.43,True,0.4,-11.74,-6.07,True
2026-07-07,2353.TW,宏碁,32.15,45.94,無特殊徵兆,➖ 中性/偏空,✅ 趨勢追蹤中，尚未觸發佈局點,2.95,-0.47,0.47,False,4.98,-7.0,-4.35,True,4.98,-10.89,-6.07,True,4.98,-14.0,-9.64,True
2026-07-07,2356.TW,英業達,66.3,51.54,無特殊徵兆,➖ 中性/偏空,✅ 趨勢追蹤中，尚未觸發佈局點,-1.53,-7.08,-3.29,True,6.36,-11.03,-6.94,True,6.36,-14.18,-9.35,True,6.36,-14.33,-0.45,True
2026-07-07,2371.TW,大同,27.5,44.23,無特殊徵兆,➖ 中性/偏空,✅ 趨勢追蹤中，尚未觸發佈局點,0.18,-2.55,-1.82,False,2.91,-2.55,-1.09,False,2.91,-7.45,-3.09,True,2.91,-15.27,-8.18,True
2026-07-07,2377.TW,微星,139.0,54.91,無特殊徵兆,➖ 中性/偏空,✅ 趨勢追蹤中，尚未觸發佈局點,2.72,-3.22,-0.77,False,6.92,-3.22,2.72,False,6.92,-8.11,2.02,True,10.41,-8.11,4.47,True
2026-07-07,2382.TW,廣達,375.0,55.98,無特殊徵兆,➖ 中性/偏空,✅ 趨勢追蹤中，尚未觸發佈局點,-2.69,-6.14,-3.58,True,-1.54,-6.14,-2.82,True,-1.54,-17.6,-13.6,True,-1.54,-25.6,-19.87,True
2026-07-07,2408.TW,南亞科,410.5,51.92,無特殊徵兆,➖ 中性/偏空,✅ 趨勢追蹤中，尚未觸發佈局點,2.8,-4.75,-3.53,False,13.64,-4.75,9.14,False,19.24,-7.31,-1.34,True,19.24,-21.56,6.21,True
2026-07-07,2409.TW,友達,29.75,56.03,無特殊徵兆,➖ 中性/偏空,✅ 趨勢追蹤中，尚未觸發佈局點,0.13,-5.82,-2.35,True,7.4,-12.43,-8.96,True,7.4,-18.87,-15.4,True,7.4,-27.3,-17.82,True
2026-07-07,2449.TW,京元電子,323.0,51.55,無特殊徵兆,➖ 中性/偏空,✅ 趨勢追蹤中，尚未觸發佈局點,-6.59,-11.59,-10.26,True,-5.71,-18.2,-14.38,True,-4.83,-24.07,-18.05,True,-4.83,-39.63,-23.99,True
2026-07-07,2454.TW,聯發科,4000.0,47.18,無特殊徵兆,➖ 中性/偏空,✅ 趨勢追蹤中，尚未觸發佈局點,1.0,-1.12,-0.12,False,2.38,-12.12,-8.5,True,2.38,-19.0,-8.25,True,2.38,-25.25,-3.38,True
2026-07-07,2637.TW,慧洋,79.0,62.1,無特殊徵兆,➖ 中性/偏空,✅ 趨勢追蹤中，尚未觸發佈局點,12.41,9.87,11.39,False,12.41,6.2,12.28,False,,,,False,,,,False
2026-07-07,2883.TW,凱基金,30.4,70.53,無特殊徵兆,➖ 中性/偏空,✅ 趨勢追蹤中，尚未觸發佈局點,2.63,-0.0,0.99,False,2.63,-4.93,-2.96,False,2.63,-4.93,-2.3,False,2.96,-6.74,0.49,True
2026-07-07,2344.TW,華邦電,176.0,47.73,無特殊徵兆,➖ 中性/偏空,✅ 趨勢追蹤中，尚未觸發佈局點,3.12,-6.25,-4.26,True,4.55,-11.36,-6.53,True,4.55,-17.05,-11.65,True,4.55,-33.52,-10.8,True
2026-07-07,2352.TW,2352,35.15,64.99,無特殊徵兆,➖ 中性/偏空,✅ 趨勢追蹤中，尚未觸發佈局點,-1.78,-7.42,-5.35,True,-1.78,-18.83,-15.81,True,-1.78,-19.66,-15.67,True,-1.78,-25.89,-17.78,True
2026-07-07,2344.TW,華邦電,183.0,50.95,無特殊徵兆,➖ 中性/偏空,✅ 趨勢追蹤中，尚未觸發佈局點,-0.82,-9.84,-7.92,True,0.55,-14.75,-10.11,True,0.55,-20.22,-15.03,True,0.55,-36.07,-14.21,True
2026-07-07,2454.TW,聯發科,4195.0,51.4,無特殊徵兆,➖ 中性/偏空,✅ 趨勢追蹤中，尚未觸發佈局點,-3.69,-5.72,-4.77,True,-2.38,-16.21,-12.75,True,-2.38,-22.77,-12.51,True,-2.38,-28.72,-7.87,True
2026-07-07,2637.TW,慧洋,74.3,50.54,無特殊徵兆,➖ 中性/偏空,✅ 趨勢追蹤中，尚未觸發佈局點,19.52,16.82,18.44,False,19.52,12.92,19.38,False,,,,False,,,,False
2026-07-07,2883.TW,凱基金,28.45,61.53,無特殊徵兆,➖ 中性/偏空,✅ 趨勢追蹤中，尚未觸發佈局點,9.67,6.85,7.91,False,9.67,1.58,3.69,False,9.67,1.58,4.39,False,10.02,-0.35,7.38,False
2026-07-07,2887.TW,台新金,34.15,76.86,無特殊徵兆,➖ 中性/偏空,✅ 趨勢追蹤中，尚未觸發佈局點,1.37,-0.88,0.95,False,6.3,-3.13,-0.17,False,6.3,-3.41,1.61,False,6.3,-6.73,4.1,True
2026-07-07,3037.TW,欣興,967.02,50.7,無特殊徵兆,➖ 中性/偏空,✅ 趨勢追蹤中，尚未觸發佈局點,-8.79,-12.82,-10.76,True,-1.97,-14.58,-9.62,True,-0.73,-22.75,-14.69,True,-0.73,-32.47,-4.45,True
2026-07-07,3163.TWO,波若威,818.0,44.28,無特殊徵兆,➖ 中性/偏空,✅ 趨勢追蹤中，尚未觸發佈局點,-15.44,-23.22,-19.38,True,-15.44,-29.76,-25.4,True,-15.44,-39.1,-31.11,True,-15.23,-40.59,-19.68,True
2026-07-07,3231.TW,緯創,159.0,51.67,無特殊徵兆,➖ 中性/偏空,✅ 趨勢追蹤中，尚未觸發佈局點,-4.4,-8.81,-7.86,True,-4.4,-12.58,-10.38,True,-4.4,-12.58,-5.97,True,24.53,-12.58,22.64,True
2026-07-07,3324.TWO,雙鴻,1020.0,47.74,無特殊徵兆,➖ 中性/偏空,✅ 趨勢追蹤中，尚未觸發佈局點,-5.88,-11.37,-9.31,True,-5.88,-19.71,-15.29,True,-5.88,-19.71,-9.22,True,-2.94,-20.59,-7.45,True
2026-07-07,3714.TW,富采,62.3,44.19,無特殊徵兆,➖ 中性/偏空,✅ 趨勢追蹤中，尚未觸發佈局點,0.64,-3.21,-0.64,False,4.98,-8.51,-4.82,True,4.98,-20.63,-16.05,True,4.98,-28.49,-13.8,True
2026-07-07,6116.TW,彩晶,18.15,54.66,無特殊徵兆,➖ 中性/偏空,✅ 趨勢追蹤中，尚未觸發佈局點,-2.75,-9.09,-4.96,True,-2.2,-16.53,-13.5,True,-2.2,-23.69,-20.11,True,-2.2,-36.36,-28.65,True
2026-07-07,6239.TW,力成,338.0,54.58,無特殊徵兆,➖ 中性/偏空,✅ 趨勢追蹤中，尚未觸發佈局點,-6.28,-10.35,-7.73,True,-3.67,-16.73,-11.8,True,-3.67,-23.4,-21.08,True,-3.67,-37.87,-24.11,True
2026-07-07,6269.TW,台郡,66.8,45.36,無特殊徵兆,➖ 中性/偏空,✅ 趨勢追蹤中，尚未觸發佈局點,-4.34,-7.04,-4.64,True,-3.14,-13.17,-10.18,True,-3.14,-22.46,-16.32,True,-3.14,-31.14,-16.02,True
2026-07-07,6415.TW,矽力-KY,605.0,54.6,無特殊徵兆,➖ 中性/偏空,✅ 趨勢追蹤中，尚未觸發佈局點,-5.29,-13.06,-8.93,True,-5.29,-21.98,-18.43,True,-5.29,-31.49,-23.72,True,-5.29,-40.17,-29.92,True
2026-07-07,2352.TW,2352,32.2,57.03,無特殊徵兆,➖ 中性/偏空,✅ 趨勢追蹤中，尚未觸發佈局點,7.22,1.07,3.32,False,7.22,-11.4,-8.09,True,7.22,-12.3,-7.94,True,7.22,-19.1,-10.25,True
2026-07-07,1609.TW,1609,39.8,60.86,無特殊徵兆,➖ 中性/偏空,✅ 趨勢追蹤中，尚未觸發佈局點,6.66,-2.26,-0.75,False,6.66,-5.65,-2.89,True,6.66,-10.55,-5.65,True,6.66,-19.35,-11.18,True
2026-07-07,2449.TW,京元電子,335.0,56.52,無特殊徵兆,➖ 中性/偏空,✅ 趨勢追蹤中，尚未觸發佈局點,-9.94,-14.75,-13.48,True,-9.09,-21.13,-17.44,True,-8.24,-26.79,-20.98,True,-8.24,-41.79,-26.72,True
2026-07-07,2408.TW,南亞科,409.5,51.75,無特殊徵兆,➖ 中性/偏空,✅ 趨勢追蹤中，尚未觸發佈局點,3.05,-4.52,-3.3,False,13.92,-4.52,9.4,False,19.54,-7.08,-1.1,True,19.54,-21.37,6.47,True
2026-07-07,2382.TW,廣達,377.0,57.58,無特殊徵兆,➖ 中性/偏空,✅ 趨勢追蹤中，尚未觸發佈局點,-3.2,-6.64,-4.09,True,-2.06,-6.64,-3.33,True,-2.06,-18.04,-14.06,True,-2.06,-25.99,-20.29,True
2026-07-07,1536.TW,和大,52.2,58.89,庫存動態防禦,➖ 中性/偏空,🛡️【洗盤耐受區】嚴禁攤平加碼，死守底線 (49.08)！,-1.72,-5.36,-4.21,True,9.58,-5.36,1.92,True,9.58,-8.72,-3.26,True,9.58,-14.18,-3.83,True
2026-07-07,1717.TW,長興,81.6,60.45,庫存動態防禦,➖ 中性/偏空,🛡️【洗盤耐受區】嚴禁攤平加碼，死守底線 (72.56)！,-3.8,-10.17,-6.0,True,-3.8,-18.38,-14.22,True,-3.8,-26.84,-22.55,True,-3.8,-35.29,-22.06,True
2026-07-07,2231.TW,為升,118.5,71.58,庫存動態防禦,➖ 中性/偏空,🔥【獲利巡航】獲利奔跑中，防禦線上移至 96.65！,2.03,-5.53,-3.01,True,3.29,-6.79,-2.17,True,7.49,-10.57,-5.95,True,7.49,-27.53,-20.9,True
2026-07-07,3019.TW,亞光,152.0,54.71,庫存動態防禦,➖ 中性/偏空,🛡️【洗盤耐受區】嚴禁攤平加碼，死守底線 (137.75)！,-4.28,-6.25,-4.61,True,0.66,-9.54,-5.59,True,0.66,-18.09,-9.54,True,0.66,-22.37,-13.82,True
2026-07-07,0050.TW,元大台灣50,108.25,58.34,庫存動態防禦,➖ 中性/偏空,🛡️【洗盤耐受區】嚴禁攤平加碼，死守底線 (103.67)！,-2.12,-3.54,-2.62,False,-1.25,-6.11,-4.14,True,-1.25,-9.74,-5.31,True,-1.25,-15.2,-7.02,True
2026-07-07,1304.TW,台聚,15.5,70.06,🚀 首次突破20日高點 [帶突破缺口 5.0%],➖ 中性/偏空,⚡【初升段起漲】放量突破關鍵價位，小注試單！,-6.23,-12.61,-11.97,True,-6.23,-15.8,-13.56,True,-6.23,-18.03,-17.07,True,-6.23,-29.68,-26.45,True
2026-07-07,1305.TW,華夏,14.85,67.77,🚀 首次突破20日高點 [帶突破缺口 1.1%],➖ 中性/偏空,⚡【初升段起漲】放量突破關鍵價位，小注試單！,-7.13,-12.15,-11.81,True,-7.13,-17.16,-15.15,True,-7.13,-18.49,-16.82,True,-7.13,-28.62,-24.92,True
2026-07-07,1312.TW,國喬,15.1,68.26,無特殊徵兆,➖ 中性/偏空,✅ 趨勢追蹤中，尚未觸發佈局點,-5.96,-9.93,-9.6,True,-5.96,-14.9,-13.25,True,-5.96,-16.56,-12.25,True,-0.66,-28.48,-23.18,True
2026-07-07,8081.TW,致新,319.5,64.45,無特殊徵兆,➖ 中性/偏空,✅ 趨勢追蹤中，尚未觸發佈局點,-3.44,-9.39,-7.51,True,-3.44,-20.97,-17.37,True,-3.44,-28.33,-22.69,True,-3.44,-28.33,-20.5,True
2026-07-07,1609.TW,大亞,39.8,60.86,無特殊徵兆,➖ 中性/偏空,✅ 趨勢追蹤中，尚未觸發佈局點,6.66,-2.26,-0.75,False,6.66,-5.65,-2.89,True,6.66,-10.55,-5.65,True,6.66,-19.35,-11.18,True
2026-07-07,2303.TW,聯電,170.5,66.21,無特殊徵兆,➖ 中性/偏空,✅ 趨勢追蹤中，尚未觸發佈局點,-4.4,-12.61,-4.4,True,-4.4,-17.89,-11.44,True,-1.47,-26.39,-21.11,True,-1.47,-39.88,-30.5,True
2026-07-07,2317.TW,鴻海,240.5,42.02,無特殊徵兆,➖ 中性/偏空,✅ 趨勢追蹤中，尚未觸發佈局點,0.0,-2.7,-1.25,False,0.83,-4.37,-2.08,False,2.7,-4.37,2.29,False,7.9,-5.82,3.95,True
2026-07-07,2324.TW,仁寶,34.95,46.76,無特殊徵兆,➖ 中性/偏空,✅ 趨勢追蹤中，尚未觸發佈局點,1.57,-0.29,1.57,False,9.3,-0.72,1.72,False,9.3,-3.58,3.0,False,9.3,-5.01,5.87,True
2026-07-07,2330.TW,台積電,2445.0,57.15,無特殊徵兆,➖ 中性/偏空,✅ 趨勢追蹤中，尚未觸發佈局點,0.82,-1.02,0.82,False,1.43,-2.25,-1.02,False,1.43,-6.34,-1.43,True,1.43,-10.84,-5.11,True
2026-07-07,2344.TW,華邦電,184.5,51.64,無特殊徵兆,➖ 中性/偏空,✅ 趨勢追蹤中，尚未觸發佈局點,-1.63,-10.57,-8.67,True,-0.27,-15.45,-10.84,True,-0.27,-20.87,-15.72,True,-0.27,-36.59,-14.91,True
2026-07-07,2352.TW,佳士達,32.2,57.03,無特殊徵兆,➖ 中性/偏空,✅ 趨勢追蹤中，尚未觸發佈局點,7.22,1.07,3.32,False,7.22,-11.4,-8.09,True,7.22,-12.3,-7.94,True,7.22,-19.1,-10.25,True
2026-07-07,2353.TW,宏碁,32.9,48.8,無特殊徵兆,➖ 中性/偏空,✅ 趨勢追蹤中，尚未觸發佈局點,0.61,-2.74,-1.82,False,2.58,-9.12,-6.53,True,2.58,-12.92,-8.21,True,2.58,-15.96,-11.7,True
2026-07-07,2356.TW,英業達,67.6,54.97,無特殊徵兆,➖ 中性/偏空,✅ 趨勢追蹤中，尚未觸發佈局點,-3.43,-8.87,-5.15,True,4.31,-12.74,-8.73,True,4.31,-15.83,-11.09,True,4.31,-15.98,-2.37,True
2026-07-07,2371.TW,大同,28.0,47.75,無特殊徵兆,➖ 中性/偏空,✅ 趨勢追蹤中，尚未觸發佈局點,-1.61,-4.29,-3.57,False,1.07,-4.29,-2.86,False,1.07,-9.11,-4.82,True,1.07,-16.79,-9.82,True
2026-07-07,1605.TW,華新,36.25,48.35,無特殊徵兆,➖ 中性/偏空,✅ 趨勢追蹤中，尚未觸發佈局點,-1.66,-5.93,-3.86,True,-1.66,-11.03,-8.28,True,-1.66,-14.21,-9.1,True,-1.66,-21.79,-6.9,True
2026-07-07,1504.TW,1504,70.0,49.8,無特殊徵兆,➖ 中性/偏空,✅ 趨勢追蹤中，尚未觸發佈局點,1.86,-3.0,-2.0,False,1.86,-11.71,-9.14,True,2.14,-11.71,-4.0,True,2.14,-14.29,-6.57,True
2026-07-07,2379.TW,瑞昱,783.0,56.83,無特殊徵兆,➖ 中性/偏空,✅ 趨勢追蹤中，尚未觸發佈局點,7.92,1.92,4.34,False,8.3,-5.36,-3.7,True,8.3,-12.01,-3.83,True,8.3,-16.35,-7.66,True
2026-07-07,1609.TW,1609,39.8,60.86,無特殊徵兆,➖ 中性/偏空,✅ 趨勢追蹤中，尚未觸發佈局點,6.66,-2.26,-0.75,False,6.66,-5.65,-2.89,True,6.66,-10.55,-5.65,True,6.66,-19.35,-11.18,True
2026-07-07,2379.TW,瑞昱,795.0,57.71,無特殊徵兆,➖ 中性/偏空,✅ 趨勢追蹤中，尚未觸發佈局點,6.29,0.38,2.77,False,6.67,-6.79,-5.16,True,6.67,-13.33,-5.28,True,6.67,-17.61,-9.06,True
2026-07-07,2382.TW,廣達,377.5,57.71,無特殊徵兆,➖ 中性/偏空,✅ 趨勢追蹤中，尚未觸發佈局點,-3.33,-6.76,-4.22,True,-2.19,-6.76,-3.46,True,-2.19,-18.15,-14.17,True,-2.19,-26.09,-20.4,True
2026-07-07,2408.TW,南亞科,422.0,54.25,無特殊徵兆,➖ 中性/偏空,✅ 趨勢追蹤中，尚未觸發佈局點,0.0,-7.35,-6.16,True,10.55,-7.35,6.16,True,16.0,-9.83,-4.03,True,16.0,-23.7,3.32,True
2026-07-07,2454.TW,聯發科,4175.0,51.55,無特殊徵兆,➖ 中性/偏空,✅ 趨勢追蹤中，尚未觸發佈局點,-3.23,-5.27,-4.31,True,-1.92,-15.81,-12.34,True,-1.92,-22.4,-12.1,True,-1.92,-28.38,-7.43,True
2026-07-07,2637.TW,慧洋,78.5,61.07,無特殊徵兆,➖ 中性/偏空,✅ 趨勢追蹤中，尚未觸發佈局點,13.12,10.57,12.1,False,13.12,6.88,12.99,False,,,,False,,,,False
2026-07-07,2883.TW,凱基金,29.35,66.18,無特殊徵兆,➖ 中性/偏空,✅ 趨勢追蹤中，尚未觸發佈局點,6.3,3.58,4.6,False,6.3,-1.53,0.51,False,6.3,-1.53,1.19,False,6.64,-3.41,4.09,False
2026-07-07,2887.TW,台新金,34.75,78.77,無特殊徵兆,➖ 中性/偏空,✅ 趨勢追蹤中，尚未觸發佈局點,-0.38,-2.59,-0.79,False,4.47,-4.8,-1.9,False,4.47,-5.08,-0.14,True,4.47,-8.35,2.3,True
2026-07-07,3037.TW,欣興,891.0,44.05,無特殊徵兆,➖ 中性/偏空,✅ 趨勢追蹤中，尚未觸發佈局點,-1.01,-5.39,-3.14,True,6.4,-7.3,-1.91,True,7.74,-16.16,-7.41,True,7.74,-26.71,3.7,True
2026-07-07,3163.TWO,波若威,822.0,45.23,無特殊徵兆,➖ 中性/偏空,✅ 趨勢追蹤中，尚未觸發佈局點,-15.85,-23.6,-19.78,True,-15.85,-30.1,-25.76,True,-15.85,-39.39,-31.44,True,-15.65,-40.88,-20.07,True
2026-07-07,3324.TWO,雙鴻,1010.0,46.52,無特殊徵兆,➖ 中性/偏空,✅ 趨勢追蹤中，尚未觸發佈局點,-4.95,-10.5,-8.42,True,-4.95,-18.91,-14.46,True,-4.95,-18.91,-8.32,True,-1.98,-19.8,-6.53,True
2026-07-07,3714.TW,富采,64.5,48.21,無特殊徵兆,➖ 中性/偏空,✅ 趨勢追蹤中，尚未觸發佈局點,-2.79,-6.51,-4.03,True,1.4,-11.63,-8.06,True,1.4,-23.33,-18.91,True,1.4,-30.93,-16.74,True
2026-07-07,6239.TW,力成,350.0,57.99,無特殊徵兆,➖ 中性/偏空,✅ 趨勢追蹤中，尚未觸發佈局點,-9.5,-13.42,-10.9,True,-6.97,-19.58,-14.82,True,-6.97,-26.03,-23.79,True,-6.97,-40.0,-26.71,True
2026-07-07,6269.TW,台郡,66.7,45.25,無特殊徵兆,➖ 中性/偏空,✅ 趨勢追蹤中，尚未觸發佈局點,-4.2,-6.9,-4.5,True,-3.0,-13.04,-10.04,True,-3.0,-22.34,-16.19,True,-3.0,-31.03,-15.89,True
2026-07-07,6415.TW,矽力-KY,615.0,55.68,無特殊徵兆,➖ 中性/偏空,✅ 趨勢追蹤中，尚未觸發佈局點,-6.83,-14.47,-10.41,True,-6.83,-23.25,-19.76,True,-6.83,-32.6,-24.96,True,-6.83,-41.14,-31.06,True
2026-07-07,3708.TW,3708,110.5,50.47,無特殊徵兆,➖ 中性/偏空,✅ 趨勢追蹤中，尚未觸發佈局點,0.9,-4.98,-4.07,False,0.9,-9.95,-8.6,True,0.9,-14.93,-10.05,True,0.9,-22.53,-14.57,True
2026-07-07,3231.TW,緯創,158.0,50.59,無特殊徵兆,➖ 中性/偏空,✅ 趨勢追蹤中，尚未觸發佈局點,-3.8,-8.23,-7.28,True,-3.8,-12.03,-9.81,True,-3.8,-12.03,-5.38,True,25.32,-12.03,23.42,True
2026-07-07,2371.TW,大同,28.45,51.33,無特殊徵兆,➖ 中性/偏空,✅ 趨勢追蹤中，尚未觸發佈局點,-3.16,-5.8,-5.1,True,-0.53,-5.8,-4.39,True,-0.53,-10.54,-6.33,True,-0.53,-18.1,-11.25,True
2026-07-07,2353.TW,宏碁,32.9,48.85,無特殊徵兆,➖ 中性/偏空,✅ 趨勢追蹤中，尚未觸發佈局點,0.61,-2.74,-1.82,False,2.58,-9.12,-6.53,True,2.58,-12.92,-8.21,True,2.58,-15.96,-11.7,True
2026-07-07,2356.TW,英業達,67.6,54.85,無特殊徵兆,➖ 中性/偏空,✅ 趨勢追蹤中，尚未觸發佈局點,-3.43,-8.87,-5.15,True,4.31,-12.74,-8.73,True,4.31,-15.83,-11.09,True,4.31,-15.98,-2.37,True
2026-07-07,1536.TW,和大,54.2,64.25,庫存動態防禦,➖ 中性/偏空,🔥【獲利巡航】獲利奔跑中，防禦線上移至 49.52！,-5.35,-8.86,-7.75,True,5.54,-8.86,-1.85,True,5.54,-12.08,-6.83,True,5.54,-17.34,-7.38,True
2026-07-07,1717.TW,長興,85.3,64.21,庫存動態防禦,➖ 中性/偏空,🛡️【洗盤耐受區】嚴禁攤平加碼，死守底線 (73.66)！,-7.97,-14.07,-10.08,True,-7.97,-21.92,-17.94,True,-7.97,-30.01,-25.91,True,-7.97,-38.1,-25.44,True
2026-07-07,2231.TW,為升,123.0,73.82,庫存動態防禦,➖ 中性/偏空,🔥【獲利巡航】獲利奔跑中，防禦線上移至 99.20！,-1.7,-8.98,-6.56,True,-0.49,-10.2,-5.75,True,3.55,-13.84,-9.39,True,3.55,-30.18,-23.79,True
2026-07-07,3019.TW,亞光,152.5,55.08,庫存動態防禦,➖ 中性/偏空,🛡️【洗盤耐受區】嚴禁攤平加碼，死守底線 (140.22)！,-4.59,-6.56,-4.92,True,0.33,-9.84,-5.9,True,0.33,-18.36,-9.84,True,0.33,-22.62,-14.1,True
2026-07-07,0050.TW,元大台灣50,108.25,58.34,庫存動態防禦,➖ 中性/偏空,🛡️【洗盤耐受區】嚴禁攤平加碼，死守底線 (103.67)！,-2.12,-3.54,-2.62,False,-1.25,-6.11,-4.14,True,-1.25,-9.74,-5.31,True,-1.25,-15.2,-7.02,True
2026-07-07,1304.TW,台聚,14.5,58.68,無特殊徵兆,➖ 中性/偏空,✅ 趨勢追蹤中，尚未觸發佈局點,0.24,-6.58,-5.9,True,0.24,-9.99,-7.6,True,0.24,-12.38,-11.35,True,0.24,-24.83,-21.38,True
2026-07-07,1312.TW,國喬,14.1,55.8,無特殊徵兆,➖ 中性/偏空,✅ 趨勢追蹤中，尚未觸發佈局點,0.71,-3.55,-3.19,False,0.71,-8.87,-7.09,True,0.71,-10.64,-6.03,True,6.38,-23.4,-17.73,True
2026-07-07,2303.TW,聯電,167.0,62.8,無特殊徵兆,➖ 中性/偏空,✅ 趨勢追蹤中，尚未觸發佈局點,-2.4,-10.78,-2.4,True,-2.4,-16.17,-9.58,True,0.6,-24.85,-19.46,True,0.6,-38.62,-29.04,True
2026-07-07,1605.TW,華新,36.7,49.84,無特殊徵兆,➖ 中性/偏空,✅ 趨勢追蹤中，尚未觸發佈局點,-2.86,-7.08,-5.04,True,-2.86,-12.13,-9.4,True,-2.86,-15.26,-10.22,True,-2.86,-22.75,-8.04,True
2026-07-07,2317.TW,鴻海,242.5,43.89,無特殊徵兆,➖ 中性/偏空,✅ 趨勢追蹤中，尚未觸發佈局點,-0.82,-3.51,-2.06,False,0.0,-5.15,-2.89,True,1.86,-5.15,1.44,True,7.01,-6.6,3.09,True
2026-07-07,2324.TW,仁寶,35.9,50.4,無特殊徵兆,➖ 中性/偏空,✅ 趨勢追蹤中，尚未觸發佈局點,-1.11,-2.92,-1.11,False,6.41,-3.34,-0.97,False,6.41,-6.13,0.28,True,6.41,-7.52,3.06,True
2026-07-07,2330.TW,台積電,2485.0,60.26,無特殊徵兆,➖ 中性/偏空,✅ 趨勢追蹤中，尚未觸發佈局點,-0.8,-2.62,-0.8,False,-0.2,-3.82,-2.62,False,-0.2,-7.85,-3.02,True,-0.2,-12.27,-6.64,True
2026-07-07,1301.TW,台塑,59.4,63.12,無特殊徵兆,➖ 中性/偏空,✅ 趨勢追蹤中，尚未觸發佈局點,-1.52,-4.88,-2.36,False,7.07,-7.91,7.07,True,15.49,-7.91,6.06,True,17.51,-10.94,-6.9,True
2026-07-08,3163.TWO,波若威,776.0,42.17,無特殊徵兆,➖ 中性/偏空,✅ 趨勢追蹤中，尚未觸發佈局點,-14.14,-18.41,-18.41,True,-14.14,-25.96,-17.54,True,-14.14,-35.8,-20.16,True,-6.96,-37.37,-6.96,True
2026-07-08,3714.TW,富采,62.2,44.93,無特殊徵兆,➖ 中性/偏空,✅ 趨勢追蹤中，尚未觸發佈局點,5.14,-1.77,2.41,False,5.14,-8.36,-2.73,True,5.14,-20.5,-13.5,True,5.14,-28.38,-11.41,True
2026-07-08,3037.TW,欣興,860.0,42.38,無特殊徵兆,➖ 中性/偏空,✅ 趨勢追蹤中，尚未觸發佈局點,7.56,0.81,1.74,False,11.63,-3.95,8.84,False,11.63,-13.14,5.47,True,17.44,-24.07,12.67,True
2026-07-08,6116.TW,彩晶,17.5,51.3,無特殊徵兆,➖ 中性/偏空,✅ 趨勢追蹤中，尚未觸發佈局點,1.43,-2.57,-1.71,False,1.43,-13.43,-4.57,True,1.43,-20.86,-16.29,True,1.43,-34.0,-18.86,True
2026-07-08,6239.TW,力成,321.5,48.81,無特殊徵兆,➖ 中性/偏空,✅ 趨勢追蹤中，尚未觸發佈局點,1.27,-3.3,-2.39,False,1.27,-12.46,-4.22,True,1.27,-19.47,-10.32,True,1.27,-34.68,-20.22,True
2026-07-08,6269.TW,台郡,62.8,41.11,無特殊徵兆,➖ 中性/偏空,✅ 趨勢追蹤中，尚未觸發佈局點,3.03,-0.48,-0.48,False,3.03,-7.64,-1.91,True,3.03,-17.52,-7.64,True,3.03,-26.75,-1.75,True
2026-07-08,2887.TW,台新金,35.7,81.4,無特殊徵兆,➖ 中性/偏空,✅ 趨勢追蹤中，尚未觸發佈局點,0.07,-2.22,-0.74,False,1.69,-7.34,-2.62,True,1.69,-7.61,-3.08,True,1.69,-10.78,0.0,True
2026-07-08,0050.TW,元大台灣50,106.05,52.76,庫存動態防禦,➖ 中性/偏空,🛡️【洗盤耐受區】嚴禁攤平加碼，死守底線 (100.67)！,0.29,-1.17,-0.84,False,0.8,-4.17,-0.37,False,0.8,-7.87,-2.07,True,0.8,-13.44,-2.12,True
2026-07-08,2886.TW,兆豐金,47.05,70.24,無特殊徵兆,➖ 中性/偏空,✅ 趨勢追蹤中，尚未觸發佈局點,-3.39,-4.93,-4.31,False,-3.08,-6.15,-5.74,True,0.5,-6.15,-1.24,True,10.03,-6.15,4.91,True
2026-07-08,2353.TW,宏碁,32.4,47.18,無特殊徵兆,➖ 中性/偏空,✅ 趨勢追蹤中，尚未觸發佈局點,4.17,0.31,0.31,False,4.17,-7.72,-4.17,True,4.17,-11.57,-5.71,True,4.17,-14.66,-6.64,True
2026-07-08,2344.TW,華邦電,181.0,50.21,無特殊徵兆,➖ 中性/偏空,✅ 趨勢追蹤中，尚未觸發佈局點,1.66,-6.08,-2.49,True,1.66,-13.81,-0.28,True,1.66,-19.34,-5.52,True,1.66,-35.36,-6.63,True
2026-07-08,2356.TW,英業達,66.9,52.94,無特殊徵兆,➖ 中性/偏空,✅ 趨勢追蹤中，尚未觸發佈局點,5.4,-1.69,1.06,False,5.4,-11.83,-8.67,True,5.4,-14.95,-7.77,True,5.4,-15.1,-1.79,True
2026-07-08,2371.TW,大同,27.5,44.67,無特殊徵兆,➖ 中性/偏空,✅ 趨勢追蹤中，尚未觸發佈局點,1.09,-1.64,0.73,False,2.91,-2.18,-0.91,False,2.91,-7.45,-4.0,True,2.91,-15.27,-7.27,True
2026-07-08,2883.TW,凱基金,30.8,72.09,無特殊徵兆,➖ 中性/偏空,✅ 趨勢追蹤中，尚未觸發佈局點,0.49,-3.41,-2.44,False,0.65,-6.17,-2.11,True,0.65,-6.17,-1.14,True,3.08,-7.95,2.6,True
2026-07-08,2379.TW,瑞昱,820.0,60.29,無特殊徵兆,➖ 中性/偏空,✅ 趨勢追蹤中，尚未觸發佈局點,3.41,-1.1,2.44,False,3.41,-9.63,-8.17,True,3.41,-15.98,-9.39,True,3.41,-20.12,-8.41,True
2026-07-08,2408.TW,南亞科,421.0,53.83,無特殊徵兆,➖ 中性/偏空,✅ 趨勢追蹤中，尚未觸發佈局點,3.44,-2.02,3.44,False,16.27,-2.02,14.25,False,16.27,-9.62,5.82,True,16.27,-23.52,5.7,True
2026-07-08,2409.TW,友達,30.15,56.77,無特殊徵兆,➖ 中性/偏空,✅ 趨勢追蹤中，尚未觸發佈局點,5.48,-4.14,2.55,False,5.97,-13.59,-7.72,True,5.97,-19.95,-15.88,True,5.97,-28.27,-18.91,True
2026-07-08,2454.TW,聯發科,4000.0,47.12,無特殊徵兆,➖ 中性/偏空,✅ 趨勢追蹤中，尚未觸發佈局點,1.25,-1.88,-1.88,False,2.38,-12.12,-6.5,True,2.38,-19.0,-3.75,True,3.12,-25.25,0.0,True
2026-07-08,2382.TW,廣達,380.0,58.34,無特殊徵兆,➖ 中性/偏空,✅ 趨勢追蹤中，尚未觸發佈局點,-3.97,-5.73,-5.73,True,-2.83,-7.12,-3.84,True,-2.83,-18.68,-13.42,True,-2.83,-26.58,-20.0,True
2026-07-08,1536.TW,和大,50.0,49.83,庫存動態防禦,➖ 中性/偏空,🩸【戰術撤離】跌破防守底線 (46.04)，無條件停損變現！,10.0,0.6,10.0,False,14.4,0.6,6.4,False,14.4,-4.7,4.6,False,14.4,-10.4,3.2,True
2026-07-08,8016.TW,8016,347.0,66.53,無特殊徵兆,➖ 中性/偏空,✅ 趨勢追蹤中，尚未觸發佈局點,8.5,1.15,4.61,False,8.5,-14.7,-12.97,True,8.5,-22.91,-13.69,True,8.5,-27.67,-15.71,True
2026-07-08,1536.TW,和大,49.85,49.35,庫存動態防禦,➖ 中性/偏空,🩸【戰術撤離】跌破防守底線 (45.89)，無條件停損變現！,10.33,0.9,10.33,False,14.74,0.9,6.72,False,14.74,-4.41,4.91,False,14.74,-10.13,3.51,True
2026-07-08,1717.TW,長興,76.1,50.91,庫存動態防禦,➖ 中性/偏空,🩸【戰術撤離】跌破防守底線 (65.78)，無條件停損變現！,1.71,-3.15,-3.02,False,1.71,-12.48,-6.04,True,1.71,-21.55,-17.74,True,1.71,-30.62,-12.61,True
2026-07-08,2231.TW,為升,113.0,59.62,庫存動態防禦,➖ 中性/偏空,🔥【獲利巡航】獲利奔跑中，防禦線上移至 99.31！,8.32,-2.25,-2.25,False,12.72,-2.25,11.4,False,12.72,-7.54,-7.54,True,12.72,-24.0,-17.84,True
2026-07-08,3019.TW,亞光,144.5,47.89,庫存動態防禦,➖ 中性/偏空,🛡️【洗盤耐受區】嚴禁攤平加碼，死守底線 (130.73)！,1.73,-0.69,-0.69,False,5.88,-4.84,0.0,False,5.88,-13.84,-3.81,True,5.88,-18.34,-7.27,True
2026-07-08,0050.TW,元大台灣50,105.8,52.16,庫存動態防禦,➖ 中性/偏空,🛡️【洗盤耐受區】嚴禁攤平加碼，死守底線 (100.42)！,0.52,-0.93,-0.6,False,1.04,-3.94,-0.14,False,1.04,-7.65,-1.84,True,1.04,-13.23,-1.89,True
2026-07-08,3413.TW,3413,338.0,58.9,無特殊徵兆,➖ 中性/偏空,✅ 趨勢追蹤中，尚未觸發佈局點,2.81,-1.04,-1.04,False,6.51,-7.4,2.96,True,13.46,-7.4,7.4,True,13.46,-17.31,-4.88,True
2026-07-08,3413.TW,3413,341.0,60.63,無特殊徵兆,➖ 中性/偏空,✅ 趨勢追蹤中，尚未觸發佈局點,1.91,-1.91,-1.91,False,5.57,-8.21,2.05,True,12.46,-8.21,6.45,True,12.46,-18.04,-5.72,True
2026-07-08,8016.TW,8016,351.5,69.11,無特殊徵兆,➖ 中性/偏空,✅ 趨勢追蹤中，尚未觸發佈局點,7.11,-0.14,3.27,False,7.11,-15.79,-14.08,True,7.11,-23.9,-14.79,True,7.11,-28.59,-16.79,True
2026-07-08,1717.TW,長興,76.7,51.65,庫存動態防禦,➖ 中性/偏空,🩸【戰術撤離】跌破防守底線 (66.38)，無條件停損變現！,0.91,-3.91,-3.78,False,0.91,-13.17,-6.78,True,0.91,-22.16,-18.38,True,0.91,-31.16,-13.3,True
2026-07-08,2231.TW,為升,115.5,62.8,庫存動態防禦,➖ 中性/偏空,🔥【獲利巡航】獲利奔跑中，防禦線上移至 99.85！,5.97,-4.37,-4.37,False,10.28,-4.37,8.99,False,10.28,-9.54,-9.54,True,10.28,-25.65,-19.62,True
2026-07-08,3019.TW,亞光,145.0,48.35,庫存動態防禦,➖ 中性/偏空,🛡️【洗盤耐受區】嚴禁攤平加碼，死守底線 (131.23)！,1.38,-1.03,-1.03,False,5.52,-5.17,-0.34,True,5.52,-14.14,-4.14,True,5.52,-18.62,-7.59,True
2026-07-08,2330.TW,台積電,2450.0,56.99,無特殊徵兆,➖ 中性/偏空,✅ 趨勢追蹤中，尚未觸發佈局點,0.41,-1.43,-1.43,False,1.22,-2.45,-0.41,False,1.22,-6.53,-2.04,True,1.22,-11.02,-1.84,True
2026-07-08,8016.TW,8016,351.5,69.11,無特殊徵兆,➖ 中性/偏空,✅ 趨勢追蹤中，尚未觸發佈局點,7.11,-0.14,3.27,False,7.11,-15.79,-14.08,True,7.11,-23.9,-14.79,True,7.11,-28.59,-16.79,True
2026-07-08,8016.TW,8016,347.0,66.53,無特殊徵兆,➖ 中性/偏空,✅ 趨勢追蹤中，尚未觸發佈局點,8.5,1.15,4.61,False,8.5,-14.7,-12.97,True,8.5,-22.91,-13.69,True,8.5,-27.67,-15.71,True
2026-07-08,0050.TW,元大台灣50,105.65,51.89,庫存動態防禦,➖ 中性/偏空,🛡️【洗盤耐受區】嚴禁攤平加碼，死守底線 (100.28)！,0.67,-0.79,-0.46,False,1.18,-3.8,0.01,False,1.18,-7.52,-1.7,True,1.18,-13.11,-1.75,True
2026-07-08,8016.TW,8016,337.5,61.66,無特殊徵兆,➖ 中性/偏空,✅ 趨勢追蹤中，尚未觸發佈局點,11.56,4.0,7.56,False,11.56,-12.3,-10.52,True,11.56,-20.74,-11.26,True,11.56,-25.63,-13.33,True
2026-07-08,1536.TW,和大,49.6,48.59,庫存動態防禦,➖ 中性/偏空,🩸【戰術撤離】跌破防守底線 (45.64)，無條件停損變現！,10.89,1.41,10.89,False,15.32,1.41,7.26,False,15.32,-3.93,5.44,False,15.32,-9.68,4.03,True
2026-07-08,1717.TW,長興,74.1,48.57,庫存動態防禦,➖ 中性/偏空,🩸【戰術撤離】跌破防守底線 (63.88)，無條件停損變現！,4.45,-0.54,-0.4,False,4.45,-10.12,-3.51,True,4.45,-19.43,-15.52,True,4.45,-28.74,-10.26,True
2026-07-08,2231.TW,為升,116.0,63.47,庫存動態防禦,➖ 中性/偏空,🔥【獲利巡航】獲利奔跑中，防禦線上移至 99.88！,5.51,-4.78,-4.78,False,9.8,-4.78,8.52,False,9.8,-9.93,-9.93,True,9.8,-25.97,-19.96,True
2026-07-08,3019.TW,亞光,144.0,47.42,庫存動態防禦,➖ 中性/偏空,🛡️【洗盤耐受區】嚴禁攤平加碼，死守底線 (130.23)！,2.08,-0.35,-0.35,False,6.25,-4.51,0.35,False,6.25,-13.54,-3.47,True,6.25,-18.06,-6.94,True
2026-07-08,0050.TW,元大台灣50,105.35,51.24,庫存動態防禦,➖ 中性/偏空,🛡️【洗盤耐受區】嚴禁攤平加碼，死守底線 (99.98)！,0.95,-0.51,-0.18,False,1.47,-3.53,0.29,False,1.47,-7.26,-1.42,True,1.47,-12.86,-1.47,True
2026-07-08,3413.TW,3413,342.5,61.54,無特殊徵兆,➖ 中性/偏空,✅ 趨勢追蹤中，尚未觸發佈局點,1.46,-2.34,-2.34,False,5.11,-8.61,1.61,True,11.97,-8.61,5.99,True,11.97,-18.39,-6.13,True
2026-07-08,8016.TW,8016,344.5,65.17,無特殊徵兆,➖ 中性/偏空,✅ 趨勢追蹤中，尚未觸發佈局點,9.29,1.89,5.37,False,9.29,-14.08,-12.34,True,9.29,-22.35,-13.06,True,9.29,-27.14,-15.09,True
2026-07-08,1536.TW,和大,49.5,48.29,庫存動態防禦,➖ 中性/偏空,🩸【戰術撤離】跌破防守底線 (45.54)，無條件停損變現！,11.11,1.62,11.11,False,15.56,1.62,7.47,False,15.56,-3.74,5.66,False,15.56,-9.49,4.24,True
2026-07-08,1717.TW,長興,75.3,49.94,庫存動態防禦,➖ 中性/偏空,🩸【戰術撤離】跌破防守底線 (64.98)，無條件停損變現！,2.79,-2.12,-1.99,False,2.79,-11.55,-5.05,True,2.79,-20.72,-16.87,True,2.79,-29.88,-11.69,True
2026-07-08,2231.TW,為升,113.0,59.62,庫存動態防禦,➖ 中性/偏空,🔥【獲利巡航】獲利奔跑中，防禦線上移至 99.39！,8.32,-2.25,-2.25,False,12.72,-2.25,11.4,False,12.72,-7.54,-7.54,True,12.72,-24.0,-17.84,True
2026-07-08,3019.TW,亞光,143.5,47.0,庫存動態防禦,➖ 中性/偏空,🛡️【洗盤耐受區】嚴禁攤平加碼，死守底線 (129.73)！,2.44,0.0,0.0,False,6.62,-4.18,0.7,False,6.62,-13.24,-3.14,True,6.62,-17.77,-6.62,True
2026-07-08,8016.TW,8016,344.5,65.17,無特殊徵兆,➖ 中性/偏空,✅ 趨勢追蹤中，尚未觸發佈局點,9.29,1.89,5.37,False,9.29,-14.08,-12.34,True,9.29,-22.35,-13.06,True,9.29,-27.14,-15.09,True
2026-07-08,2324.TW,仁寶,35.45,48.76,無特殊徵兆,➖ 中性/偏空,✅ 趨勢追蹤中，尚未觸發佈局點,6.21,1.83,3.24,False,7.76,-2.12,1.97,False,7.76,-4.94,2.12,False,7.76,-6.35,4.23,True
2026-07-08,2303.TW,聯電,156.0,55.99,無特殊徵兆,➖ 中性/偏空,✅ 趨勢追蹤中，尚未觸發佈局點,3.21,-1.28,0.0,False,6.41,-10.26,6.41,True,7.69,-19.55,-10.9,True,7.69,-34.29,-21.79,True
2026-07-08,3231.TW,緯創,158.0,50.59,無特殊徵兆,➖ 中性/偏空,✅ 趨勢追蹤中，尚未觸發佈局點,-6.33,-8.54,-8.54,True,-6.33,-12.03,-7.91,True,3.8,-12.03,3.8,True,28.16,-12.03,22.15,True
2026-07-08,3037.TW,欣興,917.0,46.23,無特殊徵兆,➖ 中性/偏空,✅ 趨勢追蹤中，尚未觸發佈局點,0.87,-5.45,-4.58,True,4.69,-9.92,2.07,True,4.69,-18.54,-1.09,True,10.14,-28.79,5.67,True
2026-07-08,2887.TW,台新金,34.3,77.34,無特殊徵兆,➖ 中性/偏空,✅ 趨勢追蹤中，尚未觸發佈局點,4.16,1.77,3.31,False,5.84,-3.55,1.35,False,5.84,-3.84,0.87,False,5.84,-7.14,4.08,True
2026-07-08,2883.TW,凱基金,29.0,64.43,無特殊徵兆,➖ 中性/偏空,✅ 趨勢追蹤中，尚未觸發佈局點,6.72,2.59,3.62,False,6.9,-0.34,3.97,False,6.9,-0.34,5.0,False,9.48,-2.24,8.97,False
2026-07-08,2454.TW,聯發科,4100.5,49.66,無特殊徵兆,➖ 中性/偏空,✅ 趨勢追蹤中，尚未觸發佈局點,-1.23,-4.28,-4.28,False,-0.13,-14.28,-8.79,True,-0.13,-20.99,-6.11,True,0.6,-27.08,-2.45,True
2026-07-08,2409.TW,友達,31.7,62.2,無特殊徵兆,➖ 中性/偏空,✅ 趨勢追蹤中，尚未觸發佈局點,0.32,-8.82,-2.47,True,0.79,-17.82,-12.24,True,0.79,-23.87,-19.99,True,0.79,-31.77,-22.87,True
2026-07-08,2379.TW,瑞昱,769.0,55.03,無特殊徵兆,➖ 中性/偏空,✅ 趨勢追蹤中，尚未觸發佈局點,10.27,5.46,9.23,False,10.27,-3.64,-2.08,False,10.27,-10.4,-3.38,True,10.27,-14.82,-2.34,True
2026-07-08,2356.TW,英業達,67.2,53.92,無特殊徵兆,➖ 中性/偏空,✅ 趨勢追蹤中，尚未觸發佈局點,4.93,-2.13,0.61,False,4.93,-12.22,-9.08,True,4.93,-15.33,-8.18,True,4.93,-15.48,-2.23,True
2026-07-08,2353.TW,宏碁,32.8,48.42,無特殊徵兆,➖ 中性/偏空,✅ 趨勢追蹤中，尚未觸發佈局點,2.9,-0.91,-0.91,False,2.9,-8.84,-5.34,True,2.9,-12.65,-6.86,True,2.9,-15.7,-7.77,True
2026-07-08,2352.TW,佳士達,35.4,66.16,🚀 首次突破20日高點 [帶突破缺口 2.5%],➖ 中性/偏空,⚡【初升段起漲】放量突破關鍵價位，小注試單！,-6.29,-9.85,-9.85,True,-6.29,-19.41,-13.94,True,-6.29,-20.23,-16.95,True,-6.29,-26.41,-19.63,True
2026-07-08,2344.TW,華邦電,183.0,50.95,無特殊徵兆,➖ 中性/偏空,✅ 趨勢追蹤中，尚未觸發佈局點,0.55,-7.1,-3.55,True,0.55,-14.75,-1.37,True,0.55,-20.22,-6.56,True,0.55,-36.07,-7.65,True
2026-07-08,2330.TW,台積電,2460.0,58.32,無特殊徵兆,➖ 中性/偏空,✅ 趨勢追蹤中，尚未觸發佈局點,0.0,-1.83,-1.83,False,0.81,-2.85,-0.81,False,0.81,-6.91,-2.44,True,0.81,-11.38,-2.24,True
2026-07-08,2324.TW,仁寶,35.7,49.63,無特殊徵兆,➖ 中性/偏空,✅ 趨勢追蹤中，尚未觸發佈局點,5.46,1.12,2.52,False,7.0,-2.8,1.26,False,7.0,-5.6,1.4,True,7.0,-7.0,3.5,True
2026-07-08,2317.TW,鴻海,242.0,43.41,無特殊徵兆,➖ 中性/偏空,✅ 趨勢追蹤中，尚未觸發佈局點,-0.83,-3.1,-1.86,False,0.21,-4.96,-1.24,False,7.02,-4.96,3.93,False,7.64,-6.4,6.82,True
2026-07-08,2303.TW,聯電,166.0,62.27,無特殊徵兆,➖ 中性/偏空,✅ 趨勢追蹤中，尚未觸發佈局點,-3.01,-7.23,-6.02,True,0.0,-15.66,0.0,True,1.2,-24.4,-16.27,True,1.2,-38.25,-26.51,True
2026-07-08,2317.TW,鴻海,240.0,42.89,無特殊徵兆,➖ 中性/偏空,✅ 趨勢追蹤中，尚未觸發佈局點,0.0,-2.29,-1.04,False,1.04,-4.17,-0.42,False,7.92,-4.17,4.79,False,8.54,-5.62,7.71,True
2026-07-08,1536.TW,和大,53.1,61.39,庫存動態防禦,➖ 中性/偏空,🔥【獲利巡航】獲利奔跑中，防禦線上移至 49.25！,3.58,-5.27,3.58,True,7.72,-5.27,0.19,True,7.72,-10.26,-1.51,True,7.72,-15.63,-2.82,True
2026-07-08,1717.TW,長興,85.4,64.4,庫存動態防禦,➖ 中性/偏空,🛡️【洗盤耐受區】嚴禁攤平加碼，死守底線 (72.96)！,-9.37,-13.7,-13.58,True,-9.37,-22.01,-16.28,True,-9.37,-30.09,-26.7,True,-9.37,-38.17,-22.13,True
2026-07-08,2231.TW,為升,123.5,74.69,庫存動態防禦,➖ 中性/偏空,🔥【獲利巡航】獲利奔跑中，防禦線上移至 97.80！,-0.89,-10.56,-10.56,True,3.14,-10.56,1.93,True,3.14,-15.4,-15.4,True,3.14,-30.46,-24.82,True
2026-07-08,3019.TW,亞光,151.5,54.22,庫存動態防禦,➖ 中性/偏空,🛡️【洗盤耐受區】嚴禁攤平加碼，死守底線 (138.04)！,-2.97,-5.28,-5.28,True,0.99,-9.24,-4.62,True,0.99,-17.82,-8.25,True,0.99,-22.11,-11.55,True
2026-07-08,0050.TW,元大台灣50,108.25,58.34,庫存動態防禦,➖ 中性/偏空,🛡️【洗盤耐受區】嚴禁攤平加碼，死守底線 (103.67)！,-1.75,-3.18,-2.85,False,-1.25,-6.11,-2.4,True,-1.25,-9.74,-4.06,True,-1.25,-15.2,-4.11,True
2026-07-08,3324.TWO,雙鴻,1010.0,46.52,無特殊徵兆,➖ 中性/偏空,✅ 趨勢追蹤中，尚未觸發佈局點,-6.73,-8.91,-8.91,True,-6.73,-18.91,-11.29,True,-6.14,-18.91,-10.1,True,-1.49,-19.8,-4.46,True
2026-07-08,1312.TW,國喬,14.15,56.35,無特殊徵兆,➖ 中性/偏空,✅ 趨勢追蹤中，尚未觸發佈局點,-2.47,-6.01,-4.59,True,-2.47,-9.19,-7.07,True,-1.41,-10.95,-2.47,True,6.01,-23.67,-14.49,True
2026-07-08,3042.TW,晶技,224.5,57.07,無特殊徵兆,➖ 中性/偏空,✅ 趨勢追蹤中，尚未觸發佈局點,-6.24,-11.8,-10.91,True,-6.24,-20.27,-15.59,True,-6.24,-31.63,-24.72,True,-6.24,-40.31,-21.16,True
2026-07-08,1301.TW,台塑,60.4,65.47,無特殊徵兆,➖ 中性/偏空,✅ 趨勢追蹤中，尚未觸發佈局點,-3.31,-9.44,-9.27,True,9.93,-9.44,8.77,True,13.58,-9.44,5.13,True,15.56,-12.42,-7.28,True
2026-07-08,1513.TW,中興電,178.5,58.34,無特殊徵兆,➖ 中性/偏空,✅ 趨勢追蹤中，尚未觸發佈局點,-5.32,-6.72,-5.6,True,-3.92,-10.92,-4.2,True,-3.92,-13.73,-8.96,True,-3.92,-18.49,-9.8,True
2026-07-08,3714.TW,富采,64.1,47.48,無特殊徵兆,➖ 中性/偏空,✅ 趨勢追蹤中，尚未觸發佈局點,2.03,-4.68,-0.62,False,2.03,-11.08,-5.62,True,2.03,-22.85,-16.07,True,2.03,-30.5,-14.04,True
2026-07-08,2408.TW,南亞科,419.15,53.72,無特殊徵兆,➖ 中性/偏空,✅ 趨勢追蹤中，尚未觸發佈局點,3.9,-1.59,3.9,False,16.78,-1.59,14.76,False,16.78,-9.22,6.29,True,16.78,-23.18,6.17,True
2026-07-08,6116.TW,彩晶,18.2,54.87,無特殊徵兆,➖ 中性/偏空,✅ 趨勢追蹤中，尚未觸發佈局點,-2.47,-6.32,-5.49,True,-2.47,-16.76,-8.24,True,-2.47,-23.9,-19.51,True,-2.47,-36.54,-21.98,True
2026-07-08,3042.TW,晶技,211.5,52.51,無特殊徵兆,➖ 中性/偏空,✅ 趨勢追蹤中，尚未觸發佈局點,-0.47,-6.38,-5.44,True,-0.47,-15.37,-10.4,True,-0.47,-27.42,-20.09,True,-0.47,-36.64,-16.31,True
2026-07-08,1301.TW,台塑,57.3,58.71,無特殊徵兆,➖ 中性/偏空,✅ 趨勢追蹤中，尚未觸發佈局點,1.92,-4.54,-4.36,False,15.88,-4.54,14.66,False,19.72,-4.54,10.82,False,21.82,-7.68,-2.27,True
2026-07-08,1312.TW,國喬,14.0,54.61,無特殊徵兆,➖ 中性/偏空,✅ 趨勢追蹤中，尚未觸發佈局點,-1.43,-5.0,-3.57,False,-1.43,-8.21,-6.07,True,-0.36,-10.0,-1.43,True,7.14,-22.86,-13.57,True
2026-07-08,1513.TW,中興電,176.0,54.07,無特殊徵兆,➖ 中性/偏空,✅ 趨勢追蹤中，尚未觸發佈局點,-3.98,-5.4,-4.26,True,-2.56,-9.66,-2.84,True,-2.56,-12.5,-7.67,True,-2.56,-17.33,-8.52,True
2026-07-08,1605.TW,華新,35.6,46.7,無特殊徵兆,➖ 中性/偏空,✅ 趨勢追蹤中，尚未觸發佈局點,-1.26,-3.65,-3.37,False,-0.42,-9.41,-1.69,True,-0.42,-12.64,-5.9,True,0.14,-20.37,-2.11,True
2026-07-08,1609.TW,大亞,41.65,61.69,無特殊徵兆,➖ 中性/偏空,✅ 趨勢追蹤中，尚未觸發佈局點,-3.48,-6.12,-6.12,True,-2.16,-9.84,-5.76,True,-2.16,-14.53,-9.36,True,-2.16,-22.93,-14.05,True
2026-07-08,1305.TW,華夏,13.8,54.84,無特殊徵兆,➖ 中性/偏空,✅ 趨勢追蹤中，尚未觸發佈局點,-4.02,-8.34,-7.98,True,-4.02,-10.85,-6.54,True,-4.02,-12.29,-8.7,True,-2.54,-23.19,-17.75,True
2026-07-08,0050.TW,元大台灣50,108.25,58.34,庫存動態防禦,➖ 中性/偏空,🛡️【洗盤耐受區】嚴禁攤平加碼，死守底線 (103.67)！,-1.75,-3.18,-2.85,False,-1.25,-6.11,-2.4,True,-1.25,-9.74,-4.06,True,-1.25,-15.2,-4.11,True
2026-07-08,1304.TW,台聚,14.6,58.71,無特殊徵兆,➖ 中性/偏空,✅ 趨勢追蹤中，尚未觸發佈局點,-4.85,-10.6,-9.25,True,-4.17,-10.6,-6.54,True,-2.48,-12.98,-9.59,True,-2.4,-25.34,-20.55,True
2026-07-08,6269.TW,台郡,66.7,45.25,無特殊徵兆,➖ 中性/偏空,✅ 趨勢追蹤中，尚未觸發佈局點,-3.0,-6.3,-6.3,True,-3.0,-13.04,-7.65,True,-3.0,-22.34,-13.04,True,-3.0,-31.03,-7.5,True
2026-07-08,8016.TW,8016,332.0,63.54,無特殊徵兆,➖ 中性/偏空,✅ 趨勢追蹤中，尚未觸發佈局點,13.4,5.72,9.34,False,13.4,-10.84,-9.04,True,13.4,-19.43,-9.79,True,13.4,-24.4,-11.9,True
2026-07-08,1536.TW,和大,51.0,53.21,庫存動態防禦,➖ 中性/偏空,🛡️【洗盤耐受區】嚴禁攤平加碼，死守底線 (47.59)！,7.84,-1.37,7.84,False,12.16,-1.37,4.31,False,12.16,-6.57,2.55,True,12.16,-12.16,1.18,True
2026-07-08,1717.TW,長興,77.1,52.16,庫存動態防禦,➖ 中性/偏空,🛡️【洗盤耐受區】嚴禁攤平加碼，死守底線 (68.26)！,0.39,-4.41,-4.28,False,0.39,-13.62,-7.26,True,0.39,-22.57,-18.81,True,0.39,-31.52,-13.75,True
2026-07-08,2231.TW,為升,118.0,64.98,庫存動態防禦,➖ 中性/偏空,🔥【獲利巡航】獲利奔跑中，防禦線上移至 99.98！,3.73,-6.39,-6.39,True,7.94,-6.39,6.68,True,7.94,-11.45,-11.45,True,7.94,-27.22,-21.32,True
2026-07-08,3019.TW,亞光,145.0,48.35,庫存動態防禦,➖ 中性/偏空,🛡️【洗盤耐受區】嚴禁攤平加碼，死守底線 (132.80)！,1.38,-1.03,-1.03,False,5.52,-5.17,-0.34,True,5.52,-14.14,-4.14,True,5.52,-18.62,-7.59,True
2026-07-09,1717.TW,長興,74.8,49.19,庫存動態防禦,➖ 中性/偏空,🩸【戰術撤離】跌破防守底線 (64.34)，無條件停損變現！,-1.34,-1.34,-1.34,False,1.87,-10.96,-5.35,True,1.87,-20.19,-16.98,True,1.87,-29.41,-11.5,True
2026-07-09,2231.TW,為升,112.0,58.12,庫存動態防禦,➖ 中性/偏空,🔥【獲利巡航】獲利奔跑中，防禦線上移至 96.91！,-1.38,-1.38,-1.38,False,13.73,-1.38,4.84,False,13.73,-14.62,-14.62,True,13.73,-23.32,-8.93,True
2026-07-09,2231.TW,為升,113.5,60.04,庫存動態防禦,➖ 中性/偏空,🔥【獲利巡航】獲利奔跑中，防禦線上移至 98.56！,-2.68,-2.68,-2.68,False,12.22,-2.68,3.46,False,12.22,-15.75,-15.75,True,12.22,-24.34,-10.13,True
2026-07-09,3019.TW,亞光,145.5,48.84,庫存動態防禦,➖ 中性/偏空,🛡️【洗盤耐受區】嚴禁攤平加碼，死守底線 (131.79)！,-1.37,-1.37,-1.37,False,5.15,-5.5,-2.75,True,5.15,-14.43,-6.19,True,5.15,-18.9,-9.62,True
2026-07-09,0050.TW,元大台灣50,106.4,53.57,庫存動態防禦,➖ 中性/偏空,🛡️【洗盤耐受區】嚴禁攤平加碼，死守底線 (101.02)！,-1.17,-1.17,-1.17,False,0.47,-4.48,-0.6,False,0.47,-8.17,-2.35,True,0.47,-13.72,-2.91,True
2026-07-09,3163.TWO,3163O,757.0,40.7,無特殊徵兆,➖ 中性/偏空,✅ 趨勢追蹤中，尚未觸發佈局點,-16.36,-16.36,-16.36,True,-14.23,-24.1,-18.83,True,-10.76,-34.19,-14.68,True,0.0,-35.8,-6.21,True
2026-07-09,1717.TW,長興,74.8,49.19,庫存動態防禦,➖ 中性/偏空,🩸【戰術撤離】跌破防守底線 (64.34)，無條件停損變現！,-1.34,-1.34,-1.34,False,1.87,-10.96,-5.35,True,1.87,-20.19,-16.98,True,1.87,-29.41,-11.5,True
2026-07-09,3019.TW,亞光,145.0,48.35,庫存動態防禦,➖ 中性/偏空,🛡️【洗盤耐受區】嚴禁攤平加碼，死守底線 (131.29)！,-1.03,-1.03,-1.03,False,5.52,-5.17,-2.41,True,5.52,-14.14,-5.86,True,5.52,-18.62,-9.31,True
2026-07-09,3163.TWO,3163O,754.0,40.47,無特殊徵兆,➖ 中性/偏空,✅ 趨勢追蹤中，尚未觸發佈局點,-16.03,-16.03,-16.03,True,-13.89,-23.8,-18.51,True,-10.4,-33.93,-14.34,True,0.4,-35.54,-5.84,True
2026-07-09,1717.TW,長興,73.8,47.99,庫存動態防禦,➖ 中性/偏空,🩸【戰術撤離】跌破防守底線 (63.34)，無條件停損變現！,0.0,0.0,0.0,False,3.25,-9.76,-4.07,True,3.25,-19.11,-15.85,True,3.25,-28.46,-10.3,True
2026-07-09,2231.TW,為升,111.0,56.91,庫存動態防禦,➖ 中性/偏空,🔥【獲利巡航】獲利奔跑中，防禦線上移至 95.77！,-0.49,-0.49,-0.49,False,14.75,-0.49,5.79,False,14.75,-13.85,-13.85,True,14.75,-22.63,-8.11,True
2026-07-09,3019.TW,亞光,143.5,47.01,庫存動態防禦,➖ 中性/偏空,🛡️【洗盤耐受區】嚴禁攤平加碼，死守底線 (129.72)！,0.0,0.0,0.0,False,6.62,-4.18,-1.39,False,6.62,-13.24,-4.88,True,6.62,-17.77,-8.36,True
2026-07-09,0050.TW,元大台灣50,105.8,52.11,庫存動態防禦,➖ 中性/偏空,🛡️【洗盤耐受區】嚴禁攤平加碼，死守底線 (100.41)！,-0.6,-0.6,-0.6,False,1.04,-3.94,-0.04,False,1.04,-7.65,-1.8,True,1.04,-13.23,-2.36,True
2026-07-09,2409.TW,2409,31.45,59.77,無特殊徵兆,➖ 中性/偏空,✅ 趨勢追蹤中，尚未觸發佈局點,-1.69,-1.69,-1.69,False,1.59,-17.16,-13.57,True,1.59,-23.26,-17.95,True,1.59,-31.23,-21.94,True
2026-07-09,0050.TW,元大台灣50,106.35,53.46,庫存動態防禦,➖ 中性/偏空,🛡️【洗盤耐受區】嚴禁攤平加碼，死守底線 (100.96)！,-1.12,-1.12,-1.12,False,0.52,-4.44,-0.56,False,0.52,-8.13,-2.3,True,0.52,-13.68,-2.87,True
2026-07-09,0050.TW,元大台灣50,105.95,52.52,庫存動態防禦,➖ 中性/偏空,🛡️【洗盤耐受區】嚴禁攤平加碼，死守底線 (100.64)！,-0.75,-0.75,-0.75,False,0.9,-4.08,-0.18,False,0.9,-7.78,-1.93,True,0.9,-13.36,-2.5,True
2026-07-09,2231.TW,為升,116.5,63.63,庫存動態防禦,➖ 中性/偏空,🔥【獲利巡航】獲利奔跑中，防禦線上移至 101.03！,-5.19,-5.19,-5.19,True,9.33,-5.19,0.79,True,9.33,-17.92,-17.92,True,9.33,-26.29,-12.45,True
2026-07-09,1536.TW,和大,51.2,53.94,庫存動態防禦,➖ 中性/偏空,🛡️【洗盤耐受區】嚴禁攤平加碼，死守底線 (47.39)！,7.42,7.42,7.42,False,11.72,1.37,3.12,False,11.72,-6.93,0.78,True,11.72,-12.5,-0.39,True
2026-07-09,1717.TW,長興,77.1,52.16,庫存動態防禦,➖ 中性/偏空,🛡️【洗盤耐受區】嚴禁攤平加碼，死守底線 (67.17)！,-4.28,-4.28,-4.28,False,-1.17,-13.62,-8.17,True,-1.17,-22.57,-19.46,True,-1.17,-31.52,-14.14,True
2026-07-09,2231.TW,為升,116.0,63.47,庫存動態防禦,➖ 中性/偏空,🔥【獲利巡航】獲利奔跑中，防禦線上移至 98.85！,-4.78,-4.78,-4.78,False,9.8,-4.78,1.23,False,9.8,-17.56,-17.56,True,9.8,-25.97,-12.07,True
2026-07-09,3019.TW,亞光,144.0,47.42,庫存動態防禦,➖ 中性/偏空,🛡️【洗盤耐受區】嚴禁攤平加碼，死守底線 (129.14)！,-0.35,-0.35,-0.35,False,6.25,-4.51,-1.74,False,6.25,-13.54,-5.21,True,6.25,-18.06,-8.68,True
2026-07-09,0050.TW,元大台灣50,106.2,53.13,庫存動態防禦,➖ 中性/偏空,🛡️【洗盤耐受區】嚴禁攤平加碼，死守底線 (100.83)！,-0.98,-0.98,-0.98,False,0.66,-4.3,-0.42,False,0.66,-8.0,-2.17,True,0.66,-13.56,-2.73,True
2026-07-09,3019.TW,亞光,145.0,48.35,庫存動態防禦,➖ 中性/偏空,🛡️【洗盤耐受區】嚴禁攤平加碼，死守底線 (131.29)！,-1.03,-1.03,-1.03,False,5.52,-5.17,-2.41,True,5.52,-14.14,-5.86,True,5.52,-18.62,-9.31,True
2026-07-09,1536.TW,和大,50.5,51.49,庫存動態防禦,➖ 中性/偏空,🩸【戰術撤離】跌破防守底線 (46.55)，無條件停損變現！,8.91,8.91,8.91,False,13.27,2.77,4.55,False,13.27,-5.64,2.18,True,13.27,-11.29,0.99,True
2026-07-09,1717.TW,長興,76.3,51.11,庫存動態防禦,➖ 中性/偏空,🩸【戰術撤離】跌破防守底線 (66.21)，無條件停損變現！,-3.28,-3.28,-3.28,False,-0.13,-12.71,-7.21,True,-0.13,-21.76,-18.61,True,-0.13,-30.8,-13.24,True
2026-07-09,2231.TW,為升,113.5,60.04,庫存動態防禦,➖ 中性/偏空,🔥【獲利巡航】獲利奔跑中，防禦線上移至 99.63！,-2.68,-2.68,-2.68,False,12.22,-2.68,3.46,False,12.22,-15.75,-15.75,True,12.22,-24.34,-10.13,True
2026-07-09,2395.TW,2395,496.5,53.36,無特殊徵兆,➖ 中性/偏空,✅ 趨勢追蹤中，尚未觸發佈局點,6.47,6.47,6.47,False,16.92,0.16,4.5,False,24.47,-0.6,20.85,False,35.35,-0.6,25.28,False
2026-07-09,0050.TW,元大台灣50,106.2,53.13,庫存動態防禦,➖ 中性/偏空,🛡️【洗盤耐受區】嚴禁攤平加碼，死守底線 (100.83)！,-0.98,-0.98,-0.98,False,0.66,-4.3,-0.42,False,0.66,-8.0,-2.17,True,0.66,-13.56,-2.73,True
2026-07-09,3163.TWO,3163O,761.0,41.0,無特殊徵兆,➖ 中性/偏空,✅ 趨勢追蹤中，尚未觸發佈局點,-16.8,-16.8,-16.8,True,-14.68,-24.5,-19.26,True,-11.23,-34.53,-15.13,True,-0.53,-36.14,-6.7,True
2026-07-09,1536.TW,和大,54.2,61.03,庫存動態防禦,➖ 中性/偏空,🔥【獲利巡航】獲利奔跑中，防禦線上移至 49.65！,1.48,1.48,1.48,False,5.54,-4.24,-2.58,False,5.54,-12.08,-4.8,True,5.54,-17.34,-5.9,True
2026-07-09,1717.TW,長興,75.7,50.33,庫存動態防禦,➖ 中性/偏空,🩸【戰術撤離】跌破防守底線 (65.47)，無條件停損變現！,-2.51,-2.51,-2.51,False,0.66,-12.02,-6.47,True,0.66,-21.14,-17.97,True,0.66,-30.25,-12.55,True
2026-07-09,2231.TW,為升,120.5,66.63,庫存動態防禦,➖ 中性/偏空,🔥【獲利巡航】獲利奔跑中，防禦線上移至 101.23！,-8.34,-8.34,-8.34,True,5.7,-8.34,-2.55,True,5.7,-20.64,-20.64,True,5.7,-28.73,-15.35,True
2026-07-09,3019.TW,亞光,145.0,48.35,庫存動態防禦,➖ 中性/偏空,🛡️【洗盤耐受區】嚴禁攤平加碼，死守底線 (131.50)！,-1.03,-1.03,-1.03,False,5.52,-5.17,-2.41,True,5.52,-14.14,-5.86,True,5.52,-18.62,-9.31,True
2026-07-09,0050.TW,元大台灣50,106.05,52.76,庫存動態防禦,➖ 中性/偏空,🛡️【洗盤耐受區】嚴禁攤平加碼，死守底線 (100.83)！,-0.84,-0.84,-0.84,False,0.8,-4.17,-0.28,False,0.8,-7.87,-2.03,True,0.8,-13.44,-2.59,True
2026-07-09,1717.TW,長興,74.9,49.32,庫存動態防禦,➖ 中性/偏空,🩸【戰術撤離】跌破防守底線 (64.59)，無條件停損變現！,-1.47,-1.47,-1.47,False,1.74,-11.08,-5.47,True,1.74,-20.29,-17.09,True,1.74,-29.51,-11.62,True
2026-07-09,3019.TW,亞光,144.5,47.89,庫存動態防禦,➖ 中性/偏空,🛡️【洗盤耐受區】嚴禁攤平加碼，死守底線 (131.15)！,-0.69,-0.69,-0.69,False,5.88,-4.84,-2.08,False,5.88,-13.84,-5.54,True,5.88,-18.34,-9.0,True
2026-07-10,1717.TW,長興,73.8,47.99,庫存動態防禦,➖ 中性/偏空,🩸【戰術撤離】跌破防守底線 (63.34)，無條件停損變現！,3.25,-2.71,-1.63,False,3.25,-13.14,-12.6,True,3.25,-19.11,-18.43,True,3.25,-28.46,-10.3,True
2026-07-10,1717.TW,長興,73.8,47.99,庫存動態防禦,➖ 中性/偏空,🩸【戰術撤離】跌破防守底線 (63.34)，無條件停損變現！,3.25,-2.71,-1.63,False,3.25,-13.14,-12.6,True,3.25,-19.11,-18.43,True,3.25,-28.46,-10.3,True
2026-07-10,0050.TW,元大台灣50,106.05,52.76,庫存動態防禦,➖ 中性/偏空,🛡️【洗盤耐受區】嚴禁攤平加碼，死守底線 (100.67)！,0.8,-0.93,-0.65,False,0.8,-6.28,-6.13,True,0.8,-7.87,-4.1,True,0.8,-13.44,-3.02,True
2026-07-10,3019.TW,亞光,143.5,47.01,庫存動態防禦,➖ 中性/偏空,🛡️【洗盤耐受區】嚴禁攤平加碼，死守底線 (129.72)！,6.62,1.74,2.79,False,6.62,-9.41,-8.71,True,6.62,-13.24,-7.67,True,6.62,-17.77,-9.76,True
2026-07-10,2231.TW,為升,111.0,56.91,庫存動態防禦,➖ 中性/偏空,🔥【獲利巡航】獲利奔跑中，防禦線上移至 95.77！,5.79,-0.04,2.2,False,14.75,-1.83,-1.83,False,14.75,-15.55,-13.58,True,14.75,-22.63,-11.43,True
2026-07-10,2409.TW,2409,31.45,59.77,無特殊徵兆,➖ 中性/偏空,✅ 趨勢追蹤中，尚未觸發佈局點,1.59,-8.72,-8.57,True,1.59,-20.13,-19.35,True,1.59,-23.26,-20.29,True,1.59,-31.23,-21.94,True
2026-07-10,3019.TW,亞光,143.5,47.01,庫存動態防禦,➖ 中性/偏空,🛡️【洗盤耐受區】嚴禁攤平加碼，死守底線 (129.72)！,6.62,1.74,2.79,False,6.62,-9.41,-8.71,True,6.62,-13.24,-7.67,True,6.62,-17.77,-9.76,True
2026-07-10,2409.TW,2409,31.45,59.77,無特殊徵兆,➖ 中性/偏空,✅ 趨勢追蹤中，尚未觸發佈局點,1.59,-8.72,-8.57,True,1.59,-20.13,-19.35,True,1.59,-23.26,-20.29,True,1.59,-31.23,-21.94,True
2026-07-10,2409.TW,2409,31.45,59.77,無特殊徵兆,➖ 中性/偏空,✅ 趨勢追蹤中，尚未觸發佈局點,1.59,-8.72,-8.57,True,1.59,-20.13,-19.35,True,1.59,-23.26,-20.29,True,1.59,-31.23,-21.94,True
2026-07-10,1717.TW,長興,73.8,47.99,庫存動態防禦,➖ 中性/偏空,🩸【戰術撤離】跌破防守底線 (63.34)，無條件停損變現！,3.25,-2.71,-1.63,False,3.25,-13.14,-12.6,True,3.25,-19.11,-18.43,True,3.25,-28.46,-10.3,True
2026-07-10,2231.TW,為升,111.0,56.91,庫存動態防禦,➖ 中性/偏空,🔥【獲利巡航】獲利奔跑中，防禦線上移至 95.77！,5.79,-0.04,2.2,False,14.75,-1.83,-1.83,False,14.75,-15.55,-13.58,True,14.75,-22.63,-11.43,True
2026-07-10,3019.TW,亞光,143.5,47.01,庫存動態防禦,➖ 中性/偏空,🛡️【洗盤耐受區】嚴禁攤平加碼，死守底線 (129.72)！,6.62,1.74,2.79,False,6.62,-9.41,-8.71,True,6.62,-13.24,-7.67,True,6.62,-17.77,-9.76,True
2026-07-10,0050.TW,元大台灣50,105.8,52.11,庫存動態防禦,➖ 中性/偏空,🛡️【洗盤耐受區】嚴禁攤平加碼，死守底線 (100.41)！,1.04,-0.7,-0.42,False,1.04,-6.05,-5.91,True,1.04,-7.65,-3.88,True,1.04,-13.23,-2.79,True
2026-07-10,0050.TW,元大台灣50,105.8,52.11,庫存動態防禦,➖ 中性/偏空,🛡️【洗盤耐受區】嚴禁攤平加碼，死守底線 (100.41)！,1.04,-0.7,-0.42,False,1.04,-6.05,-5.91,True,1.04,-7.65,-3.88,True,1.04,-13.23,-2.79,True
2026-07-10,2231.TW,為升,111.0,56.91,庫存動態防禦,➖ 中性/偏空,🔥【獲利巡航】獲利奔跑中，防禦線上移至 95.77！,5.79,-0.04,2.2,False,14.75,-1.83,-1.83,False,14.75,-15.55,-13.58,True,14.75,-22.63,-11.43,True
2026-07-10,0050.TW,元大台灣50,106.05,52.76,庫存動態防禦,➖ 中性/偏空,🛡️【洗盤耐受區】嚴禁攤平加碼，死守底線 (100.67)！,0.8,-0.93,-0.65,False,0.8,-6.28,-6.13,True,0.8,-7.87,-4.1,True,0.8,-13.44,-3.02,True
2026-07-10,2409.TW,2409,31.45,59.77,無特殊徵兆,➖ 中性/偏空,✅ 趨勢追蹤中，尚未觸發佈局點,1.59,-8.72,-8.57,True,1.59,-20.13,-19.35,True,1.59,-23.26,-20.29,True,1.59,-31.23,-21.94,True
2026-07-10,1536.TW,和大,50.0,49.83,庫存動態防禦,➖ 中性/偏空,🩸【戰術撤離】跌破防守底線 (46.04)，無條件停損變現！,14.4,8.0,12.2,False,14.4,-1.8,-1.1,False,14.4,-4.7,1.8,False,14.4,-10.4,2.8,True
2026-07-10,2231.TW,為升,115.5,62.8,庫存動態防禦,➖ 中性/偏空,🔥【獲利巡航】獲利奔跑中，防禦線上移至 99.85！,1.66,-3.94,-1.78,False,10.28,-5.66,-5.66,True,10.28,-18.84,-16.95,True,10.28,-25.65,-14.88,True
2026-07-10,3019.TW,亞光,145.0,48.35,庫存動態防禦,➖ 中性/偏空,🛡️【洗盤耐受區】嚴禁攤平加碼，死守底線 (131.23)！,5.52,0.69,1.72,False,5.52,-10.34,-9.66,True,5.52,-14.14,-8.62,True,5.52,-18.62,-10.69,True
2026-07-10,0050.TW,元大台灣50,106.05,52.76,庫存動態防禦,➖ 中性/偏空,🛡️【洗盤耐受區】嚴禁攤平加碼，死守底線 (100.67)！,0.8,-0.93,-0.65,False,0.8,-6.28,-6.13,True,0.8,-7.87,-4.1,True,0.8,-13.44,-3.02,True
2026-07-10,2409.TW,2409,29.55,55.39,無特殊徵兆,➖ 中性/偏空,✅ 趨勢追蹤中，尚未觸發佈局點,8.12,-2.86,-2.69,False,8.12,-15.0,-14.17,True,8.12,-18.33,-15.17,True,8.12,-26.81,-16.92,True
2026-07-10,1536.TW,1536,50.0,49.83,無特殊徵兆,➖ 中性/偏空,✅ 趨勢追蹤中，尚未觸發佈局點,14.4,8.0,12.2,False,14.4,-1.8,-1.1,False,14.4,-4.7,1.8,False,14.4,-10.4,2.8,True
2026-07-10,2356.TW,2356,66.2,51.33,無特殊徵兆,➖ 中性/偏空,✅ 趨勢追蹤中，尚未觸發佈局點,4.32,-5.63,-5.33,True,4.32,-11.78,-11.63,True,4.32,-14.05,-2.57,True,4.32,-14.2,-3.32,True
2026-07-10,6214.TW,6214,135.0,54.64,無特殊徵兆,➖ 中性/偏空,✅ 趨勢追蹤中，尚未觸發佈局點,8.15,3.7,4.44,False,8.15,0.74,1.48,False,8.15,-0.74,3.33,False,14.44,-0.74,8.52,False
2026-07-10,1536.TW,1536,50.0,49.83,無特殊徵兆,➖ 中性/偏空,✅ 趨勢追蹤中，尚未觸發佈局點,14.4,8.0,12.2,False,14.4,-1.8,-1.1,False,14.4,-4.7,1.8,False,14.4,-10.4,2.8,True
2026-07-10,2324.TW,2324,35.5,48.97,無特殊徵兆,➖ 中性/偏空,✅ 趨勢追蹤中，尚未觸發佈局點,7.61,1.97,3.24,False,7.61,-2.25,1.41,False,7.61,-5.07,4.79,True,7.61,-6.48,2.96,True
2026-07-10,1717.TW,長興,76.7,51.65,庫存動態防禦,➖ 中性/偏空,🩸【戰術撤離】跌破防守底線 (66.38)，無條件停損變現！,-0.65,-6.39,-5.35,True,-0.65,-16.43,-15.91,True,-0.65,-22.16,-21.51,True,-0.65,-31.16,-13.69,True
2026-07-10,1717.TW,長興,73.8,47.99,庫存動態防禦,➖ 中性/偏空,🩸【戰術撤離】跌破防守底線 (63.34)，無條件停損變現！,3.25,-2.71,-1.63,False,3.25,-13.14,-12.6,True,3.25,-19.11,-18.43,True,3.25,-28.46,-10.3,True
2026-07-10,1717.TW,長興,73.8,47.99,庫存動態防禦,➖ 中性/偏空,🩸【戰術撤離】跌破防守底線 (63.34)，無條件停損變現！,3.25,-2.71,-1.63,False,3.25,-13.14,-12.6,True,3.25,-19.11,-18.43,True,3.25,-28.46,-10.3,True
2026-07-10,2231.TW,為升,111.0,56.91,庫存動態防禦,➖ 中性/偏空,🔥【獲利巡航】獲利奔跑中，防禦線上移至 95.77！,5.79,-0.04,2.2,False,14.75,-1.83,-1.83,False,14.75,-15.55,-13.58,True,14.75,-22.63,-11.43,True
2026-07-10,2409.TW,2409,31.45,59.77,無特殊徵兆,➖ 中性/偏空,✅ 趨勢追蹤中，尚未觸發佈局點,1.59,-8.72,-8.57,True,1.59,-20.13,-19.35,True,1.59,-23.26,-20.29,True,1.59,-31.23,-21.94,True
2026-07-10,0050.TW,元大台灣50,106.05,52.76,庫存動態防禦,➖ 中性/偏空,🛡️【洗盤耐受區】嚴禁攤平加碼，死守底線 (100.67)！,0.8,-0.93,-0.65,False,0.8,-6.28,-6.13,True,0.8,-7.87,-4.1,True,0.8,-13.44,-3.02,True
2026-07-10,3019.TW,亞光,143.5,47.01,庫存動態防禦,➖ 中性/偏空,🛡️【洗盤耐受區】嚴禁攤平加碼，死守底線 (129.72)！,6.62,1.74,2.79,False,6.62,-9.41,-8.71,True,6.62,-13.24,-7.67,True,6.62,-17.77,-9.76,True
2026-07-10,2231.TW,為升,111.0,56.91,庫存動態防禦,➖ 中性/偏空,🔥【獲利巡航】獲利奔跑中，防禦線上移至 95.77！,5.79,-0.04,2.2,False,14.75,-1.83,-1.83,False,14.75,-15.55,-13.58,True,14.75,-22.63,-11.43,True
2026-07-10,3019.TW,亞光,143.5,47.01,庫存動態防禦,➖ 中性/偏空,🛡️【洗盤耐受區】嚴禁攤平加碼，死守底線 (129.72)！,6.62,1.74,2.79,False,6.62,-9.41,-8.71,True,6.62,-13.24,-7.67,True,6.62,-17.77,-9.76,True
2026-07-13,6214.TW,6214,141.0,59.96,無特殊徵兆,➖ 中性/偏空,✅ 趨勢追蹤中，尚未觸發佈局點,1.42,-2.48,-0.35,False,1.42,-4.96,-2.48,False,3.55,-4.96,3.19,False,9.57,-4.96,2.48,False
2026-07-13,5269.TW,5269,1475.0,51.8,無特殊徵兆,➖ 中性/偏空,✅ 趨勢追蹤中，尚未觸發佈局點,0.2,-5.06,0.2,True,0.86,-10.97,-3.42,True,0.86,-10.97,-6.1,True,0.86,-12.88,-5.08,True
2026-07-13,2356.TW,2356,65.3,48.02,無特殊徵兆,➖ 中性/偏空,✅ 趨勢追蹤中，尚未觸發佈局點,-3.14,-9.67,-5.51,True,-3.14,-12.86,-12.4,True,-0.46,-12.86,-2.3,True,3.37,-13.02,1.07,True
2026-07-13,2208.TW,2208,20.65,62.27,無特殊徵兆,➖ 中性/偏空,✅ 趨勢追蹤中，尚未觸發佈局點,10.65,0.24,2.42,False,10.65,-4.12,-2.42,False,10.65,-7.51,-6.54,True,10.65,-12.83,-7.99,True
2026-07-13,1710.TW,1710,16.05,52.88,無特殊徵兆,➖ 中性/偏空,✅ 趨勢追蹤中，尚未觸發佈局點,-0.0,-5.92,-4.05,True,9.35,-5.92,-3.74,True,15.26,-11.53,-8.72,True,15.26,-22.12,-9.66,True
2026-07-13,2204.TW,2204,56.9,57.06,無特殊徵兆,➖ 中性/偏空,✅ 趨勢追蹤中，尚未觸發佈局點,-5.5,-7.31,-5.66,True,-4.35,-7.8,-7.31,True,-4.35,-9.31,-8.96,True,-4.35,-12.13,-8.96,True
2026-07-13,2201.TW,2201,28.1,51.56,無特殊徵兆,➖ 中性/偏空,✅ 趨勢追蹤中，尚未觸發佈局點,1.07,-1.96,-0.89,False,4.09,-1.96,0.71,False,4.09,-1.96,-1.6,False,4.09,-5.16,-1.96,True
2026-07-13,1521.TW,1521,25.7,50.65,無特殊徵兆,➖ 中性/偏空,✅ 趨勢追蹤中，尚未觸發佈局點,0.39,-4.28,-0.78,False,1.56,-4.28,-2.14,False,1.56,-4.28,-1.75,False,1.56,-4.47,-1.56,False
2026-07-13,9958.TW,9958,117.5,54.8,無特殊徵兆,➖ 中性/偏空,✅ 趨勢追蹤中，尚未觸發佈局點,-3.9,-8.8,-4.71,True,-1.44,-11.26,-7.58,True,-1.44,-11.26,-7.23,True,-0.85,-14.47,-1.28,True
2026-07-13,1216.TW,1216,79.2,69.06,無特殊徵兆,➖ 中性/偏空,✅ 趨勢追蹤中，尚未觸發佈局點,-4.56,-5.9,-4.69,True,-2.02,-5.9,-2.5,True,-2.02,-8.33,-6.39,True,-2.02,-8.59,-4.67,True
2026-07-13,2352.TW,2352,31.35,49.14,無特殊徵兆,➖ 中性/偏空,✅ 趨勢追蹤中，尚未觸發佈局點,-4.21,-9.0,-5.6,True,-0.51,-9.92,-7.92,True,0.0,-9.92,-8.29,True,0.0,-16.91,-5.58,True
2026-07-13,2377.TW,2377,147.0,62.37,無特殊徵兆,➖ 中性/偏空,✅ 趨勢追蹤中，尚未觸發佈局點,-2.21,-7.16,-2.87,True,-1.21,-13.11,-6.5,True,4.4,-13.11,-3.2,True,4.4,-13.11,2.42,True
2026-07-13,2615.TW,2615,79.2,53.29,無特殊徵兆,➖ 中性/偏空,✅ 趨勢追蹤中，尚未觸發佈局點,2.27,-1.39,0.25,False,5.3,-1.39,1.64,False,10.98,-1.39,6.06,False,11.62,-1.39,10.48,False
2026-07-13,2324.TW,2324,36.6,53.36,無特殊徵兆,➖ 中性/偏空,✅ 趨勢追蹤中，尚未觸發佈局點,0.68,-5.19,-2.87,True,0.96,-7.92,-6.01,True,3.01,-7.92,1.5,True,3.55,-9.29,-0.82,True
2026-07-13,5880.TW,5880,25.2,67.47,無特殊徵兆,➖ 中性/偏空,✅ 趨勢追蹤中，尚未觸發佈局點,-5.13,-6.82,-5.5,True,-3.63,-6.82,-4.38,True,-2.69,-6.82,-2.69,True,3.68,-6.82,-2.13,True
2026-07-13,2892.TW,2892,33.75,66.09,無特殊徵兆,➖ 中性/偏空,✅ 趨勢追蹤中，尚未觸發佈局點,-3.43,-5.57,-4.29,True,-2.15,-5.57,-3.15,True,0.13,-5.57,-0.72,True,5.27,-5.57,-0.3,True
2026-07-13,0050.TW,元大台灣50,106.0,52.65,庫存動態防禦,➖ 中性/偏空,🛡️【洗盤耐受區】嚴禁攤平加碼，死守底線 (101.24)！,-1.07,-4.12,-2.11,False,0.1,-7.83,-6.98,True,0.1,-7.83,-4.29,True,0.1,-13.4,-1.65,True
2026-07-13,3019.TW,亞光,147.0,50.71,庫存動態防禦,➖ 中性/偏空,🛡️【洗盤耐受區】嚴禁攤平加碼，死守底線 (134.36)！,0.68,-6.46,-2.38,True,0.68,-15.31,-12.24,True,0.68,-15.31,-9.18,True,0.68,-19.73,-8.5,True
2026-07-13,1536.TW,和大,56.2,65.09,庫存動態防禦,➖ 中性/偏空,🔥【獲利巡航】獲利奔跑中，防禦線上移至 50.37！,0.89,-7.12,-5.34,True,0.89,-15.21,-12.28,True,0.89,-15.21,-11.48,True,0.89,-20.28,-8.19,True
2026-07-13,3481.TW,3481,63.4,55.23,無特殊徵兆,➖ 中性/偏空,✅ 趨勢追蹤中，尚未觸發佈局點,-3.63,-13.41,-9.78,True,-3.63,-22.56,-20.5,True,-3.63,-28.08,-25.32,True,-3.63,-36.12,-17.51,True
2026-07-13,1717.TW,長興,72.4,46.16,庫存動態防禦,➖ 中性/偏空,🩸【戰術撤離】跌破防守底線 (62.38)，無條件停損變現！,0.69,-8.01,-3.31,True,0.69,-17.54,-14.23,True,0.69,-18.23,-15.33,True,0.69,-27.07,-3.31,True
2026-07-13,9958.TW,9958,117.5,54.8,無特殊徵兆,➖ 中性/偏空,✅ 趨勢追蹤中，尚未觸發佈局點,-3.9,-8.8,-4.71,True,-1.44,-11.26,-7.58,True,-1.44,-11.26,-7.23,True,-0.85,-14.47,-1.28,True
2026-07-13,3019.TW,亞光,148.5,52.15,庫存動態防禦,➖ 中性/偏空,🛡️【洗盤耐受區】嚴禁攤平加碼，死守底線 (135.86)！,-0.34,-7.41,-3.37,True,-0.34,-16.16,-13.13,True,-0.34,-16.16,-10.1,True,-0.34,-20.54,-9.43,True
2026-07-13,2231.TW,為升,112.5,58.42,庫存動態防禦,➖ 中性/偏空,🔥【獲利巡航】獲利奔跑中，防禦線上移至 97.21！,8.36,-0.05,3.05,False,13.22,-5.8,-5.36,True,13.22,-16.85,-15.79,True,13.22,-23.66,-12.43,True
2026-07-13,6214.TW,6214,140.5,59.16,無特殊徵兆,➖ 中性/偏空,✅ 趨勢追蹤中，尚未觸發佈局點,1.78,-2.14,0.0,False,1.78,-4.63,-2.14,False,3.91,-4.63,3.56,False,9.96,-4.63,2.85,False
2026-07-13,2356.TW,2356,65.8,49.03,無特殊徵兆,➖ 中性/偏空,✅ 趨勢追蹤中，尚未觸發佈局點,-3.88,-10.35,-6.23,True,-3.88,-13.53,-13.07,True,-1.22,-13.53,-3.04,True,2.58,-13.68,0.3,True
2026-07-13,2208.TW,2208,21.1,64.5,無特殊徵兆,➖ 中性/偏空,✅ 趨勢追蹤中，尚未觸發佈局點,8.29,-1.9,0.24,False,8.29,-6.16,-4.5,True,8.29,-9.48,-8.53,True,8.29,-14.69,-9.95,True
2026-07-13,1710.TW,1710,16.0,52.51,無特殊徵兆,➖ 中性/偏空,✅ 趨勢追蹤中，尚未觸發佈局點,0.31,-5.62,-3.75,True,9.69,-5.62,-3.44,True,15.62,-11.25,-8.44,True,15.62,-21.88,-9.38,True
2026-07-13,2204.TW,2204,57.1,58.51,無特殊徵兆,➖ 中性/偏空,✅ 趨勢追蹤中，尚未觸發佈局點,-5.83,-7.63,-6.0,True,-4.68,-8.12,-7.63,True,-4.68,-9.63,-9.28,True,-4.68,-12.43,-9.28,True
2026-07-13,2201.TW,2201,28.2,52.58,無特殊徵兆,➖ 中性/偏空,✅ 趨勢追蹤中，尚未觸發佈局點,0.71,-2.3,-1.24,False,3.72,-2.3,0.35,False,3.72,-2.3,-1.95,False,3.72,-5.5,-2.3,True
2026-07-13,1521.TW,1521,25.55,48.48,無特殊徵兆,➖ 中性/偏空,✅ 趨勢追蹤中，尚未觸發佈局點,0.98,-3.72,-0.2,False,2.15,-3.72,-1.57,False,2.15,-3.72,-1.17,False,2.15,-3.91,-0.98,False
2026-07-13,2231.TW,為升,114.0,59.82,庫存動態防禦,➖ 中性/偏空,🔥【獲利巡航】獲利奔跑中，防禦線上移至 98.71！,6.93,-1.36,1.69,False,11.73,-7.04,-6.6,True,11.73,-17.95,-16.9,True,11.73,-24.67,-13.58,True
2026-07-13,5269.TW,5269,1505.0,55.35,無特殊徵兆,➖ 中性/偏空,✅ 趨勢追蹤中，尚未觸發佈局點,-1.8,-6.95,-1.8,True,-1.16,-12.75,-5.34,True,-1.16,-12.75,-7.97,True,-1.16,-14.62,-6.98,True
2026-07-13,3481.TW,3481,61.9,52.63,無特殊徵兆,➖ 中性/偏空,✅ 趨勢追蹤中，尚未觸發佈局點,-1.29,-11.31,-7.59,True,-1.29,-20.68,-18.58,True,-1.29,-26.33,-23.51,True,-1.29,-34.57,-15.51,True
2026-07-13,2352.TW,2352,31.3,48.96,無特殊徵兆,➖ 中性/偏空,✅ 趨勢追蹤中，尚未觸發佈局點,-4.06,-8.85,-5.45,True,-0.35,-9.78,-7.77,True,0.16,-9.78,-8.15,True,0.16,-16.77,-5.43,True
2026-07-13,2377.TW,2377,147.5,62.82,無特殊徵兆,➖ 中性/偏空,✅ 趨勢追蹤中，尚未觸發佈局點,-2.54,-7.48,-3.2,True,-1.55,-13.4,-6.82,True,4.05,-13.4,-3.53,True,4.05,-13.4,2.07,True
2026-07-13,2615.TW,2615,79.1,52.98,無特殊徵兆,➖ 中性/偏空,✅ 趨勢追蹤中，尚未觸發佈局點,2.4,-1.26,0.38,False,5.44,-1.26,1.77,False,11.13,-1.26,6.19,False,11.76,-1.26,10.62,False
2026-07-13,1216.TW,1216,78.8,67.66,無特殊徵兆,➖ 中性/偏空,✅ 趨勢追蹤中，尚未觸發佈局點,-4.08,-5.42,-4.2,True,-1.52,-5.42,-2.01,True,-1.52,-7.86,-5.91,True,-1.52,-8.12,-4.19,True
2026-07-13,5880.TW,5880,25.15,66.7,無特殊徵兆,➖ 中性/偏空,✅ 趨勢追蹤中，尚未觸發佈局點,-4.94,-6.63,-5.32,True,-3.44,-6.63,-4.19,True,-2.5,-6.63,-2.5,True,3.89,-6.63,-1.93,True
2026-07-13,2892.TW,2892,33.6,65.14,無特殊徵兆,➖ 中性/偏空,✅ 趨勢追蹤中，尚未觸發佈局點,-3.0,-5.15,-3.86,True,-1.71,-5.15,-2.72,True,0.58,-5.15,-0.28,True,5.74,-5.15,0.15,True
2026-07-13,0050.TW,元大台灣50,106.0,52.65,庫存動態防禦,➖ 中性/偏空,🛡️【洗盤耐受區】嚴禁攤平加碼，死守底線 (101.22)！,-1.07,-4.12,-2.11,False,0.1,-7.83,-6.98,True,0.1,-7.83,-4.29,True,0.1,-13.4,-1.65,True
2026-07-13,8016.TW,8016,327.0,53.38,無特殊徵兆,➖ 中性/偏空,✅ 趨勢追蹤中，尚未觸發佈局點,-0.92,-9.48,-5.35,True,-0.92,-18.2,-16.21,True,-0.92,-18.2,-10.24,True,-0.92,-23.24,-4.89,True
2026-07-13,1717.TW,長興,72.4,46.16,庫存動態防禦,➖ 中性/偏空,🩸【戰術撤離】跌破防守底線 (62.46)，無條件停損變現！,0.69,-8.01,-3.31,True,0.69,-17.54,-14.23,True,0.69,-18.23,-15.33,True,0.69,-27.07,-3.31,True
2026-07-13,9958.TW,9958,117.5,54.8,無特殊徵兆,➖ 中性/偏空,✅ 趨勢追蹤中，尚未觸發佈局點,-3.9,-8.8,-4.71,True,-1.44,-11.26,-7.58,True,-1.44,-11.26,-7.23,True,-0.85,-14.47,-1.28,True
2026-07-13,2208.TW,2208,20.3,60.33,無特殊徵兆,➖ 中性/偏空,✅ 趨勢追蹤中，尚未觸發佈局點,12.56,1.97,4.19,False,12.56,-2.46,-0.74,False,12.56,-5.91,-4.93,True,12.56,-11.33,-6.4,True
2026-07-13,1521.TW,1521,25.8,52.2,無特殊徵兆,➖ 中性/偏空,✅ 趨勢追蹤中，尚未觸發佈局點,-0.0,-4.65,-1.16,False,1.16,-4.65,-2.52,False,1.16,-4.65,-2.13,False,1.16,-4.84,-1.94,False
2026-07-13,1525.TW,1525,66.9,59.46,無特殊徵兆,➖ 中性/偏空,✅ 趨勢追蹤中，尚未觸發佈局點,1.2,-2.69,-1.49,False,2.99,-2.69,0.75,False,2.99,-2.69,-0.15,False,3.14,-2.69,2.24,False
2026-07-13,4536.TW,4536,173.0,66.23,無特殊徵兆,➖ 中性/偏空,✅ 趨勢追蹤中，尚未觸發佈局點,-4.68,-7.98,-7.16,True,-3.18,-7.98,-5.2,True,-3.18,-7.98,-4.34,True,-0.87,-7.98,-0.87,True
2026-07-13,9958.TW,9958,118.5,56.37,無特殊徵兆,➖ 中性/偏空,✅ 趨勢追蹤中，尚未觸發佈局點,-4.71,-9.57,-5.52,True,-2.27,-12.01,-8.36,True,-2.27,-12.01,-8.02,True,-1.69,-15.19,-2.11,True
2026-07-13,8150.TW,8150,121.0,63.3,無特殊徵兆,➖ 中性/偏空,✅ 趨勢追蹤中，尚未觸發佈局點,-4.55,-14.46,-14.05,True,3.31,-17.36,-14.88,True,3.31,-29.09,-25.7,True,3.31,-45.7,-23.22,True
2026-07-13,8016.TW,8016,363.5,72.4,無特殊徵兆,➖ 中性/偏空,✅ 趨勢追蹤中，尚未觸發佈局點,-10.87,-18.57,-14.86,True,-10.87,-26.41,-24.62,True,-10.87,-26.41,-19.26,True,-10.87,-30.95,-14.44,True
2026-07-13,5269.TW,5269,1465.0,50.51,無特殊徵兆,➖ 中性/偏空,✅ 趨勢追蹤中，尚未觸發佈局點,0.88,-4.41,0.88,False,1.54,-10.36,-2.76,True,1.54,-10.36,-5.46,True,1.54,-12.29,-4.44,True
2026-07-13,3481.TW,3481,66.4,60.43,無特殊徵兆,➖ 中性/偏空,✅ 趨勢追蹤中，尚未觸發佈局點,-7.98,-17.32,-13.86,True,-7.98,-26.05,-24.1,True,-7.98,-31.33,-28.69,True,-7.98,-39.01,-21.23,True
2026-07-13,2352.TW,2352,32.95,55.47,無特殊徵兆,➖ 中性/偏空,✅ 趨勢追蹤中，尚未觸發佈局點,-8.87,-13.42,-10.19,True,-5.34,-14.3,-12.39,True,-4.86,-14.3,-12.75,True,-4.86,-20.94,-10.17,True
2026-07-13,2615.TW,2615,79.6,54.57,無特殊徵兆,➖ 中性/偏空,✅ 趨勢追蹤中，尚未觸發佈局點,1.76,-1.88,-0.25,False,4.77,-1.88,1.13,False,10.43,-1.88,5.53,False,11.06,-1.88,9.92,False
2026-07-13,1216.TW,1216,78.1,63.87,無特殊徵兆,➖ 中性/偏空,✅ 趨勢追蹤中，尚未觸發佈局點,-3.22,-4.58,-3.34,False,-0.63,-4.58,-1.13,False,-0.63,-7.04,-5.07,True,-0.63,-7.3,-3.33,True
2026-07-13,5880.TW,5880,25.0,62.25,無特殊徵兆,➖ 中性/偏空,✅ 趨勢追蹤中，尚未觸發佈局點,-4.37,-6.07,-4.75,True,-2.86,-6.07,-3.61,True,-1.91,-6.07,-1.91,True,4.51,-6.07,-1.35,True
2026-07-13,2892.TW,2892,33.6,65.14,無特殊徵兆,➖ 中性/偏空,✅ 趨勢追蹤中，尚未觸發佈局點,-3.0,-5.15,-3.86,True,-1.71,-5.15,-2.72,True,0.58,-5.15,-0.28,True,5.74,-5.15,0.15,True
2026-07-13,0050.TW,元大台灣50,105.8,52.11,庫存動態防禦,➖ 中性/偏空,🛡️【洗盤耐受區】嚴禁攤平加碼，死守底線 (100.96)！,-0.89,-3.94,-1.92,False,0.29,-7.65,-6.81,True,0.29,-7.65,-4.11,True,0.29,-13.23,-1.47,True
2026-07-13,3019.TW,亞光,148.0,51.68,庫存動態防禦,➖ 中性/偏空,🛡️【洗盤耐受區】嚴禁攤平加碼，死守底線 (136.07)！,0.0,-7.09,-3.04,True,0.0,-15.88,-12.84,True,0.0,-15.88,-9.8,True,0.0,-20.27,-9.12,True
2026-07-13,2231.TW,為升,113.0,58.9,庫存動態防禦,➖ 中性/偏空,🔥【獲利巡航】獲利奔跑中，防禦線上移至 98.36！,7.88,-0.49,2.59,False,12.72,-6.21,-5.77,True,12.72,-17.22,-16.17,True,12.72,-24.0,-12.82,True
2026-07-13,1717.TW,長興,75.2,49.98,庫存動態防禦,➖ 中性/偏空,🩸【戰術撤離】跌破防守底線 (65.61)，無條件停損變現！,-3.06,-11.44,-6.91,True,-3.06,-20.61,-17.42,True,-3.06,-21.28,-18.48,True,-3.06,-29.79,-6.91,True
2026-07-13,1536.TW,和大,54.8,61.89,庫存動態防禦,➖ 中性/偏空,🔥【獲利巡航】獲利奔跑中，防禦線上移至 50.30！,3.47,-4.74,-2.92,False,3.47,-13.05,-10.04,True,3.47,-13.05,-9.22,True,3.47,-18.25,-5.84,True
2026-07-13,1536.TW,和大,55.5,63.69,庫存動態防禦,➖ 中性/偏空,🔥【獲利巡航】獲利奔跑中，防禦線上移至 50.34！,2.16,-5.95,-4.14,True,2.16,-14.14,-11.17,True,2.16,-14.14,-10.36,True,2.16,-19.28,-7.03,True
2026-07-13,2201.TW,2201,28.3,53.64,無特殊徵兆,➖ 中性/偏空,✅ 趨勢追蹤中，尚未觸發佈局點,0.35,-2.65,-1.59,False,3.36,-2.65,-0.0,False,3.36,-2.65,-2.3,False,3.36,-5.83,-2.65,True
2026-07-13,2204.TW,2204,57.1,58.51,無特殊徵兆,➖ 中性/偏空,✅ 趨勢追蹤中，尚未觸發佈局點,-5.83,-7.63,-6.0,True,-4.68,-8.12,-7.63,True,-4.68,-9.63,-9.28,True,-4.68,-12.43,-9.28,True
2026-07-13,2377.TW,2377,147.0,62.37,無特殊徵兆,➖ 中性/偏空,✅ 趨勢追蹤中，尚未觸發佈局點,-2.21,-7.16,-2.87,True,-1.21,-13.11,-6.5,True,4.4,-13.11,-3.2,True,4.4,-13.11,2.42,True
2026-07-13,2208.TW,2208,20.15,59.43,無特殊徵兆,➖ 中性/偏空,✅ 趨勢追蹤中，尚未觸發佈局點,13.4,2.73,4.96,False,13.4,-1.74,-0.0,False,13.4,-5.21,-4.22,True,13.4,-10.67,-5.71,True
2026-07-13,1710.TW,1710,16.55,56.66,無特殊徵兆,➖ 中性/偏空,✅ 趨勢追蹤中，尚未觸發佈局點,-3.02,-8.76,-6.95,True,6.04,-8.76,-6.65,True,11.78,-14.2,-11.48,True,11.78,-24.47,-12.39,True
2026-07-13,1710.TW,1710,16.45,56.01,無特殊徵兆,➖ 中性/偏空,✅ 趨勢追蹤中，尚未觸發佈局點,-2.43,-8.21,-6.38,True,6.69,-8.21,-6.08,True,12.46,-13.68,-10.94,True,12.46,-24.01,-11.85,True
2026-07-13,2204.TW,2204,56.8,56.25,無特殊徵兆,➖ 中性/偏空,✅ 趨勢追蹤中，尚未觸發佈局點,-5.33,-7.15,-5.5,True,-4.18,-7.64,-7.15,True,-4.18,-9.15,-8.8,True,-4.18,-11.97,-8.8,True
2026-07-13,1521.TW,1521,25.85,52.93,無特殊徵兆,➖ 中性/偏空,✅ 趨勢追蹤中，尚未觸發佈局點,-0.19,-4.84,-1.35,False,0.97,-4.84,-2.71,False,0.97,-4.84,-2.32,False,0.97,-5.03,-2.13,True
2026-07-13,1525.TW,1525,66.9,59.46,無特殊徵兆,➖ 中性/偏空,✅ 趨勢追蹤中，尚未觸發佈局點,1.2,-2.69,-1.49,False,2.99,-2.69,0.75,False,2.99,-2.69,-0.15,False,3.14,-2.69,2.24,False
2026-07-13,4536.TW,4536,172.0,64.4,無特殊徵兆,➖ 中性/偏空,✅ 趨勢追蹤中，尚未觸發佈局點,-4.12,-7.45,-6.62,True,-2.62,-7.45,-4.65,True,-2.62,-7.45,-3.78,True,-0.29,-7.45,-0.29,True
2026-07-13,3481.TW,3481,65.5,59.19,無特殊徵兆,➖ 中性/偏空,✅ 趨勢追蹤中，尚未觸發佈局點,-6.72,-16.18,-12.67,True,-6.72,-25.04,-23.05,True,-6.72,-30.38,-27.71,True,-6.72,-38.17,-20.15,True
2026-07-13,2352.TW,2352,32.25,52.51,無特殊徵兆,➖ 中性/偏空,✅ 趨勢追蹤中，尚未觸發佈局點,-6.89,-11.54,-8.24,True,-3.29,-12.44,-10.49,True,-2.79,-12.44,-10.85,True,-2.79,-19.22,-8.22,True
2026-07-13,2615.TW,2615,79.0,52.67,無特殊徵兆,➖ 中性/偏空,✅ 趨勢追蹤中，尚未觸發佈局點,2.53,-1.14,0.51,False,5.57,-1.14,1.9,False,11.27,-1.14,6.33,False,11.9,-1.14,10.76,False
2026-07-13,1216.TW,1216,79.0,68.38,無特殊徵兆,➖ 中性/偏空,✅ 趨勢追蹤中，尚未觸發佈局點,-4.32,-5.66,-4.44,True,-1.77,-5.66,-2.25,True,-1.77,-8.1,-6.15,True,-1.77,-8.35,-4.43,True
2026-07-13,5269.TW,5269,1475.0,51.8,無特殊徵兆,➖ 中性/偏空,✅ 趨勢追蹤中，尚未觸發佈局點,0.2,-5.06,0.2,True,0.86,-10.97,-3.42,True,0.86,-10.97,-6.1,True,0.86,-12.88,-5.08,True
2026-07-13,5880.TW,5880,25.15,66.7,無特殊徵兆,➖ 中性/偏空,✅ 趨勢追蹤中，尚未觸發佈局點,-4.94,-6.63,-5.32,True,-3.44,-6.63,-4.19,True,-2.5,-6.63,-2.5,True,3.89,-6.63,-1.93,True
2026-07-13,6214.TW,6214,144.5,65.34,無特殊徵兆,➖ 中性/偏空,✅ 趨勢追蹤中，尚未觸發佈局點,-1.04,-4.84,-2.77,False,-1.04,-7.27,-4.84,True,1.04,-7.27,0.69,True,6.92,-7.27,0.0,True
2026-07-13,2324.TW,2324,37.25,55.96,無特殊徵兆,➖ 中性/偏空,✅ 趨勢追蹤中，尚未觸發佈局點,-1.07,-6.85,-4.56,True,-0.81,-9.53,-7.65,True,1.21,-9.53,-0.27,True,1.74,-10.87,-2.55,True
2026-07-13,1536.TW,和大,56.6,65.85,庫存動態防禦,➖ 中性/偏空,🔥【獲利巡航】獲利奔跑中，防禦線上移至 50.39！,0.18,-7.77,-6.01,True,0.18,-15.81,-12.9,True,0.18,-15.81,-12.1,True,0.18,-20.85,-8.83,True
2026-07-13,1717.TW,長興,74.0,48.29,庫存動態防禦,➖ 中性/偏空,🩸【戰術撤離】跌破防守底線 (64.26)，無條件停損變現！,-1.49,-10.0,-5.41,True,-1.49,-19.32,-16.08,True,-1.49,-20.0,-17.16,True,-1.49,-28.65,-5.41,True
2026-07-13,2356.TW,2356,70.1,59.67,無特殊徵兆,➖ 中性/偏空,✅ 趨勢追蹤中，尚未觸發佈局點,-9.77,-15.85,-11.98,True,-9.77,-18.83,-18.4,True,-7.28,-18.83,-8.99,True,-3.71,-18.97,-5.85,True
2026-07-13,3019.TW,亞光,149.0,52.61,庫存動態防禦,➖ 中性/偏空,🛡️【洗盤耐受區】嚴禁攤平加碼，死守底線 (136.36)！,-0.67,-7.72,-3.69,True,-0.67,-16.44,-13.42,True,-0.67,-16.44,-10.4,True,-0.67,-20.81,-9.73,True
2026-07-13,0050.TW,元大台灣50,106.7,54.46,庫存動態防禦,➖ 中性/偏空,🛡️【洗盤耐受區】嚴禁攤平加碼，死守底線 (101.94)！,-1.72,-4.75,-2.75,False,-0.56,-8.43,-7.59,True,-0.56,-8.43,-4.92,True,-0.56,-13.96,-2.3,True
2026-07-13,2892.TW,2892,33.6,65.14,無特殊徵兆,➖ 中性/偏空,✅ 趨勢追蹤中，尚未觸發佈局點,-3.0,-5.15,-3.86,True,-1.71,-5.15,-2.72,True,0.58,-5.15,-0.28,True,5.74,-5.15,0.15,True
2026-07-13,2231.TW,為升,116.5,61.97,庫存動態防禦,➖ 中性/偏空,🔥【獲利巡航】獲利奔跑中，防禦線上移至 101.21！,4.63,-3.48,-0.49,False,9.33,-9.03,-8.6,True,9.33,-19.71,-18.68,True,9.33,-26.29,-15.44,True
2026-07-14,2231.TW,為升,116.5,62.12,庫存動態防禦,➖ 中性/偏空,🔥【獲利巡航】獲利奔跑中，防禦線上移至 100.46！,9.33,-3.48,8.05,False,9.33,-9.03,-4.33,True,9.33,-22.02,-21.84,True,9.33,-26.29,-12.02,True
2026-07-14,1717.TW,長興,69.2,42.18,庫存動態防禦,➖ 中性/偏空,🩸【戰術撤離】跌破防守底線 (70.00)，無條件停損變現！,4.34,1.59,3.32,False,4.34,-13.73,-8.67,True,4.34,-16.47,-16.47,True,6.21,-23.7,3.9,True
2026-07-14,2231.TW,為升,116.0,61.68,庫存動態防禦,➖ 中性/偏空,🔥【獲利巡航】獲利奔跑中，防禦線上移至 99.96！,9.8,-3.06,8.52,False,9.8,-8.64,-3.92,True,9.8,-21.68,-21.51,True,9.8,-25.97,-11.64,True
2026-07-14,3019.TW,亞光,142.5,46.27,庫存動態防禦,➖ 中性/偏空,🩸【戰術撤離】跌破防守底線 (129.21)，無條件停損變現！,3.16,-0.35,1.4,False,3.16,-12.63,-3.51,True,3.16,-12.63,-11.58,True,3.16,-17.19,-3.16,True
2026-07-14,0050.TW,元大台灣50,104.05,47.05,庫存動態防禦,➖ 中性/偏空,🛡️【洗盤耐受區】嚴禁攤平加碼，死守底線 (99.30)！,1.69,-0.03,1.54,False,1.97,-6.1,-1.49,True,1.97,-6.87,-6.63,True,1.97,-11.77,0.53,True
2026-07-14,1326.TW,1326,66.4,63.35,無特殊徵兆,➖ 中性/偏空,✅ 趨勢追蹤中，尚未觸發佈局點,9.04,1.05,6.63,False,9.94,-4.07,3.31,False,16.87,-8.58,-8.28,True,16.87,-16.42,-12.35,True
2026-07-14,4958.TW,4958,623.0,58.15,無特殊徵兆,➖ 中性/偏空,✅ 趨勢追蹤中，尚未觸發佈局點,5.3,-1.28,-0.8,False,5.3,-24.32,-18.3,True,5.3,-31.62,-31.38,True,5.3,-40.93,-21.35,True
2026-07-14,4722.TW,4722,267.5,51.61,無特殊徵兆,➖ 中性/偏空,✅ 趨勢追蹤中，尚未觸發佈局點,3.36,-2.43,2.62,False,3.36,-21.87,-18.69,True,3.36,-31.03,-31.03,True,3.36,-43.55,-19.63,True
2026-07-14,4958.TW,4958,623.0,58.15,無特殊徵兆,➖ 中性/偏空,✅ 趨勢追蹤中，尚未觸發佈局點,5.3,-1.28,-0.8,False,5.3,-24.32,-18.3,True,5.3,-31.62,-31.38,True,5.3,-40.93,-21.35,True
2026-07-14,1536.TW,和大,53.2,55.31,庫存動態防禦,➖ 中性/偏空,🔥【獲利巡航】獲利奔跑中，防禦線上移至 48.61！,3.38,-2.26,0.0,False,3.38,-10.43,-5.08,True,3.38,-11.28,-10.43,True,3.38,-15.79,-3.76,True
2026-07-14,0050.TW,元大台灣50,104.4,47.96,庫存動態防禦,➖ 中性/偏空,🛡️【洗盤耐受區】嚴禁攤平加碼，死守底線 (99.65)！,1.35,-0.37,1.2,False,1.63,-6.41,-1.82,True,1.63,-7.18,-6.94,True,1.63,-12.07,0.19,True
2026-07-14,2408.TW,2408,448.0,58.09,無特殊徵兆,➖ 中性/偏空,✅ 趨勢追蹤中，尚未觸發佈局點,9.26,1.23,7.37,False,9.26,-15.07,-9.6,True,9.26,-15.07,-12.39,True,12.05,-28.12,9.15,True
2026-07-14,4958.TW,4958,629.0,59.23,無特殊徵兆,➖ 中性/偏空,✅ 趨勢追蹤中，尚未觸發佈局點,4.29,-2.23,-1.75,False,4.29,-25.04,-19.08,True,4.29,-32.27,-32.03,True,4.29,-41.49,-22.1,True
2026-07-14,4722.TW,4722,260.5,49.13,無特殊徵兆,➖ 中性/偏空,✅ 趨勢追蹤中，尚未觸發佈局點,6.14,0.19,5.37,False,6.14,-19.77,-16.51,True,6.14,-29.17,-29.17,True,6.14,-42.03,-17.47,True
2026-07-14,2408.TW,2408,448.0,58.09,無特殊徵兆,➖ 中性/偏空,✅ 趨勢追蹤中，尚未觸發佈局點,9.26,1.23,7.37,False,9.26,-15.07,-9.6,True,9.26,-15.07,-12.39,True,12.05,-28.12,9.15,True
2026-07-14,1536.TW,和大,53.2,55.31,庫存動態防禦,➖ 中性/偏空,🔥【獲利巡航】獲利奔跑中，防禦線上移至 48.61！,3.38,-2.26,0.0,False,3.38,-10.43,-5.08,True,3.38,-11.28,-10.43,True,3.38,-15.79,-3.76,True
2026-07-14,2231.TW,為升,116.5,62.12,庫存動態防禦,➖ 中性/偏空,🔥【獲利巡航】獲利奔跑中，防禦線上移至 100.46！,9.33,-3.48,8.05,False,9.33,-9.03,-4.33,True,9.33,-22.02,-21.84,True,9.33,-26.29,-12.02,True
2026-07-14,0050.TW,元大台灣50,104.4,47.96,庫存動態防禦,➖ 中性/偏空,🛡️【洗盤耐受區】嚴禁攤平加碼，死守底線 (99.65)！,1.35,-0.37,1.2,False,1.63,-6.41,-1.82,True,1.63,-7.18,-6.94,True,1.63,-12.07,0.19,True
2026-07-14,1326.TW,1326,67.0,63.99,無特殊徵兆,➖ 中性/偏空,✅ 趨勢追蹤中，尚未觸發佈局點,8.06,0.15,5.67,False,8.96,-4.93,2.39,False,15.82,-9.4,-9.1,True,15.82,-17.16,-13.13,True
2026-07-14,4958.TW,4958,629.0,59.23,無特殊徵兆,➖ 中性/偏空,✅ 趨勢追蹤中，尚未觸發佈局點,4.29,-2.23,-1.75,False,4.29,-25.04,-19.08,True,4.29,-32.27,-32.03,True,4.29,-41.49,-22.1,True
2026-07-14,4722.TW,4722,260.5,49.13,無特殊徵兆,➖ 中性/偏空,✅ 趨勢追蹤中，尚未觸發佈局點,6.14,0.19,5.37,False,6.14,-19.77,-16.51,True,6.14,-29.17,-29.17,True,6.14,-42.03,-17.47,True
2026-07-14,1536.TW,和大,53.1,55.03,庫存動態防禦,➖ 中性/偏空,🔥【獲利巡航】獲利奔跑中，防禦線上移至 48.51！,3.58,-2.07,0.19,False,3.58,-10.26,-4.9,True,3.58,-11.11,-10.26,True,3.58,-15.63,-3.58,True
2026-07-14,1326.TW,1326,67.0,63.99,無特殊徵兆,➖ 中性/偏空,✅ 趨勢追蹤中，尚未觸發佈局點,8.06,0.15,5.67,False,8.96,-4.93,2.39,False,15.82,-9.4,-9.1,True,15.82,-17.16,-13.13,True
2026-07-14,1536.TW,和大,53.4,55.88,庫存動態防禦,➖ 中性/偏空,🔥【獲利巡航】獲利奔跑中，防禦線上移至 48.81！,3.0,-2.62,-0.37,False,3.0,-10.77,-5.43,True,3.0,-11.61,-10.77,True,3.0,-16.1,-4.12,True
2026-07-14,0050.TW,元大台灣50,103.35,45.31,庫存動態防禦,➖ 中性/偏空,🛡️【洗盤耐受區】嚴禁攤平加碼，死守底線 (98.60)！,2.38,0.65,2.23,False,2.67,-5.46,-0.82,True,2.67,-6.24,-6.0,True,2.67,-11.18,1.21,True
2026-07-14,2377.TW,2377,143.5,56.18,無特殊徵兆,➖ 中性/偏空,✅ 趨勢追蹤中，尚未觸發佈局點,1.19,-2.53,0.52,False,1.19,-10.99,-1.17,True,6.95,-10.99,-5.91,True,6.95,-10.99,4.24,True
2026-07-14,1536.TW,和大,55.2,61.59,庫存動態防禦,➖ 中性/偏空,🔥【獲利巡航】獲利奔跑中，防禦線上移至 50.63！,-0.36,-5.8,-3.62,True,-0.36,-13.68,-8.51,True,-0.36,-14.49,-13.68,True,-0.36,-18.84,-7.25,True
2026-07-14,1717.TW,長興,72.3,46.01,庫存動態防禦,➖ 中性/偏空,🩸【戰術撤離】跌破防守底線 (70.00)，無條件停損變現！,-0.14,-2.77,-1.11,False,-0.14,-17.43,-12.59,True,-0.14,-20.06,-20.06,True,1.66,-26.97,-0.55,True
2026-07-14,2231.TW,為升,113.0,58.41,庫存動態防禦,➖ 中性/偏空,🔥【獲利巡航】獲利奔跑中，防禦線上移至 98.17！,12.72,-0.49,11.4,False,12.72,-6.21,-1.37,True,12.72,-19.6,-19.42,True,12.72,-24.0,-9.3,True
2026-07-14,0050.TW,元大台灣50,106.0,52.65,庫存動態防禦,➖ 中性/偏空,🛡️【洗盤耐受區】嚴禁攤平加碼，死守底線 (101.22)！,-0.18,-1.87,-0.32,False,0.1,-7.83,-3.3,True,0.1,-8.58,-8.35,True,0.1,-13.4,-1.32,True
2026-07-14,2324.TW,2324,36.85,54.46,無特殊徵兆,➖ 中性/偏空,✅ 趨勢追蹤中，尚未觸發佈局點,-0.54,-3.93,-1.9,False,0.27,-8.55,-2.31,True,2.31,-8.55,-5.83,True,2.85,-9.91,-1.49,True
2026-07-14,2377.TW,2377,147.5,61.48,無特殊徵兆,➖ 中性/偏空,✅ 趨勢追蹤中，尚未觸發佈局點,-1.55,-5.17,-2.21,True,-1.55,-13.4,-3.85,True,4.05,-13.4,-8.46,True,4.05,-13.4,1.41,True
2026-07-14,1710.TW,1710,15.85,51.27,無特殊徵兆,➖ 中性/偏空,✅ 趨勢追蹤中，尚未觸發佈局點,0.95,-3.47,0.63,False,10.73,-3.47,6.94,False,16.72,-13.88,-12.93,True,16.72,-21.14,-5.68,True
2026-07-14,2301.TW,2301,221.0,53.02,無特殊徵兆,➖ 中性/偏空,✅ 趨勢追蹤中，尚未觸發佈局點,-0.91,-4.95,-3.16,False,-0.47,-15.93,-7.19,True,2.67,-15.93,-13.02,True,24.42,-20.87,20.38,True
2026-07-14,4958.TW,4958,622.0,57.97,無特殊徵兆,➖ 中性/偏空,✅ 趨勢追蹤中，尚未觸發佈局點,5.47,-1.13,-0.64,False,5.47,-24.2,-18.17,True,5.47,-31.51,-31.27,True,5.47,-40.84,-21.22,True
2026-07-14,3019.TW,亞光,146.0,49.61,庫存動態防禦,➖ 中性/偏空,🛡️【洗盤耐受區】嚴禁攤平加碼，死守底線 (133.93)！,0.68,-2.74,-1.03,False,0.68,-14.73,-5.82,True,0.68,-14.73,-13.7,True,0.68,-19.18,-5.48,True
2026-07-14,4958.TW,4958,622.0,57.97,無特殊徵兆,➖ 中性/偏空,✅ 趨勢追蹤中，尚未觸發佈局點,5.47,-1.13,-0.64,False,5.47,-24.2,-18.17,True,5.47,-31.51,-31.27,True,5.47,-40.84,-21.22,True
2026-07-14,1536.TW,和大,54.1,57.97,庫存動態防禦,➖ 中性/偏空,🔥【獲利巡航】獲利奔跑中，防禦線上移至 49.69！,1.66,-3.88,-1.66,False,1.66,-11.92,-6.65,True,1.66,-12.75,-11.92,True,1.66,-17.19,-5.36,True
2026-07-14,1717.TW,長興,69.3,42.3,庫存動態防禦,➖ 中性/偏空,🩸【戰術撤離】跌破防守底線 (70.00)，無條件停損變現！,4.18,1.44,3.17,False,4.18,-13.85,-8.8,True,4.18,-16.59,-16.59,True,6.06,-23.81,3.75,True
2026-07-14,2231.TW,為升,116.0,61.68,庫存動態防禦,➖ 中性/偏空,🔥【獲利巡航】獲利奔跑中，防禦線上移至 99.96！,9.8,-3.06,8.52,False,9.8,-8.64,-3.92,True,9.8,-21.68,-21.51,True,9.8,-25.97,-11.64,True
2026-07-14,3019.TW,亞光,141.5,45.4,庫存動態防禦,➖ 中性/偏空,🩸【戰術撤離】跌破防守底線 (128.71)，無條件停損變現！,3.89,0.35,2.12,False,3.89,-12.01,-2.83,True,3.89,-12.01,-10.95,True,3.89,-16.61,-2.47,True
2026-07-14,0050.TW,元大台灣50,103.8,46.41,庫存動態防禦,➖ 中性/偏空,🛡️【洗盤耐受區】嚴禁攤平加碼，死守底線 (99.25)！,1.93,0.21,1.79,False,2.22,-5.87,-1.25,True,2.22,-6.65,-6.41,True,2.22,-11.56,0.77,True
2026-07-14,3019.TW,亞光,141.0,44.97,庫存動態防禦,➖ 中性/偏空,🩸【戰術撤離】跌破防守底線 (127.71)，無條件停損變現！,4.26,0.71,2.48,False,4.26,-11.7,-2.48,True,4.26,-11.7,-10.64,True,4.26,-16.31,-2.13,True
2026-07-14,1717.TW,長興,68.1,40.97,庫存動態防禦,➖ 中性/偏空,🩸【戰術撤離】跌破防守底線 (70.00)，無條件停損變現！,6.02,3.23,4.99,False,6.02,-12.33,-7.2,True,6.02,-15.12,-15.12,True,7.93,-22.47,5.58,True
2026-07-14,2231.TW,為升,115.5,61.23,庫存動態防禦,➖ 中性/偏空,🔥【獲利巡航】獲利奔跑中，防禦線上移至 99.46！,10.28,-2.64,8.99,False,10.28,-8.24,-3.51,True,10.28,-21.34,-21.17,True,10.28,-25.65,-11.26,True
2026-07-14,2313.TW,2313,232.5,47.26,無特殊徵兆,➖ 中性/偏空,✅ 趨勢追蹤中，尚未觸發佈局點,6.67,0.65,6.67,False,6.67,-17.85,-9.68,True,6.67,-21.94,-21.72,True,6.67,-33.76,-9.03,True
2026-07-15,5388.TW,5388,89.4,64.89,無特殊徵兆,➖ 中性/偏空,✅ 趨勢追蹤中，尚未觸發佈局點,-0.22,-3.24,-3.13,False,-0.22,-8.5,-2.46,True,5.93,-11.41,-8.39,True,6.26,-11.86,-7.83,True
2026-07-15,2313.TW,2313,248.0,53.98,無特殊徵兆,➖ 中性/偏空,✅ 趨勢追蹤中，尚未觸發佈局點,0.0,-5.24,-5.04,True,0.0,-22.98,-16.13,True,0.0,-33.87,-31.05,True,0.0,-37.9,-15.73,True
2026-07-15,0050.TW,元大台灣50,106.3,53.29,庫存動態防禦,➖ 中性/偏空,🛡️【洗盤耐受區】嚴禁攤平加碼，死守底線 (101.50)！,-0.18,-2.24,-0.51,False,-0.18,-8.09,-2.3,True,-0.18,-13.64,-11.85,True,-0.18,-13.64,-1.03,True
2026-07-15,8222.TW,8222,41.95,61.23,無特殊徵兆,➖ 中性/偏空,✅ 趨勢追蹤中，尚未觸發佈局點,-0.83,-4.17,-4.17,False,4.53,-11.8,-4.89,True,4.53,-17.16,-15.26,True,4.53,-18.95,-6.79,True
2026-07-15,2377.TW,2377,148.5,62.19,無特殊徵兆,➖ 中性/偏空,✅ 趨勢追蹤中，尚未觸發佈局點,-3.19,-5.16,-5.16,True,3.02,-13.99,1.38,True,3.35,-13.99,-10.06,True,10.54,-13.99,10.54,True
2026-07-15,2204.TW,2204,57.6,61.59,無特殊徵兆,➖ 中性/偏空,✅ 趨勢追蹤中，尚未觸發佈局點,-5.51,-6.65,-6.0,True,-5.51,-9.9,-9.9,True,-5.51,-11.98,-10.24,True,-5.51,-13.19,-10.59,True
2026-07-15,2231.TW,2231,126.5,69.6,無特殊徵兆,➖ 中性/偏空,✅ 趨勢追蹤中，尚未觸發佈局點,-0.88,-7.18,-7.18,True,-0.88,-17.4,-17.4,True,-0.88,-32.11,-30.15,True,-0.88,-32.11,-22.12,True
2026-07-15,5347.TWO,5347O,186.5,54.32,🌟 狙擊金叉 (底部扭轉),➖ 中性/偏空,🟡【黃燈強制攔截】大盤進入震盪洗盤期，戰情室強制攔截，禁止盲目開新倉建倉。,2.95,-1.88,0.54,False,2.95,-20.38,-8.31,True,2.95,-28.69,-28.69,True,2.95,-29.76,-14.48,True
2026-07-15,5388.TW,5388,89.4,64.89,無特殊徵兆,➖ 中性/偏空,✅ 趨勢追蹤中，尚未觸發佈局點,-0.22,-3.24,-3.13,False,-0.22,-8.5,-2.46,True,5.93,-11.41,-8.39,True,6.26,-11.86,-7.83,True
2026-07-15,1326.TW,1326,70.8,67.78,無特殊徵兆,➖ 中性/偏空,✅ 趨勢追蹤中，尚未觸發佈局點,3.11,-3.39,-2.68,False,3.81,-10.03,-0.28,True,9.6,-20.06,-17.37,True,9.6,-21.61,-15.82,True
2026-07-15,2408.TW,2408,481.0,63.19,無特殊徵兆,➖ 中性/偏空,✅ 趨勢追蹤中，尚未觸發佈局點,-3.74,-9.46,-8.73,True,-3.74,-20.89,-7.38,True,-3.74,-26.51,-26.51,True,6.24,-33.06,0.31,True
2026-07-15,2208.TW,2208,21.5,64.23,無特殊徵兆,➖ 中性/偏空,✅ 趨勢追蹤中，尚未觸發佈局點,0.0,-3.72,-3.49,False,1.63,-7.91,-6.51,True,1.63,-16.28,-14.42,True,1.63,-16.28,-11.4,True
2026-07-15,5347.TWO,5347O,186.5,54.32,🌟 狙擊金叉 (底部扭轉),➖ 中性/偏空,🟡【黃燈強制攔截】大盤進入震盪洗盤期，戰情室強制攔截，禁止盲目開新倉建倉。,2.95,-1.88,0.54,False,2.95,-20.38,-8.31,True,2.95,-28.69,-28.69,True,2.95,-29.76,-14.48,True
2026-07-15,2881.TW,2881,128.5,61.7,🌟 狙擊金叉 (底部扭轉),➖ 中性/偏空,🟡【黃燈強制攔截】大盤進入震盪洗盤期，戰情室強制攔截，禁止盲目開新倉建倉。,0.78,-3.89,-2.72,False,0.78,-5.06,-1.17,True,1.17,-6.23,-4.28,True,3.11,-6.23,-1.17,True
2026-07-15,0050.TW,元大台灣50,106.3,53.29,庫存動態防禦,➖ 中性/偏空,🛡️【洗盤耐受區】嚴禁攤平加碼，死守底線 (101.50)！,-0.18,-2.24,-0.51,False,-0.18,-8.09,-2.3,True,-0.18,-13.64,-11.85,True,-0.18,-13.64,-1.03,True
2026-07-15,2204.TW,2204,57.6,61.59,無特殊徵兆,➖ 中性/偏空,✅ 趨勢追蹤中，尚未觸發佈局點,-5.51,-6.65,-6.0,True,-5.51,-9.9,-9.9,True,-5.51,-11.98,-10.24,True,-5.51,-13.19,-10.59,True
2026-07-15,5347.TWO,5347O,186.5,54.32,🌟 狙擊金叉 (底部扭轉),➖ 中性/偏空,🟡【黃燈強制攔截】大盤進入震盪洗盤期，戰情室強制攔截，禁止盲目開新倉建倉。,2.95,-1.88,0.54,False,2.95,-20.38,-8.31,True,2.95,-28.69,-28.69,True,2.95,-29.76,-14.48,True
2026-07-15,0050.TW,元大台灣50,106.3,53.29,庫存動態防禦,➖ 中性/偏空,🛡️【洗盤耐受區】嚴禁攤平加碼，死守底線 (101.50)！,-0.18,-2.24,-0.51,False,-0.18,-8.09,-2.3,True,-0.18,-13.64,-11.85,True,-0.18,-13.64,-1.03,True
2026-07-15,0050.TW,元大台灣50,106.0,52.65,庫存動態防禦,➖ 中性/偏空,🛡️【洗盤耐受區】嚴禁攤平加碼，死守底線 (101.22)！,0.1,-1.96,-0.23,False,0.1,-7.83,-2.03,True,0.1,-13.4,-11.6,True,0.1,-13.4,-0.75,True
2026-07-15,5388.TW,5388,89.3,64.72,無特殊徵兆,➖ 中性/偏空,✅ 趨勢追蹤中，尚未觸發佈局點,-0.11,-3.14,-3.02,False,-0.11,-8.4,-2.35,True,6.05,-11.31,-8.29,True,6.38,-11.76,-7.73,True
2026-07-15,1536.TW,和大,53.5,56.03,庫存動態防禦,➖ 中性/偏空,🔥【獲利巡航】獲利奔跑中，防禦線上移至 48.65！,0.0,-2.99,-1.31,False,0.19,-10.93,-2.24,True,0.19,-16.26,-14.39,True,0.19,-16.26,-2.8,True
2026-07-15,2408.TW,2408,471.0,61.78,無特殊徵兆,➖ 中性/偏空,✅ 趨勢追蹤中，尚未觸發佈局點,-1.7,-7.54,-6.79,True,-1.7,-19.21,-5.41,True,-1.7,-24.95,-24.95,True,8.49,-31.63,2.44,True
2026-07-15,4722.TW,4722,265.5,51.06,無特殊徵兆,➖ 中性/偏空,✅ 趨勢追蹤中，尚未觸發佈局點,3.39,-5.08,-4.71,True,3.39,-21.28,-16.38,True,3.39,-37.29,-37.29,True,3.39,-43.13,-20.9,True
2026-07-15,0050.TW,元大台灣50,105.8,52.02,庫存動態防禦,➖ 中性/偏空,🛡️【洗盤耐受區】嚴禁攤平加碼，死守底線 (101.39)！,0.29,-1.78,-0.04,False,0.29,-7.65,-1.84,True,0.29,-13.23,-11.44,True,0.29,-13.23,-0.57,True
2026-07-15,2231.TW,為升,113.5,57.85,庫存動態防禦,➖ 中性/偏空,🔥【獲利巡航】獲利奔跑中，防禦線上移至 96.93！,10.47,3.46,3.46,False,10.47,-7.94,-7.94,True,10.47,-24.34,-22.15,True,10.47,-24.34,-13.2,True
2026-07-15,1536.TW,和大,52.8,54.12,庫存動態防禦,➖ 中性/偏空,🔥【獲利巡航】獲利奔跑中，防禦線上移至 48.01！,1.33,-1.7,-0.0,False,1.52,-9.75,-0.95,True,1.52,-15.15,-13.26,True,1.52,-15.15,-1.52,True
2026-07-15,2231.TW,為升,114.0,58.52,庫存動態防禦,➖ 中性/偏空,🔥【獲利巡航】獲利奔跑中，防禦線上移至 97.43！,9.98,3.0,3.0,False,9.98,-8.35,-8.35,True,9.98,-24.67,-22.49,True,9.98,-24.67,-13.58,True
2026-07-15,2408.TW,2408,459.0,59.94,無特殊徵兆,➖ 中性/偏空,✅ 趨勢追蹤中，尚未觸發佈局點,0.87,-5.12,-4.36,True,0.87,-17.1,-2.94,True,0.87,-22.98,-22.98,True,11.33,-29.85,5.12,True
2026-07-15,1301.TW,1301,63.8,65.72,無特殊徵兆,➖ 中性/偏空,✅ 趨勢追蹤中，尚未觸發佈局點,7.52,1.88,2.82,False,7.52,-5.96,-0.47,True,9.4,-15.05,-11.91,True,9.4,-17.08,-11.91,True
2026-07-15,4958.TW,4958,643.0,61.06,無特殊徵兆,➖ 中性/偏空,✅ 趨勢追蹤中，尚未觸發佈局點,-4.82,-10.89,-10.11,True,-4.82,-26.67,-13.06,True,-4.82,-40.12,-37.09,True,-4.82,-42.77,-26.67,True
2026-07-15,1326.TW,1326,67.8,64.86,無特殊徵兆,➖ 中性/偏空,✅ 趨勢追蹤中，尚未觸發佈局點,7.67,0.88,1.62,False,8.41,-6.05,4.13,True,14.45,-16.52,-13.72,True,14.45,-18.14,-12.09,True
2026-07-15,2408.TW,2408,485.5,63.79,無特殊徵兆,➖ 中性/偏空,✅ 趨勢追蹤中，尚未觸發佈局點,-4.63,-10.3,-9.58,True,-4.63,-21.63,-8.24,True,-4.63,-27.19,-27.19,True,5.25,-33.68,-0.62,True
2026-07-15,2231.TW,為升,118.0,63.47,庫存動態防禦,➖ 中性/偏空,🔥【獲利巡航】獲利奔跑中，防禦線上移至 101.93！,6.26,-0.49,-0.49,False,6.26,-11.45,-11.45,True,6.26,-27.22,-25.11,True,6.26,-27.22,-16.51,True
2026-07-15,1536.TW,和大,53.4,55.79,庫存動態防禦,➖ 中性/偏空,🔥【獲利巡航】獲利奔跑中，防禦線上移至 48.94！,0.19,-2.81,-1.12,False,0.37,-10.77,-2.06,True,0.37,-16.1,-14.23,True,0.37,-16.1,-2.62,True
2026-07-15,4722.TW,4722,262.5,49.92,無特殊徵兆,➖ 中性/偏空,✅ 趨勢追蹤中，尚未觸發佈局點,4.57,-4.0,-3.62,False,4.57,-20.38,-15.43,True,4.57,-36.57,-36.57,True,4.57,-42.48,-20.0,True
2026-07-15,0050.TW,元大台灣50,106.1,52.94,庫存動態防禦,➖ 中性/偏空,🛡️【洗盤耐受區】嚴禁攤平加碼，死守底線 (101.66)！,0.0,-2.06,-0.32,False,0.0,-7.91,-2.12,True,0.0,-13.48,-11.69,True,0.0,-13.48,-0.85,True
2026-07-15,1301.TW,1301,63.8,65.72,無特殊徵兆,➖ 中性/偏空,✅ 趨勢追蹤中，尚未觸發佈局點,7.52,1.88,2.82,False,7.52,-5.96,-0.47,True,9.4,-15.05,-11.91,True,9.4,-17.08,-11.91,True
2026-07-15,4722.TW,4722,268.5,52.15,無特殊徵兆,➖ 中性/偏空,✅ 趨勢追蹤中，尚未觸發佈局點,2.23,-6.15,-5.77,True,2.23,-22.16,-17.32,True,2.23,-37.99,-37.99,True,2.23,-43.76,-21.79,True
2026-07-15,1326.TW,1326,70.1,67.14,無特殊徵兆,➖ 中性/偏空,✅ 趨勢追蹤中，尚未觸發佈局點,4.14,-2.43,-1.71,False,4.85,-9.13,0.71,True,10.7,-19.26,-16.55,True,10.7,-20.83,-14.98,True
2026-07-15,1301.TW,1301,65.9,67.95,無特殊徵兆,➖ 中性/偏空,✅ 趨勢追蹤中，尚未觸發佈局點,4.1,-1.37,-0.46,False,4.1,-8.95,-3.64,True,5.92,-17.75,-14.72,True,5.92,-19.73,-14.72,True
2026-07-15,2208.TW,2208,21.25,63.07,無特殊徵兆,➖ 中性/偏空,✅ 趨勢追蹤中，尚未觸發佈局點,1.18,-2.59,-2.35,False,2.82,-6.82,-5.41,True,2.82,-15.29,-13.41,True,2.82,-15.29,-10.35,True
2026-07-15,2204.TW,2204,57.5,60.98,無特殊徵兆,➖ 中性/偏空,✅ 趨勢追蹤中，尚未觸發佈局點,-5.35,-6.49,-5.84,True,-5.35,-9.74,-9.74,True,-5.35,-11.83,-10.09,True,-5.35,-13.04,-10.43,True
2026-07-15,2115.TW,2115,21.9,73.23,無特殊徵兆,➖ 中性/偏空,✅ 趨勢追蹤中，尚未觸發佈局點,0.91,-1.14,-0.23,False,2.05,-1.37,0.46,False,2.74,-2.74,-1.6,False,6.85,-2.74,5.25,False
2026-07-15,2231.TW,2231,124.5,68.35,無特殊徵兆,➖ 中性/偏空,✅ 趨勢追蹤中，尚未觸發佈局點,0.71,-5.69,-5.69,True,0.71,-16.08,-16.08,True,0.71,-31.02,-29.02,True,0.71,-31.02,-20.87,True
2026-07-15,5347.TWO,5347O,186.5,54.32,🌟 狙擊金叉 (底部扭轉),➖ 中性/偏空,🟡【黃燈強制攔截】大盤進入震盪洗盤期，戰情室強制攔截，禁止盲目開新倉建倉。,2.95,-1.88,0.54,False,2.95,-20.38,-8.31,True,2.95,-28.69,-28.69,True,2.95,-29.76,-14.48,True
2026-07-15,8222.TW,8222,41.95,61.23,無特殊徵兆,➖ 中性/偏空,✅ 趨勢追蹤中，尚未觸發佈局點,-0.83,-4.17,-4.17,False,4.53,-11.8,-4.89,True,4.53,-17.16,-15.26,True,4.53,-18.95,-6.79,True
2026-07-15,5388.TW,5388,89.3,64.72,無特殊徵兆,➖ 中性/偏空,✅ 趨勢追蹤中，尚未觸發佈局點,-0.11,-3.14,-3.02,False,-0.11,-8.4,-2.35,True,6.05,-11.31,-8.29,True,6.38,-11.76,-7.73,True
2026-07-15,1326.TW,1326,71.4,68.31,無特殊徵兆,➖ 中性/偏空,✅ 趨勢追蹤中，尚未觸發佈局點,2.24,-4.2,-3.5,False,2.94,-10.78,-1.12,True,8.68,-20.73,-18.07,True,8.68,-22.27,-16.53,True
2026-07-15,1301.TW,1301,65.9,67.95,無特殊徵兆,➖ 中性/偏空,✅ 趨勢追蹤中，尚未觸發佈局點,4.1,-1.37,-0.46,False,4.1,-8.95,-3.64,True,5.92,-17.75,-14.72,True,5.92,-19.73,-14.72,True
2026-07-15,2408.TW,2408,485.5,63.79,無特殊徵兆,➖ 中性/偏空,✅ 趨勢追蹤中，尚未觸發佈局點,-4.63,-10.3,-9.58,True,-4.63,-21.63,-8.24,True,-4.63,-27.19,-27.19,True,5.25,-33.68,-0.62,True
2026-07-15,3037.TW,3037,950.0,52.15,🌟 狙擊金叉 (底部扭轉),➖ 中性/偏空,🟡【黃燈強制攔截】大盤進入震盪洗盤期，戰情室強制攔截，禁止盲目開新倉建倉。,-3.68,-8.21,-7.16,True,-3.68,-21.37,-4.53,True,-3.37,-27.58,-27.58,True,6.32,-31.26,5.26,True
2026-07-15,0050.TW,元大台灣50,106.15,52.91,庫存動態防禦,➖ 中性/偏空,🛡️【洗盤耐受區】嚴禁攤平加碼，死守底線 (101.38)！,-0.04,-2.1,-0.37,False,-0.04,-7.96,-2.17,True,-0.04,-13.52,-11.73,True,-0.04,-13.52,-0.89,True
2026-07-15,2377.TW,2377,148.5,62.19,無特殊徵兆,➖ 中性/偏空,✅ 趨勢追蹤中，尚未觸發佈局點,-3.19,-5.16,-5.16,True,3.02,-13.99,1.38,True,3.35,-13.99,-10.06,True,10.54,-13.99,10.54,True
2026-07-15,2408.TW,2408,485.5,63.79,無特殊徵兆,➖ 中性/偏空,✅ 趨勢追蹤中，尚未觸發佈局點,-4.63,-10.3,-9.58,True,-4.63,-21.63,-8.24,True,-4.63,-27.19,-27.19,True,5.25,-33.68,-0.62,True
2026-07-16,2208.TW,台船,20.9,59.39,庫存動態防禦,➖ 中性/偏空,🛡️【洗盤耐受區】嚴禁攤平加碼，死守底線 (18.29)！,0.48,-4.78,-4.78,False,4.55,-6.46,-5.5,True,4.55,-13.88,-12.92,True,4.55,-13.88,-8.37,True
2026-07-16,0050.TW,元大台灣50,106.2,52.98,庫存動態防禦,➖ 中性/偏空,🛡️【洗盤耐受區】嚴禁攤平加碼，死守底線 (101.71)！,-3.55,-6.41,-6.27,True,-1.32,-8.0,-2.17,True,-1.32,-13.56,-11.96,True,0.75,-13.56,0.47,True
2026-07-16,2313.TW,2313,237.0,49.5,無特殊徵兆,➖ 中性/偏空,✅ 趨勢追蹤中，尚未觸發佈局點,-6.33,-10.55,-10.55,True,-6.33,-19.41,-9.7,True,-6.33,-35.02,-35.02,True,-5.06,-35.02,-10.55,True
2026-07-16,1301.TW,1301,65.7,67.75,無特殊徵兆,➖ 中性/偏空,✅ 趨勢追蹤中，尚未觸發佈局點,0.3,-5.63,-4.41,True,6.24,-8.68,0.76,True,6.24,-18.57,-17.81,True,6.24,-19.48,-12.48,True
2026-07-16,0050.TW,元大台灣50,106.15,52.83,庫存動態防禦,➖ 中性/偏空,🛡️【洗盤耐受區】嚴禁攤平加碼，死守底線 (101.66)！,-3.51,-6.36,-6.22,True,-1.27,-7.96,-2.12,True,-1.27,-13.52,-11.92,True,0.8,-13.52,0.52,True
2026-07-16,2313.TW,2313,241.5,51.24,無特殊徵兆,➖ 中性/偏空,✅ 趨勢追蹤中，尚未觸發佈局點,-8.07,-12.22,-12.22,True,-8.07,-20.91,-11.39,True,-8.07,-36.23,-36.23,True,-6.83,-36.23,-12.22,True
2026-07-16,1301.TW,1301,67.5,69.59,無特殊徵兆,➖ 中性/偏空,✅ 趨勢追蹤中，尚未觸發佈局點,-2.37,-8.15,-6.96,True,3.41,-11.11,-1.93,True,3.41,-20.74,-20.0,True,3.41,-21.63,-14.81,True
2026-07-16,2404.TW,2404,1265.0,55.1,無特殊徵兆,➖ 中性/偏空,✅ 趨勢追蹤中，尚未觸發佈局點,-1.19,-8.3,-8.3,True,-1.19,-12.65,-7.91,True,-1.19,-22.92,-20.16,True,-1.19,-22.92,-10.67,True
2026-07-16,1301.TW,1301,65.4,67.08,無特殊徵兆,➖ 中性/偏空,✅ 趨勢追蹤中，尚未觸發佈局點,0.76,-5.2,-3.98,True,6.73,-8.26,1.22,True,6.73,-18.2,-17.43,True,6.73,-19.11,-12.08,True
2026-07-16,2313.TW,2313,237.0,49.5,無特殊徵兆,➖ 中性/偏空,✅ 趨勢追蹤中，尚未觸發佈局點,-6.33,-10.55,-10.55,True,-6.33,-19.41,-9.7,True,-6.33,-35.02,-35.02,True,-5.06,-35.02,-10.55,True
2026-07-16,0050.TW,元大台灣50,106.4,53.55,庫存動態防禦,➖ 中性/偏空,🛡️【洗盤耐受區】嚴禁攤平加碼，死守底線 (101.91)！,-3.73,-6.58,-6.44,True,-1.5,-8.17,-2.35,True,-1.5,-13.72,-12.12,True,0.56,-13.72,0.28,True
2026-07-16,2208.TW,台船,20.75,58.3,庫存動態防禦,➖ 中性/偏空,🛡️【洗盤耐受區】嚴禁攤平加碼，死守底線 (18.11)！,1.2,-4.1,-4.1,False,5.3,-5.78,-4.82,True,5.3,-13.25,-12.29,True,5.3,-13.25,-7.71,True
2026-07-16,2615.TW,2615,80.7,56.51,無特殊徵兆,➖ 中性/偏空,✅ 趨勢追蹤中，尚未觸發佈局點,0.99,-1.49,-1.49,False,8.3,-1.49,4.71,False,8.92,-1.49,4.58,False,10.04,-1.49,8.43,False
2026-07-16,1525.TW,1525,66.9,58.34,無特殊徵兆,➖ 中性/偏空,✅ 趨勢追蹤中，尚未觸發佈局點,1.64,-1.35,1.64,False,2.99,-1.94,0.45,False,2.99,-1.94,1.64,False,3.14,-1.94,0.75,False
2026-07-16,0050.TW,元大台灣50,106.4,53.55,庫存動態防禦,➖ 中性/偏空,🛡️【洗盤耐受區】嚴禁攤平加碼，死守底線 (101.91)！,-3.73,-6.58,-6.44,True,-1.5,-8.17,-2.35,True,-1.5,-13.72,-12.12,True,0.56,-13.72,0.28,True
2026-07-16,2208.TW,台船,20.75,58.3,庫存動態防禦,➖ 中性/偏空,🛡️【洗盤耐受區】嚴禁攤平加碼，死守底線 (18.11)！,1.2,-4.1,-4.1,False,5.3,-5.78,-4.82,True,5.3,-13.25,-12.29,True,5.3,-13.25,-7.71,True
2026-07-16,2615.TW,2615,80.7,56.51,無特殊徵兆,➖ 中性/偏空,✅ 趨勢追蹤中，尚未觸發佈局點,0.99,-1.49,-1.49,False,8.3,-1.49,4.71,False,8.92,-1.49,4.58,False,10.04,-1.49,8.43,False
2026-07-16,1525.TW,1525,66.9,58.34,無特殊徵兆,➖ 中性/偏空,✅ 趨勢追蹤中，尚未觸發佈局點,1.64,-1.35,1.64,False,2.99,-1.94,0.45,False,2.99,-1.94,1.64,False,3.14,-1.94,0.75,False
2026-07-16,1301.TW,1301,67.5,69.59,無特殊徵兆,➖ 中性/偏空,✅ 趨勢追蹤中，尚未觸發佈局點,-2.37,-8.15,-6.96,True,3.41,-11.11,-1.93,True,3.41,-20.74,-20.0,True,3.41,-21.63,-14.81,True
2026-07-16,5347.TWO,5347O,190.5,56.29,無特殊徵兆,➖ 中性/偏空,✅ 趨勢追蹤中，尚未觸發佈局點,-9.19,-11.29,-11.29,True,-7.09,-22.05,-11.55,True,-7.09,-31.23,-27.56,True,-7.09,-31.23,-14.44,True
2026-07-16,0050.TW,元大台灣50,104.4,47.96,庫存動態防禦,➖ 中性/偏空,🛡️【洗盤耐受區】嚴禁攤平加碼，死守底線 (99.65)！,-1.89,-4.79,-4.65,False,0.38,-6.41,-0.48,True,0.38,-12.07,-10.44,True,2.49,-12.07,2.2,True
2026-07-16,5388.TW,5388,89.1,63.91,無特殊徵兆,➖ 中性/偏空,✅ 趨勢追蹤中，尚未觸發佈局點,-3.25,-6.73,-6.51,True,0.22,-8.19,-0.0,True,6.29,-11.56,-11.22,True,6.62,-11.56,-8.98,True
2026-07-16,5347.TWO,5347O,186.0,54.01,無特殊徵兆,➖ 中性/偏空,✅ 趨勢追蹤中，尚未觸發佈局點,-6.99,-9.14,-9.14,True,-4.84,-20.16,-9.41,True,-4.84,-29.57,-25.81,True,-4.84,-29.57,-12.37,True
2026-07-16,5388.TW,5388,89.1,63.91,無特殊徵兆,➖ 中性/偏空,✅ 趨勢追蹤中，尚未觸發佈局點,-3.25,-6.73,-6.51,True,0.22,-8.19,-0.0,True,6.29,-11.56,-11.22,True,6.62,-11.56,-8.98,True
2026-07-16,0050.TW,元大台灣50,104.9,49.48,庫存動態防禦,➖ 中性/偏空,🛡️【洗盤耐受區】嚴禁攤平加碼，死守底線 (100.24)！,-2.36,-5.25,-5.11,True,-0.1,-6.86,-0.95,True,-0.1,-12.49,-10.87,True,2.0,-12.49,1.72,True
2026-07-16,1326.TW,1326,71.2,68.16,無特殊徵兆,➖ 中性/偏空,✅ 趨勢追蹤中，尚未觸發佈局點,-0.98,-8.15,-7.16,True,8.99,-10.53,0.7,True,8.99,-21.63,-20.79,True,8.99,-22.05,-16.43,True
2026-07-16,2881.TW,2881,126.0,56.74,無特殊徵兆,➖ 中性/偏空,✅ 趨勢追蹤中，尚未觸發佈局點,-0.4,-2.38,-1.19,False,2.78,-3.17,1.98,False,3.17,-4.37,-1.59,False,5.16,-4.37,1.98,False
2026-07-16,0050.TW,元大台灣50,106.6,54.03,庫存動態防禦,➖ 中性/偏空,🛡️【洗盤耐受區】嚴禁攤平加碼，死守底線 (101.77)！,-3.91,-6.76,-6.62,True,-1.69,-8.34,-2.53,True,-1.69,-13.88,-12.29,True,0.38,-13.88,0.09,True
2026-07-16,2313.TW,2313,242.0,51.44,無特殊徵兆,➖ 中性/偏空,✅ 趨勢追蹤中，尚未觸發佈局點,-8.26,-12.4,-12.4,True,-8.26,-21.07,-11.57,True,-8.26,-36.36,-36.36,True,-7.02,-36.36,-12.4,True
2026-07-17,2615.TW,2615,80.8,56.78,無特殊徵兆,➖ 中性/偏空,✅ 趨勢追蹤中，尚未觸發佈局點,3.22,-1.24,-0.37,False,8.79,-1.24,7.67,False,8.79,-1.24,4.83,False,13.12,-1.24,12.13,False
2026-07-17,2208.TW,台船,20.35,55.36,庫存動態防禦,➖ 中性/偏空,🛡️【洗盤耐受區】嚴禁攤平加碼，死守底線 (17.70)！,3.69,-2.7,-0.98,False,7.37,-3.93,-2.46,False,7.37,-11.55,-6.63,True,7.37,-11.55,-0.25,True
2026-07-17,2615.TW,2615,80.3,55.11,無特殊徵兆,➖ 中性/偏空,✅ 趨勢追蹤中，尚未觸發佈局點,3.86,-0.62,0.25,False,9.46,-0.62,8.34,False,9.46,-0.62,5.48,False,13.82,-0.62,12.83,False
2026-07-17,2208.TW,台船,20.75,58.3,庫存動態防禦,➖ 中性/偏空,🛡️【洗盤耐受區】嚴禁攤平加碼，死守底線 (18.15)！,1.69,-4.58,-2.89,False,5.3,-5.78,-4.34,True,5.3,-13.25,-8.43,True,5.3,-13.25,-2.17,True
2026-07-19,3481.TW,群創,52.6,39.59,無特殊徵兆,➖ 中性/偏空,✅ 趨勢追蹤中，尚未觸發佈局點,1.33,-6.65,-4.18,True,2.85,-6.65,-5.89,True,2.85,-23.0,-13.5,True,2.85,-23.0,-4.75,True
2026-07-19,3042.TW,晶技,168.5,38.37,無特殊徵兆,➖ 中性/偏空,✅ 趨勢追蹤中，尚未觸發佈局點,-1.19,-8.9,-6.82,True,5.34,-8.9,-2.08,True,5.34,-20.47,-11.28,True,16.62,-20.47,7.12,True
2026-07-19,2887.TW,台新金,35.55,66.71,無特殊徵兆,➖ 中性/偏空,✅ 趨勢追蹤中，尚未觸發佈局點,-3.16,-7.22,-4.92,True,-1.55,-7.22,-3.94,True,1.27,-10.41,1.13,True,6.33,-10.41,6.19,True
2026-07-19,2883.TW,凱基金,30.0,61.26,無特殊徵兆,➖ 中性/偏空,✅ 趨勢追蹤中，尚未觸發佈局點,2.0,-1.5,-1.5,False,4.33,-1.67,2.17,False,4.33,-5.5,2.83,True,5.83,-5.5,5.5,True
2026-07-19,2637.TW,慧洋,79.4,53.27,無特殊徵兆,➖ 中性/偏空,✅ 趨勢追蹤中，尚未觸發佈局點,11.84,9.32,10.83,False,11.84,5.67,11.71,False,,,,False,,,,False
2026-07-19,3037.TW,欣興,794.0,38.97,無特殊徵兆,➖ 中性/偏空,✅ 趨勢追蹤中，尚未觸發佈局點,2.27,-5.92,-5.54,True,15.62,-5.92,5.67,True,15.62,-17.76,-0.88,True,31.61,-17.76,28.46,True
2026-07-19,6116.TW,彩晶,15.0,39.97,無特殊徵兆,➖ 中性/偏空,✅ 趨勢追蹤中，尚未觸發佈局點,1.0,-7.67,-4.67,True,1.33,-8.0,-8.0,True,1.33,-23.0,-17.0,True,1.33,-23.0,-7.33,True
2026-07-19,8150.TW,南茂,110.5,53.09,無特殊徵兆,➖ 中性/偏空,✅ 趨勢追蹤中，尚未觸發佈局點,-2.26,-9.5,-6.79,True,-0.9,-18.1,-17.83,True,-0.9,-40.54,-34.3,True,-0.9,-40.54,-16.83,True
2026-07-19,8081.TW,致新,240.5,33.41,無特殊徵兆,➖ 中性/偏空,✅ 趨勢追蹤中，尚未觸發佈局點,0.62,-4.78,-2.91,False,11.02,-4.78,8.94,False,11.02,-4.78,2.29,False,15.18,-4.78,7.28,False
2026-07-19,2408.TW,南亞科,395.5,46.7,無特殊徵兆,➖ 中性/偏空,✅ 趨勢追蹤中，尚未觸發佈局點,2.65,-3.79,-3.67,False,14.29,-3.79,1.39,False,14.29,-18.58,-8.85,True,37.04,-18.58,29.46,True
2026-07-19,1609.TW,大亞,36.8,44.94,無特殊徵兆,➖ 中性/偏空,✅ 趨勢追蹤中，尚未觸發佈局點,2.04,-3.26,-1.22,False,4.48,-3.26,0.14,False,4.48,-12.77,-8.02,True,5.43,-12.77,3.67,True
2026-07-19,1795.TW,美時,188.0,40.81,無特殊徵兆,➖ 中性/偏空,✅ 趨勢追蹤中，尚未觸發佈局點,1.06,-0.53,0.27,False,1.06,-4.26,-2.13,False,,,,False,,,,False
2026-07-19,1305.TW,華夏,12.65,44.69,無特殊徵兆,➖ 中性/偏空,✅ 趨勢追蹤中，尚未觸發佈局點,0.39,-4.32,-3.14,False,6.32,-4.32,-1.58,False,6.32,-16.21,-12.25,True,6.32,-16.21,-6.72,True
2026-07-19,1301.TW,台塑,62.8,61.33,無特殊徵兆,➖ 中性/偏空,✅ 趨勢追蹤中，尚未觸發佈局點,1.43,-4.46,-3.5,False,11.15,-4.46,-0.16,False,11.15,-14.81,-12.42,True,11.15,-15.76,-4.46,True
2026-07-19,2409.TW,友達,25.8,43.58,無特殊徵兆,➖ 中性/偏空,✅ 趨勢追蹤中，尚未觸發佈局點,0.79,-6.45,-3.22,True,2.12,-6.45,-2.83,True,2.12,-16.17,-6.2,True,8.14,-16.17,-0.0,True
2026-07-19,1326.TW,台化,66.1,59.11,無特殊徵兆,➖ 中性/偏空,✅ 趨勢追蹤中，尚未觸發佈局點,1.97,-3.63,-2.87,False,17.4,-3.63,2.12,False,17.4,-15.58,-13.16,True,17.4,-16.04,-8.47,True
2026-07-19,2377.TW,微星,141.5,52.29,無特殊徵兆,➖ 中性/偏空,✅ 趨勢追蹤中，尚未觸發佈局點,-2.18,-9.73,-2.87,True,8.46,-9.73,0.57,True,8.46,-9.73,-2.52,True,19.1,-9.73,9.15,True
2026-07-19,2356.TW,英業達,58.5,38.48,無特殊徵兆,➖ 中性/偏空,✅ 趨勢追蹤中，尚未觸發佈局點,4.44,-2.74,-2.22,False,11.11,-2.74,10.26,False,11.11,-2.91,5.64,False,25.64,-2.91,19.49,False
2026-07-19,2353.TW,宏碁,29.6,36.19,無特殊徵兆,➖ 中性/偏空,✅ 趨勢追蹤中，尚未觸發佈局點,2.03,-3.21,-1.18,False,4.9,-3.21,1.52,False,4.9,-6.59,-2.53,True,12.16,-6.59,9.12,True
2026-07-19,2324.TW,仁寶,36.0,50.45,無特殊徵兆,➖ 中性/偏空,✅ 趨勢追蹤中，尚未觸發佈局點,0.56,-6.39,-4.44,True,4.72,-6.39,3.33,True,4.72,-7.78,0.0,True,20.0,-7.78,20.0,True
2026-07-19,2344.TW,華邦電,155.0,40.64,無特殊徵兆,➖ 中性/偏空,✅ 趨勢追蹤中，尚未觸發佈局點,1.29,-5.81,-2.58,True,10.97,-5.81,-0.32,True,10.97,-24.52,-16.13,True,24.52,-24.52,18.39,True
2026-07-20,0050.TW,元大台灣50,99.85,38.03,庫存動態防禦,➖ 中性/偏空,🩸【戰術撤離】跌破防守底線 (92.55)，無條件停損變現！,2.65,-0.0,2.65,False,4.96,-0.0,1.6,False,4.96,-8.06,2.15,True,7.66,-8.06,6.61,True
2026-07-20,0050.TW,元大台灣50,99.2,36.9,庫存動態防禦,➖ 中性/偏空,🩸【戰術撤離】跌破防守底線 (91.90)，無條件停損變現！,3.33,0.66,3.33,False,5.65,0.66,2.27,False,5.65,-7.46,2.82,True,8.37,-7.46,7.31,True
2026-07-20,0050.TW,元大台灣50,99.75,37.85,庫存動態防禦,➖ 中性/偏空,🩸【戰術撤離】跌破防守底線 (92.45)，無條件停損變現！,2.76,0.1,2.76,False,5.06,0.1,1.7,False,5.06,-7.97,2.26,True,7.77,-7.97,6.72,True
2026-07-20,0050.TW,元大台灣50,100.0,38.31,庫存動態防禦,➖ 中性/偏空,🩸【戰術撤離】跌破防守底線 (92.70)，無條件停損變現！,2.5,-0.15,2.5,False,4.8,-0.15,1.45,False,4.8,-8.2,2.0,True,7.5,-8.2,6.45,True
2026-07-21,2886.TW,2886,48.6,72.41,無特殊徵兆,➖ 中性/偏空,✅ 趨勢追蹤中，尚未觸發佈局點,-2.7,-5.48,-4.39,True,-0.92,-6.57,-1.91,True,6.52,-6.57,0.57,True,6.52,-7.51,-3.5,True
2026-07-21,2207.TW,2207,492.0,61.27,無特殊徵兆,➖ 中性/偏空,✅ 趨勢追蹤中，尚未觸發佈局點,0.81,-0.41,0.0,False,2.64,-1.42,1.63,False,16.46,-1.42,5.08,False,16.46,-1.42,4.07,False
2026-07-21,2886.TW,2886,48.6,72.41,無特殊徵兆,➖ 中性/偏空,✅ 趨勢追蹤中，尚未觸發佈局點,-2.7,-5.48,-4.39,True,-0.92,-6.57,-1.91,True,6.52,-6.57,0.57,True,6.52,-7.51,-3.5,True
2026-07-21,2207.TW,2207,492.0,61.27,無特殊徵兆,➖ 中性/偏空,✅ 趨勢追蹤中，尚未觸發佈局點,0.81,-0.41,0.0,False,2.64,-1.42,1.63,False,16.46,-1.42,5.08,False,16.46,-1.42,4.07,False
2026-07-21,0050.TW,元大台灣50,102.5,47.18,庫存動態防禦,➖ 中性/偏空,🛡️【洗盤耐受區】嚴禁攤平加碼，死守底線 (97.41)！,2.24,0.78,1.32,False,2.24,-5.46,-5.22,True,2.24,-10.44,-1.8,True,4.88,-10.44,2.34,True
2026-07-21,0050.TW,元大台灣50,102.3,45.31,庫存動態防禦,➖ 中性/偏空,🛡️【洗盤耐受區】嚴禁攤平加碼，死守底線 (97.29)！,2.44,0.98,1.52,False,2.44,-5.28,-5.03,True,2.44,-10.26,-1.61,True,5.08,-10.26,2.54,True
2026-07-21,0050.TW,元大台灣50,100.0,39.3,庫存動態防禦,➖ 中性/偏空,🩸【戰術撤離】跌破防守底線 (92.98)，無條件停損變現！,4.8,3.3,3.85,False,4.8,-3.1,-2.85,False,4.8,-8.2,0.65,True,7.5,-8.2,4.9,True
2026-07-21,0050.TW,元大台灣50,101.3,42.85,庫存動態防禦,➖ 中性/偏空,🩸【戰術撤離】跌破防守底線 (93.98)，無條件停損變現！,3.46,1.97,2.52,False,3.46,-4.34,-4.1,False,3.46,-9.38,-0.64,True,6.12,-9.38,3.55,True
2026-07-21,0050.TW,元大台灣50,102.5,47.18,庫存動態防禦,➖ 中性/偏空,🛡️【洗盤耐受區】嚴禁攤平加碼，死守底線 (97.41)！,2.24,0.78,1.32,False,2.24,-5.46,-5.22,True,2.24,-10.44,-1.8,True,4.88,-10.44,2.34,True
2026-07-21,0050.TW,元大台灣50,102.05,44.71,庫存動態防禦,➖ 中性/偏空,🛡️【洗盤耐受區】嚴禁攤平加碼，死守底線 (97.07)！,2.69,1.22,1.76,False,2.69,-5.05,-4.8,True,2.69,-10.04,-1.37,True,5.34,-10.04,2.79,True
2026-07-21,1532.TW,1532,23.25,54.92,無特殊徵兆,➖ 中性/偏空,✅ 趨勢追蹤中，尚未觸發佈局點,-2.72,-3.96,-3.96,False,-2.72,-7.07,-6.45,True,-2.72,-9.46,-7.53,True,-2.72,-9.46,-3.44,True
2026-07-22,2207.TW,2207,492.0,61.27,無特殊徵兆,➖ 中性/偏空,✅ 趨勢追蹤中，尚未觸發佈局點,0.91,-0.71,0.0,False,5.89,-1.42,5.49,False,16.46,-1.42,3.46,False,16.46,-1.42,2.85,False
2026-07-22,2880.TW,2880,41.25,68.83,無特殊徵兆,➖ 中性/偏空,✅ 趨勢追蹤中，尚未觸發佈局點,-4.0,-7.83,-4.12,True,-1.21,-7.83,-2.84,True,4.95,-7.83,1.81,True,4.95,-7.88,-5.45,True
2026-07-22,4536.TW,4536,165.5,62.66,無特殊徵兆,➖ 中性/偏空,✅ 趨勢追蹤中，尚未觸發佈局點,0.3,-1.21,-0.91,False,2.11,-2.11,0.91,False,2.42,-2.11,0.3,False,4.23,-2.11,2.42,False
2026-07-22,0050.TW,元大台灣50,103.85,50.2,庫存動態防禦,➖ 中性/偏空,🛡️【洗盤耐受區】嚴禁攤平加碼，死守底線 (98.78)！,0.91,-0.91,0.05,False,0.91,-11.6,-9.77,True,0.91,-11.6,-0.05,True,3.51,-11.6,-0.72,True
2026-07-22,2615.TW,2615,85.4,66.07,無特殊徵兆,➖ 中性/偏空,✅ 趨勢追蹤中，尚未觸發佈局點,0.23,-2.11,-1.05,False,2.93,-3.98,-0.47,False,2.93,-3.98,0.0,False,26.46,-3.98,24.71,False
2026-07-22,4536.TW,4536,165.5,62.66,無特殊徵兆,➖ 中性/偏空,✅ 趨勢追蹤中，尚未觸發佈局點,0.3,-1.21,-0.91,False,2.11,-2.11,0.91,False,2.42,-2.11,0.3,False,4.23,-2.11,2.42,False
2026-07-22,1532.TW,1532,23.15,53.35,無特殊徵兆,➖ 中性/偏空,✅ 趨勢追蹤中，尚未觸發佈局點,-2.92,-3.96,-3.13,False,-2.51,-8.96,-6.67,True,-2.51,-9.07,-6.48,True,-2.38,-9.07,-2.81,True
2026-07-22,0050.TW,元大台灣50,103.85,50.2,庫存動態防禦,➖ 中性/偏空,🛡️【洗盤耐受區】嚴禁攤平加碼，死守底線 (98.78)！,0.91,-0.91,0.05,False,0.91,-11.6,-9.77,True,0.91,-11.6,-0.05,True,3.51,-11.6,-0.72,True
2026-07-22,2880.TW,2880,41.25,68.83,無特殊徵兆,➖ 中性/偏空,✅ 趨勢追蹤中，尚未觸發佈局點,-4.0,-7.83,-4.12,True,-1.21,-7.83,-2.84,True,4.95,-7.83,1.81,True,4.95,-7.88,-5.45,True
2026-07-22,2207.TW,2207,492.0,61.27,無特殊徵兆,➖ 中性/偏空,✅ 趨勢追蹤中，尚未觸發佈局點,0.91,-0.71,0.0,False,5.89,-1.42,5.49,False,16.46,-1.42,3.46,False,16.46,-1.42,2.85,False
2026-07-22,4536.TW,4536,165.5,62.66,無特殊徵兆,➖ 中性/偏空,✅ 趨勢追蹤中，尚未觸發佈局點,0.3,-1.21,-0.91,False,2.11,-2.11,0.91,False,2.42,-2.11,0.3,False,4.23,-2.11,2.42,False
2026-07-22,2207.TW,2207,492.5,61.56,無特殊徵兆,➖ 中性/偏空,✅ 趨勢追蹤中，尚未觸發佈局點,0.81,-0.81,-0.1,False,5.79,-1.52,5.38,False,16.35,-1.52,3.35,False,16.35,-1.52,2.74,False
2026-07-22,2880.TW,2880,40.6,65.42,無特殊徵兆,➖ 中性/偏空,✅ 趨勢追蹤中，尚未觸發佈局點,-2.46,-6.36,-2.58,True,0.37,-6.36,-1.28,True,6.63,-6.36,3.44,True,6.63,-6.4,-3.94,True
2026-07-22,1532.TW,1532,23.15,53.35,無特殊徵兆,➖ 中性/偏空,✅ 趨勢追蹤中，尚未觸發佈局點,-2.92,-3.96,-3.13,False,-2.51,-8.96,-6.67,True,-2.51,-9.07,-6.48,True,-2.38,-9.07,-2.81,True
2026-07-22,2324.TW,2324,36.6,53.42,無特殊徵兆,➖ 中性/偏空,✅ 趨勢追蹤中，尚未觸發佈局點,3.01,-0.55,0.41,False,3.01,-7.38,-4.78,True,3.55,-9.29,0.96,True,22.81,-9.29,7.38,True
2026-07-22,0050.TW,元大台灣50,104.55,51.34,庫存動態防禦,➖ 中性/偏空,🛡️【洗盤耐受區】嚴禁攤平加碼，死守底線 (99.13)！,0.24,-1.58,-0.62,False,0.24,-12.2,-10.38,True,0.24,-12.2,-0.72,True,2.82,-12.2,-1.39,True
2026-07-22,2886.TW,2886,48.5,71.24,無特殊徵兆,➖ 中性/偏空,✅ 趨勢追蹤中，尚未觸發佈局點,-3.89,-5.38,-4.29,True,0.38,-6.38,-0.81,True,6.74,-6.38,1.77,True,6.74,-7.32,-2.99,True
2026-07-22,2880.TW,2880,40.75,66.65,無特殊徵兆,➖ 中性/偏空,✅ 趨勢追蹤中，尚未觸發佈局點,-2.82,-6.7,-2.94,True,0.0,-6.7,-1.64,True,6.24,-6.7,3.06,True,6.24,-6.75,-4.29,True
2026-07-22,2207.TW,2207,490.5,59.92,無特殊徵兆,➖ 中性/偏空,✅ 趨勢追蹤中，尚未觸發佈局點,1.22,-0.41,0.31,False,6.22,-1.12,5.81,False,16.82,-1.12,3.77,False,16.82,-1.12,3.16,False
2026-07-22,2201.TW,2201,28.45,53.37,無特殊徵兆,➖ 中性/偏空,✅ 趨勢追蹤中，尚未觸發佈局點,-0.35,-1.58,-1.41,False,-0.35,-6.33,-5.1,True,1.05,-6.33,-3.87,True,2.28,-6.33,1.23,True
2026-07-22,0050.TW,元大台灣50,103.75,49.8,庫存動態防禦,➖ 中性/偏空,🛡️【洗盤耐受區】嚴禁攤平加碼，死守底線 (98.33)！,1.01,-0.82,0.14,False,1.01,-11.52,-9.69,True,1.01,-11.52,0.05,True,3.61,-11.52,-0.63,True
2026-07-22,2886.TW,2886,48.5,71.24,無特殊徵兆,➖ 中性/偏空,✅ 趨勢追蹤中，尚未觸發佈局點,-3.89,-5.38,-4.29,True,0.38,-6.38,-0.81,True,6.74,-6.38,1.77,True,6.74,-7.32,-2.99,True
2026-07-22,0050.TW,元大台灣50,104.1,50.72,庫存動態防禦,➖ 中性/偏空,🛡️【洗盤耐受區】嚴禁攤平加碼，死守底線 (99.03)！,0.67,-1.15,-0.19,False,0.67,-11.82,-9.99,True,0.67,-11.82,-0.29,True,3.27,-11.82,-0.96,True
2026-07-22,2615.TW,2615,85.9,66.94,無特殊徵兆,➖ 中性/偏空,✅ 趨勢追蹤中，尚未觸發佈局點,-0.35,-2.68,-1.63,False,2.33,-4.54,-1.05,False,2.33,-4.54,-0.58,False,25.73,-4.54,23.98,False
2026-07-22,4536.TW,4536,164.5,59.93,無特殊徵兆,➖ 中性/偏空,✅ 趨勢追蹤中，尚未觸發佈局點,0.91,-0.61,-0.3,False,2.74,-1.52,1.52,False,3.04,-1.52,0.91,False,4.86,-1.52,3.04,False
2026-07-22,2207.TW,2207,492.0,61.27,無特殊徵兆,➖ 中性/偏空,✅ 趨勢追蹤中，尚未觸發佈局點,0.91,-0.71,0.0,False,5.89,-1.42,5.49,False,16.46,-1.42,3.46,False,16.46,-1.42,2.85,False
2026-07-22,0050.TW,元大台灣50,103.9,50.1,庫存動態防禦,➖ 中性/偏空,🛡️【洗盤耐受區】嚴禁攤平加碼，死守底線 (98.48)！,0.87,-0.96,0.0,False,0.87,-11.65,-9.82,True,0.87,-11.65,-0.1,True,3.46,-11.65,-0.77,True
2026-07-23,5880.TW,5880,25.5,65.31,無特殊徵兆,➖ 中性/偏空,✅ 趨勢追蹤中，尚未觸發佈局點,-4.76,-6.43,-4.95,True,0.05,-6.43,0.05,True,2.46,-6.43,-3.28,True,2.46,-6.47,-2.75,True
2026-07-23,0050.TW,元大台灣50,103.15,48.65,庫存動態防禦,➖ 中性/偏空,🛡️【洗盤耐受區】嚴禁攤平加碼，死守底線 (98.19)！,-0.1,-1.79,-1.41,False,-0.1,-11.0,-9.36,True,1.55,-11.0,0.15,True,4.22,-11.0,0.63,True
2026-07-23,6669.TW,6669,5485.0,61.58,無特殊徵兆,➖ 中性/偏空,✅ 趨勢追蹤中，尚未觸發佈局點,6.38,-2.01,4.47,False,6.38,-11.3,-10.67,True,16.68,-11.3,14.22,True,22.88,-11.3,15.31,True
2026-07-23,1532.TW,1532,23.1,52.43,無特殊徵兆,➖ 中性/偏空,✅ 趨勢追蹤中，尚未觸發佈局點,-2.3,-3.97,-2.71,False,-2.3,-8.77,-5.84,True,-2.3,-8.87,-6.93,True,-0.22,-8.87,-0.65,True
2026-07-23,5388.TW,5388,88.4,59.33,無特殊徵兆,➖ 中性/偏空,✅ 趨勢追蹤中，尚未觸發佈局點,2.38,-0.57,0.34,False,7.13,-10.86,-10.52,True,7.13,-10.86,3.85,True,7.47,-12.9,-12.22,True
2026-07-23,2377.TW,2377,150.0,58.9,無特殊徵兆,➖ 中性/偏空,✅ 趨勢追蹤中，尚未觸發佈局點,-2.22,-6.43,-5.13,True,-2.22,-13.88,-11.93,True,2.31,-13.88,-0.28,True,12.35,-13.88,-6.67,True
2026-07-23,5388.TW,5388,88.7,59.85,無特殊徵兆,➖ 中性/偏空,✅ 趨勢追蹤中，尚未觸發佈局點,2.03,-0.9,-0.0,False,6.76,-11.16,-10.82,True,6.76,-11.16,3.49,True,7.1,-13.19,-12.51,True
2026-07-23,1532.TW,1532,23.25,54.93,無特殊徵兆,➖ 中性/偏空,✅ 趨勢追蹤中，尚未觸發佈局點,-2.93,-4.58,-3.34,False,-2.93,-9.36,-6.45,True,-2.93,-9.46,-7.53,True,-0.86,-9.46,-1.29,True
2026-07-23,1532.TW,1532,23.2,54.15,無特殊徵兆,➖ 中性/偏空,✅ 趨勢追蹤中，尚未觸發佈局點,-2.72,-4.38,-3.13,False,-2.72,-9.16,-6.25,True,-2.72,-9.27,-7.33,True,-0.65,-9.27,-1.08,True
2026-07-23,2207.TW,2207,492.5,61.58,無特殊徵兆,➖ 中性/偏空,✅ 趨勢追蹤中，尚未觸發佈局點,0.71,-1.52,0.2,False,12.69,-1.52,11.88,False,16.35,-1.52,4.77,False,16.35,-1.52,3.15,False
2026-07-23,2207.TW,2207,492.0,61.27,無特殊徵兆,➖ 中性/偏空,✅ 趨勢追蹤中，尚未觸發佈局點,0.81,-1.42,0.3,False,12.8,-1.42,11.99,False,16.46,-1.42,4.88,False,16.46,-1.42,3.25,False
2026-07-23,5880.TW,5880,25.6,67.83,無特殊徵兆,➖ 中性/偏空,✅ 趨勢追蹤中，尚未觸發佈局點,-5.14,-6.8,-5.32,True,-0.34,-6.8,-0.34,True,2.06,-6.8,-3.66,True,2.06,-6.84,-3.13,True
2026-07-23,2880.TW,2880,41.25,68.83,無特殊徵兆,➖ 中性/偏空,✅ 趨勢追蹤中，尚未觸發佈局點,-3.88,-7.14,-5.39,True,-0.86,-7.14,-0.86,True,4.95,-7.14,2.39,True,4.95,-7.88,-5.94,True
2026-07-23,2886.TW,2886,48.15,67.38,無特殊徵兆,➖ 中性/偏空,✅ 趨勢追蹤中，尚未觸發佈局點,-2.49,-5.7,-2.99,True,3.51,-5.7,3.11,True,7.52,-5.7,0.71,True,7.52,-6.65,-3.63,True
2026-07-23,0050.TW,元大台灣50,103.9,50.31,庫存動態防禦,➖ 中性/偏空,🛡️【洗盤耐受區】嚴禁攤平加碼，死守底線 (98.94)！,-0.82,-2.5,-2.12,False,-0.82,-11.65,-10.01,True,0.82,-11.65,-0.58,True,3.46,-11.65,-0.1,True
2026-07-23,2377.TW,2377,151.0,60.14,無特殊徵兆,➖ 中性/偏空,✅ 趨勢追蹤中，尚未觸發佈局點,-2.87,-7.05,-5.76,True,-2.87,-14.45,-12.52,True,1.64,-14.45,-0.94,True,11.61,-14.45,-7.28,True
2026-07-23,5880.TW,5880,25.5,65.31,無特殊徵兆,➖ 中性/偏空,✅ 趨勢追蹤中，尚未觸發佈局點,-4.76,-6.43,-4.95,True,0.05,-6.43,0.05,True,2.46,-6.43,-3.28,True,2.46,-6.47,-2.75,True
2026-07-23,4536.TW,4536,166.0,63.73,無特殊徵兆,➖ 中性/偏空,✅ 趨勢追蹤中，尚未觸發佈局點,-0.3,-2.41,-0.3,False,1.81,-2.41,-0.9,False,2.11,-2.41,0.9,False,3.92,-2.41,2.71,False
2026-07-23,2886.TW,2886,48.0,65.75,無特殊徵兆,➖ 中性/偏空,✅ 趨勢追蹤中，尚未觸發佈局點,-2.19,-5.4,-2.69,True,3.84,-5.4,3.44,True,7.85,-5.4,1.03,True,7.85,-6.35,-3.33,True
2026-07-23,2884.TW,2884,36.05,67.13,無特殊徵兆,➖ 中性/偏空,✅ 趨勢追蹤中，尚未觸發佈局點,-0.14,-2.77,-0.28,False,4.85,-2.77,4.58,False,8.46,-2.77,5.27,False,8.46,-2.77,3.61,False
2026-07-23,0050.TW,元大台灣50,104.3,51.13,庫存動態防禦,➖ 中性/偏空,🛡️【洗盤耐受區】嚴禁攤平加碼，死守底線 (99.23)！,-1.2,-2.88,-2.49,False,-1.2,-11.98,-10.35,True,0.43,-11.98,-0.96,True,3.07,-11.98,-0.48,True
2026-07-23,5880.TW,5880,25.5,65.31,無特殊徵兆,➖ 中性/偏空,✅ 趨勢追蹤中，尚未觸發佈局點,-4.76,-6.43,-4.95,True,0.05,-6.43,0.05,True,2.46,-6.43,-3.28,True,2.46,-6.47,-2.75,True
2026-07-23,0050.TW,元大台灣50,103.8,50.1,庫存動態防禦,➖ 中性/偏空,🛡️【洗盤耐受區】嚴禁攤平加碼，死守底線 (98.73)！,-0.72,-2.41,-2.02,False,-0.72,-11.56,-9.92,True,0.92,-11.56,-0.48,True,3.56,-11.56,0.0,True
2026-07-23,1532.TW,1532,23.2,54.15,無特殊徵兆,➖ 中性/偏空,✅ 趨勢追蹤中，尚未觸發佈局點,-2.72,-4.38,-3.13,False,-2.72,-9.16,-6.25,True,-2.72,-9.27,-7.33,True,-0.65,-9.27,-1.08,True
2026-07-23,0050.TW,元大台灣50,103.2,48.79,庫存動態防禦,➖ 中性/偏空,🛡️【洗盤耐受區】嚴禁攤平加碼，死守底線 (98.13)！,-0.15,-1.84,-1.45,False,-0.15,-11.05,-9.4,True,1.5,-11.05,0.1,True,4.17,-11.05,0.58,True
2026-07-23,2207.TW,2207,494.0,62.48,無特殊徵兆,➖ 中性/偏空,✅ 趨勢追蹤中，尚未觸發佈局點,0.4,-1.82,-0.1,False,12.35,-1.82,11.54,False,15.99,-1.82,4.45,False,15.99,-1.82,2.83,False
2026-07-23,5880.TW,5880,25.55,67.0,無特殊徵兆,➖ 中性/偏空,✅ 趨勢追蹤中，尚未觸發佈局點,-4.95,-6.61,-5.13,True,-0.14,-6.61,-0.14,True,2.26,-6.61,-3.47,True,2.26,-6.65,-2.94,True
2026-07-23,4536.TW,4536,165.5,62.66,無特殊徵兆,➖ 中性/偏空,✅ 趨勢追蹤中，尚未觸發佈局點,0.0,-2.11,0.0,False,2.11,-2.11,-0.6,False,2.42,-2.11,1.21,False,4.23,-2.11,3.02,False
2026-07-24,4536.TW,4536,163.5,55.96,無特殊徵兆,➖ 中性/偏空,✅ 趨勢追蹤中，尚未觸發佈局點,1.53,0.61,1.22,False,3.67,0.31,1.22,False,4.89,0.31,3.98,False,5.5,0.31,5.2,False
2026-07-24,1532.TW,1532,23.25,54.93,無特殊徵兆,➖ 中性/偏空,✅ 趨勢追蹤中，尚未觸發佈局點,-2.93,-5.41,-5.0,True,-2.93,-9.36,-8.17,True,-2.93,-9.46,-6.24,True,-0.65,-9.46,-0.65,True
2026-07-24,0050.TW,元大台灣50,101.7,45.41,庫存動態防禦,➖ 中性/偏空,🩸【戰術撤離】跌破防守底線 (94.11)，無條件停損變現！,-0.1,-1.62,-0.25,False,1.13,-9.73,1.13,True,3.0,-9.73,1.13,True,5.7,-9.73,,True
2026-07-24,0050.TW,元大台灣50,101.5,45.34,庫存動態防禦,➖ 中性/偏空,🛡️【洗盤耐受區】嚴禁攤平加碼，死守底線 (93.93)！,0.1,-1.43,-0.05,False,1.33,-9.56,1.33,True,3.2,-9.56,1.33,True,5.91,-9.56,,True
2026-07-24,0050.TW,元大台灣50,101.55,45.11,庫存動態防禦,➖ 中性/偏空,🩸【戰術撤離】跌破防守底線 (93.96)，無條件停損變現！,0.05,-1.48,-0.1,False,1.28,-9.6,1.28,True,3.15,-9.6,1.28,True,5.86,-9.6,,True
2026-07-24,0050.TW,元大台灣50,101.7,45.41,庫存動態防禦,➖ 中性/偏空,🩸【戰術撤離】跌破防守底線 (94.11)，無條件停損變現！,-0.1,-1.62,-0.25,False,1.13,-9.73,1.13,True,3.0,-9.73,1.13,True,5.7,-9.73,,True
2026-07-24,2886.TW,2886,47.95,65.07,無特殊徵兆,➖ 中性/偏空,✅ 趨勢追蹤中，尚未觸發佈局點,0.13,-2.89,-0.68,False,7.97,-2.89,6.76,False,7.97,-2.89,2.34,False,7.97,-6.26,-2.09,True
2026-07-24,2884.TW,2884,35.5,60.56,無特殊徵兆,➖ 中性/偏空,✅ 趨勢追蹤中，尚未觸發佈局點,2.54,1.13,2.54,False,10.14,0.99,8.87,False,10.14,0.99,7.46,False,10.14,0.99,7.04,False
2026-07-24,0050.TW,元大台灣50,103.85,50.2,庫存動態防禦,➖ 中性/偏空,🛡️【洗盤耐受區】嚴禁攤平加碼，死守底線 (98.78)！,-2.17,-3.66,-2.31,False,-0.96,-11.6,-0.96,True,0.87,-11.6,-0.96,True,3.51,-11.6,,True
2026-07-24,2884.TW,2884,35.5,60.56,無特殊徵兆,➖ 中性/偏空,✅ 趨勢追蹤中，尚未觸發佈局點,2.54,1.13,2.54,False,10.14,0.99,8.87,False,10.14,0.99,7.46,False,10.14,0.99,7.04,False
2026-07-24,1532.TW,1532,23.3,55.73,無特殊徵兆,➖ 中性/偏空,✅ 趨勢追蹤中，尚未觸發佈局點,-3.13,-5.62,-5.2,True,-3.13,-9.55,-8.37,True,-3.13,-9.66,-6.44,True,-0.86,-9.66,-0.86,True
2026-07-24,0050.TW,元大台灣50,102.4,47.08,庫存動態防禦,➖ 中性/偏空,🛡️【洗盤耐受區】嚴禁攤平加碼，死守底線 (97.44)！,-0.78,-2.29,-0.93,False,0.44,-10.35,0.44,True,2.29,-10.35,0.44,True,4.98,-10.35,,True
2026-07-27,0050.TW,元大台灣50,100.95,43.84,庫存動態防禦,➖ 中性/偏空,🩸【戰術撤離】跌破防守底線 (93.69)，無條件停損變現！,-2.58,-4.01,-3.76,False,1.88,-9.06,1.04,True,3.76,-9.06,3.27,True,,,,False
2026-07-27,0050.TW,元大台灣50,101.45,44.88,庫存動態防禦,➖ 中性/偏空,🩸【戰術撤離】跌破防守底線 (94.19)，無條件停損變現！,-3.06,-4.48,-4.24,False,1.38,-9.51,0.54,True,3.25,-9.51,2.76,True,,,,False
2026-07-27,0050.TW,元大台灣50,101.1,44.15,庫存動態防禦,➖ 中性/偏空,🩸【戰術撤離】跌破防守底線 (93.84)，無條件停損變現！,-2.72,-4.15,-3.91,False,1.73,-9.2,0.89,True,3.61,-9.2,3.12,True,,,,False
2026-07-27,0050.TW,元大台灣50,100.45,42.86,庫存動態防禦,➖ 中性/偏空,🩸【戰術撤離】跌破防守底線 (93.19)，無條件停損變現！,-2.09,-3.53,-3.29,False,2.39,-8.61,1.54,True,4.28,-8.61,3.78,True,,,,False
2026-07-27,0050.TW,元大台灣50,101.7,45.41,庫存動態防禦,➖ 中性/偏空,🩸【戰術撤離】跌破防守底線 (94.11)，無條件停損變現！,-3.29,-4.72,-4.47,False,1.13,-9.73,0.29,True,3.0,-9.73,2.51,True,,,,False
2026-07-28,2208.TW,台船,18.85,44.8,庫存動態防禦,➖ 中性/偏空,🩸【戰術撤離】跌破防守底線 (19.00)，無條件停損變現！,1.59,-4.51,-2.39,False,2.12,-4.51,0.8,False,2.92,-4.51,1.59,False,,,,False
2026-07-28,2208.TW,台船,19.05,45.91,庫存動態防禦,➖ 中性/偏空,🩸【戰術撤離】跌破防守底線 (19.00)，無條件停損變現！,0.52,-5.51,-3.41,True,1.05,-5.51,-0.26,True,1.84,-5.51,0.52,True,,,,False
2026-07-28,2208.TW,台船,19.0,45.63,庫存動態防禦,➖ 中性/偏空,🩸【戰術撤離】跌破防守底線 (19.00)，無條件停損變現！,0.79,-5.26,-3.16,True,1.32,-5.26,0.0,True,2.11,-5.26,0.79,True,,,,False
2026-07-29,2208.TW,台船,18.4,42.31,庫存動態防禦,➖ 中性/偏空,🩸【戰術撤離】跌破防守底線 (19.00)，無條件停損變現！,0.82,-1.63,-1.09,False,5.43,-1.63,3.8,False,5.43,-1.63,3.53,False,,,,False
2026-07-29,0050.TW,元大台灣50,93.7,31.9,庫存動態防禦,➖ 中性/偏空,🩸【戰術撤離】跌破防守底線 (84.98)，無條件停損變現！,2.45,-1.81,-0.21,False,11.79,-1.81,10.78,False,12.33,-1.81,12.27,False,,,,False
2026-07-29,2208.TW,台船,18.4,42.31,庫存動態防禦,➖ 中性/偏空,🩸【戰術撤離】跌破防守底線 (19.00)，無條件停損變現！,0.82,-1.63,-1.09,False,5.43,-1.63,3.8,False,5.43,-1.63,3.53,False,,,,False
2026-07-29,2208.TW,台船,18.4,42.31,庫存動態防禦,➖ 中性/偏空,🩸【戰術撤離】跌破防守底線 (19.00)，無條件停損變現！,0.82,-1.63,-1.09,False,5.43,-1.63,3.8,False,5.43,-1.63,3.53,False,,,,False
2026-07-29,0050.TW,元大台灣50,93.7,31.9,庫存動態防禦,➖ 中性/偏空,🩸【戰術撤離】跌破防守底線 (84.98)，無條件停損變現！,2.45,-1.81,-0.21,False,11.79,-1.81,10.78,False,12.33,-1.81,12.27,False,,,,False
2026-07-29,0050.TW,元大台灣50,93.0,31.05,庫存動態防禦,➖ 中性/偏空,🩸【戰術撤離】跌破防守底線 (84.28)，無條件停損變現！,3.23,-1.08,0.54,False,12.63,-1.08,11.61,False,13.17,-1.08,13.12,False,,,,False
2026-07-29,2208.TW,台船,18.5,42.84,庫存動態防禦,➖ 中性/偏空,🩸【戰術撤離】跌破防守底線 (19.00)，無條件停損變現！,0.27,-2.16,-1.62,False,4.86,-2.16,3.24,False,4.86,-2.16,2.97,False,,,,False
2026-07-29,2208.TW,台船,18.15,41.04,庫存動態防禦,➖ 中性/偏空,🩸【戰術撤離】跌破防守底線 (19.00)，無條件停損變現！,2.2,-0.28,0.28,False,6.89,-0.28,5.23,False,6.89,-0.28,4.96,False,,,,False
2026-07-30,0050.TW,元大台灣50,93.35,31.44,庫存動態防禦,➖ 中性/偏空,🩸【戰術撤離】跌破防守底線 (83.77)，無條件停損變現！,10.18,6.91,10.18,False,12.21,6.86,10.66,False,14.62,6.86,14.3,False,,,,False
2026-07-30,0050.TW,元大台灣50,93.5,31.63,庫存動態防禦,➖ 中性/偏空,🩸【戰術撤離】跌破防守底線 (83.92)，無條件停損變現！,10.0,6.74,10.0,False,12.03,6.68,10.48,False,14.44,6.68,14.12,False,,,,False
2026-07-30,2208.TW,台船,18.15,40.95,庫存動態防禦,➖ 中性/偏空,🩸【戰術撤離】跌破防守底線 (19.00)，無條件停損變現！,6.06,2.75,4.68,False,6.89,2.48,4.13,False,6.89,2.48,5.51,False,,,,False
2026-07-30,2208.TW,台船,18.35,42.03,庫存動態防禦,➖ 中性/偏空,🩸【戰術撤離】跌破防守底線 (19.00)，無條件停損變現！,4.9,1.63,3.54,False,5.72,1.36,3.0,False,5.72,1.36,4.36,False,,,,False
2026-07-30,2208.TW,台船,18.2,41.21,庫存動態防禦,➖ 中性/偏空,🩸【戰術撤離】跌破防守底線 (19.00)，無條件停損變現！,5.77,2.47,4.4,False,6.59,2.2,3.85,False,6.59,2.2,5.22,False,,,,False
2026-07-30,2208.TW,台船,18.45,42.69,庫存動態防禦,➖ 中性/偏空,🩸【戰術撤離】跌破防守底線 (19.00)，無條件停損變現！,4.34,1.08,2.98,False,5.15,0.81,2.44,False,5.15,0.81,3.79,False,,,,False
2026-07-30,2208.TW,台船,18.25,41.48,庫存動態防禦,➖ 中性/偏空,🩸【戰術撤離】跌破防守底線 (19.00)，無條件停損變現！,5.48,2.19,4.11,False,6.3,1.92,3.56,False,6.3,1.92,4.93,False,,,,False
2026-07-31,0050.TW,元大台灣50,102.85,51.78,庫存動態防禦,➖ 中性/偏空,🛡️【洗盤耐受區】嚴禁攤平加碼，死守底線 (91.66)！,-0.15,-1.8,-0.83,False,1.85,-3.01,-0.0,False,4.52,-3.01,3.45,False,,,,False
2026-07-31,0050.TW,元大台灣50,102.65,51.48,庫存動態防禦,➖ 中性/偏空,🛡️【洗盤耐受區】嚴禁攤平加碼，死守底線 (91.46)！,0.05,-1.61,-0.63,False,2.05,-2.83,0.19,False,4.72,-2.83,3.65,False,,,,False
2026-07-31,0050.TW,元大台灣50,101.4,48.49,庫存動態防禦,➖ 中性/偏空,🩸【戰術撤離】跌破防守底線 (91.02)，無條件停損變現！,1.28,-0.39,0.59,False,3.3,-1.63,1.43,False,6.02,-1.63,4.93,False,,,,False
2026-07-31,2208.TW,台船,18.85,46.1,庫存動態防禦,➖ 中性/偏空,🩸【戰術撤離】跌破防守底線 (19.00)，無條件停損變現！,1.33,-0.27,0.0,False,2.92,-1.33,0.0,False,11.14,-1.33,7.69,False,,,,False
2026-07-31,0050.TW,元大台灣50,100.05,46.2,庫存動態防禦,➖ 中性/偏空,🩸【戰術撤離】跌破防守底線 (89.87)，無條件停損變現！,2.65,0.95,1.95,False,4.7,-0.3,2.8,False,7.45,-0.3,6.35,False,,,,False
2026-07-31,0050.TW,元大台灣50,102.0,49.45,庫存動態防禦,➖ 中性/偏空,🩸【戰術撤離】跌破防守底線 (91.42)，無條件停損變現！,0.69,-0.98,0.0,False,2.7,-2.21,0.83,False,5.39,-2.21,4.31,False,,,,False
2026-08-03,2208.TW,台船,18.85,46.18,庫存動態防禦,➖ 中性/偏空,🩸【戰術撤離】跌破防守底線 (19.00)，無條件停損變現！,2.12,-1.33,0.8,False,2.92,-1.33,0.8,False,11.14,-1.33,3.71,False,,,,False
2026-08-03,0050.TW,元大台灣50,102.0,50.33,庫存動態防禦,➖ 中性/偏空,🩸【戰術撤離】跌破防守底線 (91.22)，無條件停損變現！,0.25,-2.21,-1.32,False,2.7,-2.21,2.21,False,5.39,-2.21,4.36,False,,,,False
2026-08-03,2208.TW,台船,18.9,46.49,庫存動態防禦,➖ 中性/偏空,🩸【戰術撤離】跌破防守底線 (19.00)，無條件停損變現！,1.85,-1.59,0.53,False,2.65,-1.59,0.53,False,10.85,-1.59,3.44,False,,,,False
2026-08-03,0050.TW,元大台灣50,102.0,50.33,庫存動態防禦,➖ 中性/偏空,🩸【戰術撤離】跌破防守底線 (91.22)，無條件停損變現！,0.25,-2.21,-1.32,False,2.7,-2.21,2.21,False,5.39,-2.21,4.36,False,,,,False
2026-08-03,2208.TW,台船,18.9,46.49,庫存動態防禦,➖ 中性/偏空,🩸【戰術撤離】跌破防守底線 (19.00)，無條件停損變現！,1.85,-1.59,0.53,False,2.65,-1.59,0.53,False,10.85,-1.59,3.44,False,,,,False
2026-08-03,0050.TW,元大台灣50,102.1,50.5,庫存動態防禦,➖ 中性/偏空,🩸【戰術撤離】跌破防守底線 (91.32)，無條件停損變現！,0.15,-2.3,-1.42,False,2.6,-2.3,2.11,False,5.29,-2.3,4.26,False,,,,False
2026-08-03,0050.TW,元大台灣50,101.85,50.08,庫存動態防禦,➖ 中性/偏空,🩸【戰術撤離】跌破防守底線 (91.07)，無條件停損變現！,0.39,-2.06,-1.18,False,2.85,-2.06,2.36,False,5.55,-2.06,4.52,False,,,,False
2026-08-03,0050.TW,元大台灣50,101.6,49.67,庫存動態防禦,➖ 中性/偏空,🩸【戰術撤離】跌破防守底線 (90.88)，無條件停損變現！,0.64,-1.82,-0.94,False,3.1,-1.82,2.61,False,5.81,-1.82,4.77,False,,,,False
2026-08-04,0050.TW,元大台灣50,100.9,48.44,庫存動態防禦,➖ 中性/偏空,🩸【戰術撤離】跌破防守底線 (90.02)，無條件停損變現！,3.82,1.98,2.87,False,3.91,1.14,3.67,False,6.54,1.14,3.96,False,,,,False
2026-08-04,0050.TW,元大台灣50,100.65,48.03,庫存動態防禦,➖ 中性/偏空,🩸【戰術撤離】跌破防守底線 (89.77)，無條件停損變現！,4.07,2.24,3.13,False,4.17,1.39,3.92,False,6.81,1.39,4.22,False,,,,False
2026-08-04,2208.TW,台船,18.9,46.56,庫存動態防禦,➖ 中性/偏空,🩸【戰術撤離】跌破防守底線 (19.00)，無條件停損變現！,2.65,0.79,1.06,False,2.65,-0.53,1.32,False,10.85,-0.53,2.65,False,,,,False
2026-08-04,0050.TW,元大台灣50,102.0,50.33,庫存動態防禦,➖ 中性/偏空,🩸【戰術撤離】跌破防守底線 (91.12)，無條件停損變現！,2.7,0.88,1.76,False,2.79,0.05,2.55,False,5.39,0.05,2.84,False,,,,False
2026-08-04,2208.TW,台船,18.85,46.18,庫存動態防禦,➖ 中性/偏空,🩸【戰術撤離】跌破防守底線 (19.00)，無條件停損變現！,2.92,1.06,1.33,False,2.92,-0.27,1.59,False,11.14,-0.27,2.92,False,,,,False
2026-08-04,0050.TW,元大台灣50,102.0,50.33,庫存動態防禦,➖ 中性/偏空,🩸【戰術撤離】跌破防守底線 (91.22)，無條件停損變現！,2.7,0.88,1.76,False,2.79,0.05,2.55,False,5.39,0.05,2.84,False,,,,False
2026-08-04,0050.TW,元大台灣50,100.75,48.19,庫存動態防禦,➖ 中性/偏空,🩸【戰術撤離】跌破防守底線 (89.87)，無條件停損變現！,3.97,2.13,3.03,False,4.07,1.29,3.82,False,6.7,1.29,4.12,False,,,,False
2026-08-05,3293.TWO,3293O,773.0,63.74,無特殊徵兆,➖ 中性/偏空,✅ 趨勢追蹤中，尚未觸發佈局點,1.55,-0.39,1.42,False,4.27,-0.39,1.03,False,4.27,-6.73,-3.1,True,,,,False
2026-08-05,5388.TW,5388,91.4,59.96,無特殊徵兆,➖ 中性/偏空,✅ 趨勢追蹤中，尚未觸發佈局點,0.88,-1.64,0.44,False,3.94,-10.28,-9.85,True,3.94,-15.75,-14.22,True,,,,False
2026-08-05,5880.TW,5880,26.6,63.65,無特殊徵兆,➖ 中性/偏空,✅ 趨勢追蹤中，尚未觸發佈局點,-5.15,-7.28,-7.28,True,-5.15,-10.34,-9.4,True,-5.15,-10.34,-6.58,True,,,,False
2026-08-05,2883.TW,2883,31.45,62.75,無特殊徵兆,➖ 中性/偏空,✅ 趨勢追蹤中，尚未觸發佈局點,-0.32,-3.02,-2.7,False,-0.16,-3.66,-0.79,False,0.95,-3.66,-3.34,False,,,,False
2026-08-05,2884.TW,2884,37.95,69.01,無特殊徵兆,➖ 中性/偏空,✅ 趨勢追蹤中，尚未觸發佈局點,0.79,-0.66,0.0,False,0.92,-4.35,-3.16,False,1.45,-4.35,-0.4,False,,,,False
2026-08-05,5880.TW,5880,26.6,63.65,無特殊徵兆,➖ 中性/偏空,✅ 趨勢追蹤中，尚未觸發佈局點,-5.15,-7.28,-7.28,True,-5.15,-10.34,-9.4,True,-5.15,-10.34,-6.58,True,,,,False
2026-08-05,2002.TW,2002,18.9,53.09,無特殊徵兆,➖ 中性/偏空,✅ 趨勢追蹤中，尚未觸發佈局點,1.06,-1.06,0.53,False,5.29,-1.06,4.5,False,5.29,-1.06,0.26,False,,,,False
2026-08-05,2383.TW,2383,5245.0,55.42,無特殊徵兆,➖ 中性/偏空,✅ 趨勢追蹤中，尚未觸發佈局點,2.57,-2.67,1.14,False,9.25,-2.67,9.25,False,23.36,-2.67,12.11,False,,,,False
2026-08-05,3293.TWO,3293O,777.0,64.99,無特殊徵兆,➖ 中性/偏空,✅ 趨勢追蹤中，尚未觸發佈局點,1.03,-0.9,0.9,False,3.73,-0.9,0.51,False,3.73,-7.21,-3.6,True,,,,False
2026-08-05,4536.TW,4536,166.0,58.92,無特殊徵兆,➖ 中性/偏空,✅ 趨勢追蹤中，尚未觸發佈局點,0.9,-0.6,0.9,False,3.92,-0.6,2.71,False,3.92,-0.6,2.11,False,,,,False
2026-08-05,1525.TW,1525,68.8,63.17,無特殊徵兆,➖ 中性/偏空,✅ 趨勢追蹤中，尚未觸發佈局點,0.0,-2.03,0.0,False,0.0,-2.18,-2.18,False,0.0,-6.54,-2.62,True,,,,False
2026-08-05,2395.TW,2395,633.0,72.74,無特殊徵兆,➖ 中性/偏空,✅ 趨勢追蹤中，尚未觸發佈局點,6.16,-3.0,-1.74,False,10.43,-3.0,8.37,False,12.01,-3.0,9.64,False,,,,False
2026-08-05,0050.TW,元大台灣50,103.8,53.32,庫存動態防禦,➖ 中性/偏空,🛡️【洗盤耐受區】嚴禁攤平加碼，死守底線 (96.51)！,-0.1,-1.2,-0.48,False,1.4,-1.69,1.35,False,3.56,-1.69,-0.67,False,,,,False
2026-08-05,2357.TW,2357,846.0,69.22,無特殊徵兆,➖ 中性/偏空,✅ 趨勢追蹤中，尚未觸發佈局點,-0.35,-4.73,-3.31,False,1.65,-4.85,0.71,False,21.16,-4.85,9.34,False,,,,False
2026-08-05,2884.TW,2884,38.1,70.12,無特殊徵兆,➖ 中性/偏空,✅ 趨勢追蹤中，尚未觸發佈局點,0.39,-1.05,-0.39,False,0.52,-4.72,-3.54,False,1.05,-4.72,-0.79,False,,,,False
2026-08-05,0050.TW,元大台灣50,104.25,54.01,庫存動態防禦,➖ 中性/偏空,🛡️【洗盤耐受區】嚴禁攤平加碼，死守底線 (96.96)！,-0.53,-1.63,-0.91,False,0.96,-2.11,0.91,False,3.12,-2.11,-1.1,False,,,,False
2026-08-05,0050.TW,元大台灣50,103.8,53.32,庫存動態防禦,➖ 中性/偏空,🛡️【洗盤耐受區】嚴禁攤平加碼，死守底線 (96.60)！,-0.1,-1.2,-0.48,False,1.4,-1.69,1.35,False,3.56,-1.69,-0.67,False,,,,False
2026-08-05,2615.TW,2615,86.3,62.55,無特殊徵兆,➖ 中性/偏空,✅ 趨勢追蹤中，尚未觸發佈局點,-0.81,-2.67,-2.32,False,2.9,-2.9,0.93,False,25.14,-2.9,23.41,False,,,,False
2026-08-05,3293.TWO,3293O,774.0,64.21,無特殊徵兆,➖ 中性/偏空,✅ 趨勢追蹤中，尚未觸發佈局點,1.42,-0.52,1.29,False,4.13,-0.52,0.9,False,4.13,-6.85,-3.23,True,,,,False
2026-08-05,0050.TW,元大台灣50,104.2,53.93,庫存動態防禦,➖ 中性/偏空,🛡️【洗盤耐受區】嚴禁攤平加碼，死守底線 (96.96)！,-0.48,-1.58,-0.86,False,1.01,-2.06,0.96,False,3.17,-2.06,-1.06,False,,,,False
2026-08-05,3293.TWO,3293O,777.0,64.99,無特殊徵兆,➖ 中性/偏空,✅ 趨勢追蹤中，尚未觸發佈局點,1.03,-0.9,0.9,False,3.73,-0.9,0.51,False,3.73,-7.21,-3.6,True,,,,False
2026-08-05,2207.TW,2207,516.0,57.68,無特殊徵兆,➖ 中性/偏空,✅ 趨勢追蹤中，尚未觸發佈局點,0.39,-2.71,0.0,False,1.55,-2.71,-2.33,False,2.52,-2.71,-1.94,False,,,,False
2026-08-05,2884.TW,2884,37.95,69.01,無特殊徵兆,➖ 中性/偏空,✅ 趨勢追蹤中，尚未觸發佈局點,0.79,-0.66,0.0,False,0.92,-4.35,-3.16,False,1.45,-4.35,-0.4,False,,,,False
2026-08-06,6214.TW,6214,146.5,55.24,無特殊徵兆,➖ 中性/偏空,✅ 趨勢追蹤中，尚未觸發佈局點,1.71,-1.37,0.0,False,6.83,-4.1,6.83,False,23.89,-4.1,22.87,False,,,,False
2026-08-06,2208.TW,台船,18.95,46.96,庫存動態防禦,➖ 中性/偏空,🩸【戰術撤離】跌破防守底線 (19.00)，無條件停損變現！,0.79,-0.53,-0.53,False,1.58,-0.53,1.06,False,10.55,-0.53,1.58,False,,,,False
2026-08-06,2002.TW,2002,19.05,57.08,無特殊徵兆,➖ 中性/偏空,✅ 趨勢追蹤中，尚未觸發佈局點,0.79,-0.26,-0.0,False,4.46,-0.26,0.79,False,4.46,-1.57,1.57,False,,,,False
2026-08-06,2884.TW,2884,37.95,68.26,無特殊徵兆,➖ 中性/偏空,✅ 趨勢追蹤中，尚未觸發佈局點,0.92,-0.4,0.53,False,0.92,-4.35,-1.71,False,1.45,-4.35,-1.58,False,,,,False
2026-08-06,0050.TW,元大台灣50,103.15,52.19,庫存動態防禦,➖ 中性/偏空,🛡️【洗盤耐受區】嚴禁攤平加碼，死守底線 (96.35)！,0.82,-1.07,-0.29,False,3.73,-1.07,3.44,False,4.22,-1.07,0.63,False,,,,False
2026-08-06,0050.TW,元大台灣50,103.3,52.46,庫存動態防禦,➖ 中性/偏空,🛡️【洗盤耐受區】嚴禁攤平加碼，死守底線 (96.50)！,0.68,-1.21,-0.44,False,3.58,-1.21,3.29,False,4.07,-1.21,0.48,False,,,,False
2026-08-06,1101.TW,1101,24.5,57.67,無特殊徵兆,➖ 中性/偏空,✅ 趨勢追蹤中，尚未觸發佈局點,1.02,-0.82,-0.61,False,1.22,-2.04,-1.84,False,2.04,-2.65,1.22,False,,,,False
2026-08-06,2208.TW,台船,18.9,46.6,庫存動態防禦,➖ 中性/偏空,🩸【戰術撤離】跌破防守底線 (19.00)，無條件停損變現！,1.06,-0.26,-0.26,False,1.85,-0.26,1.32,False,10.85,-0.26,1.85,False,,,,False
2026-08-06,1525.TW,1525,68.8,63.17,無特殊徵兆,➖ 中性/偏空,✅ 趨勢追蹤中，尚未觸發佈局點,-0.15,-1.45,-0.15,False,-0.15,-3.63,-2.03,False,-0.15,-6.54,-1.02,True,,,,False
2026-08-06,2357.TW,2357,818.0,63.3,無特殊徵兆,➖ 中性/偏空,✅ 趨勢追蹤中，尚未觸發佈局點,0.86,-1.59,-0.12,False,14.55,-1.59,14.55,False,25.31,-1.59,11.61,False,,,,False
2026-08-06,2884.TW,2884,37.95,68.26,無特殊徵兆,➖ 中性/偏空,✅ 趨勢追蹤中，尚未觸發佈局點,0.92,-0.4,0.53,False,0.92,-4.35,-1.71,False,1.45,-4.35,-1.58,False,,,,False
2026-08-06,2883.TW,2883,30.6,55.84,無特殊徵兆,➖ 中性/偏空,✅ 趨勢追蹤中，尚未觸發佈局點,1.14,-0.98,0.82,False,2.94,-0.98,2.94,False,3.76,-1.8,-0.65,False,,,,False
2026-08-06,5388.TW,5388,91.8,60.47,無特殊徵兆,➖ 中性/偏空,✅ 趨勢追蹤中，尚未觸發佈局點,3.49,-1.42,-0.44,False,3.49,-12.42,-11.66,True,3.49,-16.12,-15.47,True,,,,False
2026-08-06,4536.TW,4536,167.5,62.83,無特殊徵兆,➖ 中性/偏空,✅ 趨勢追蹤中，尚未觸發佈局點,2.39,-0.3,1.49,False,2.99,-0.9,1.79,False,2.99,-0.9,1.79,False,,,,False
2026-08-06,4536.TW,4536,165.5,56.93,無特殊徵兆,➖ 中性/偏空,✅ 趨勢追蹤中，尚未觸發佈局點,3.63,0.91,2.72,False,4.23,0.3,3.02,False,4.23,0.3,3.02,False,,,,False
2026-08-06,0050.TW,元大台灣50,100.65,48.03,庫存動態防禦,➖ 中性/偏空,🩸【戰術撤離】跌破防守底線 (93.40)，無條件停損變現！,3.33,1.39,2.19,False,6.31,1.39,6.01,False,6.81,1.39,3.13,False,,,,False
2026-08-06,2884.TW,2884,38.05,69.49,無特殊徵兆,➖ 中性/偏空,✅ 趨勢追蹤中，尚未觸發佈局點,0.66,-0.66,0.26,False,0.66,-4.6,-1.97,False,1.18,-4.6,-1.84,False,,,,False
2026-08-06,5880.TW,5880,26.6,63.65,無特殊徵兆,➖ 中性/偏空,✅ 趨勢追蹤中，尚未觸發佈局點,-6.75,-7.46,-6.93,True,-6.04,-10.34,-9.02,True,-5.26,-10.34,-6.77,True,,,,False
2026-08-06,1101.TW,1101,24.1,53.69,無特殊徵兆,➖ 中性/偏空,✅ 趨勢追蹤中，尚未觸發佈局點,2.7,0.83,1.04,False,2.9,-0.41,-0.21,False,3.73,-1.04,2.9,False,,,,False
2026-08-06,3293.TWO,3293O,780.0,65.8,無特殊徵兆,➖ 中性/偏空,✅ 趨勢追蹤中，尚未觸發佈局點,3.21,0.51,2.44,False,3.33,-3.85,-2.31,False,3.33,-7.56,-2.82,True,,,,False
2026-08-06,3293.TWO,3293O,779.0,65.53,無特殊徵兆,➖ 中性/偏空,✅ 趨勢追蹤中，尚未觸發佈局點,3.34,0.64,2.57,False,3.47,-3.72,-2.18,False,3.47,-7.45,-2.7,True,,,,False
2026-08-06,0050.TW,元大台灣50,102.95,52.05,庫存動態防禦,➖ 中性/偏空,🛡️【洗盤耐受區】嚴禁攤平加碼，死守底線 (95.60)！,1.02,-0.87,-0.1,False,3.93,-0.87,3.64,False,4.42,-0.87,0.83,False,,,,False
2026-08-06,2208.TW,台船,18.85,46.24,庫存動態防禦,➖ 中性/偏空,🩸【戰術撤離】跌破防守底線 (19.00)，無條件停損變現！,1.33,0.0,0.0,False,2.12,0.0,1.59,False,11.14,0.0,2.12,False,,,,False
2026-08-06,2884.TW,2884,38.0,68.87,無特殊徵兆,➖ 中性/偏空,✅ 趨勢追蹤中，尚未觸發佈局點,0.79,-0.53,0.39,False,0.79,-4.47,-1.84,False,1.32,-4.47,-1.71,False,,,,False
2026-08-06,2002.TW,2002,19.0,55.83,無特殊徵兆,➖ 中性/偏空,✅ 趨勢追蹤中，尚未觸發佈局點,1.05,0.0,0.26,False,4.74,0.0,1.05,False,4.74,-1.32,1.84,False,,,,False
2026-08-06,2208.TW,台船,18.8,45.89,庫存動態防禦,➖ 中性/偏空,🩸【戰術撤離】跌破防守底線 (19.00)，無條件停損變現！,1.6,0.27,0.27,False,2.39,0.27,1.86,False,11.44,0.27,2.39,False,,,,False
2026-08-06,2884.TW,2884,38.0,68.87,無特殊徵兆,➖ 中性/偏空,✅ 趨勢追蹤中，尚未觸發佈局點,0.79,-0.53,0.39,False,0.79,-4.47,-1.84,False,1.32,-4.47,-1.71,False,,,,False
2026-08-06,4536.TW,4536,166.5,60.31,無特殊徵兆,➖ 中性/偏空,✅ 趨勢追蹤中，尚未觸發佈局點,3.0,0.3,2.1,False,3.6,-0.3,2.4,False,3.6,-0.3,2.4,False,,,,False
2026-08-06,3293.TWO,3293O,776.0,64.49,無特殊徵兆,➖ 中性/偏空,✅ 趨勢追蹤中，尚未觸發佈局點,3.74,1.03,2.96,False,3.87,-3.35,-1.8,False,3.87,-7.09,-2.32,True,,,,False
2026-08-06,0050.TW,元大台灣50,103.2,52.45,庫存動態防禦,➖ 中性/偏空,🛡️【洗盤耐受區】嚴禁攤平加碼，死守底線 (95.82)！,0.78,-1.11,-0.34,False,3.68,-1.11,3.39,False,4.17,-1.11,0.58,False,,,,False
2026-08-07,2883.TW,2883,30.5,55.13,無特殊徵兆,➖ 中性/偏空,✅ 趨勢追蹤中，尚未觸發佈局點,1.8,-0.49,1.8,False,4.1,-0.49,3.77,False,4.1,-1.48,3.44,False,,,,False
2026-08-07,5880.TW,5880,26.05,54.28,無特殊徵兆,➖ 中性/偏空,✅ 趨勢追蹤中，尚未觸發佈局點,-4.05,-5.69,-5.32,True,-4.05,-8.45,-7.1,True,-3.26,-8.45,-3.84,True,,,,False
2026-08-07,2207.TW,2207,517.0,57.41,無特殊徵兆,➖ 中性/偏空,✅ 趨勢追蹤中，尚未觸發佈局點,1.35,-0.58,-0.58,False,2.32,-2.51,-0.58,False,2.32,-2.51,0.19,False,,,,False
2026-08-07,0050.TW,元大台灣50,102.55,51.07,庫存動態防禦,➖ 中性/偏空,🩸【戰術撤離】跌破防守底線 (83.34)，無條件停損變現！,2.15,0.93,1.66,False,4.83,0.83,3.75,False,4.83,0.15,,False,,,,False
2026-08-07,2208.TW,台船,18.85,46.21,庫存動態防禦,➖ 中性/偏空,🩸【戰術撤離】跌破防守底線 (19.00)，無條件停損變現！,1.86,0.27,0.8,False,11.14,0.27,7.69,False,11.14,0.27,2.39,False,,,,False
2026-08-07,0050.TW,元大台灣50,102.5,50.94,庫存動態防禦,➖ 中性/偏空,🩸【戰術撤離】跌破防守底線 (96.43)，無條件停損變現！,2.2,0.98,1.71,False,4.88,0.88,3.8,False,4.88,0.2,,False,,,,False
2026-08-07,2208.TW,台船,18.9,46.6,庫存動態防禦,➖ 中性/偏空,🩸【戰術撤離】跌破防守底線 (19.00)，無條件停損變現！,1.59,-0.0,0.53,False,10.85,-0.0,7.41,False,10.85,-0.0,2.12,False,,,,False
2026-08-07,0050.TW,元大台灣50,102.85,51.6,庫存動態防禦,➖ 中性/偏空,🛡️【洗盤耐受區】嚴禁攤平加碼，死守底線 (96.78)！,1.85,0.63,1.36,False,4.52,0.53,3.45,False,4.52,-0.15,,False,,,,False
2026-08-07,2208.TW,台船,18.85,46.21,庫存動態防禦,➖ 中性/偏空,🩸【戰術撤離】跌破防守底線 (19.00)，無條件停損變現！,1.86,0.27,0.8,False,11.14,0.27,7.69,False,11.14,0.27,2.39,False,,,,False
2026-08-07,0050.TW,元大台灣50,102.85,51.6,庫存動態防禦,➖ 中性/偏空,🛡️【洗盤耐受區】嚴禁攤平加碼，死守底線 (96.78)！,1.85,0.63,1.36,False,4.52,0.53,3.45,False,4.52,-0.15,,False,,,,False
2026-08-07,2884.TW,2884,38.1,69.14,無特殊徵兆,➖ 中性/偏空,✅ 趨勢追蹤中，尚未觸發佈局點,0.26,-2.23,-0.79,False,0.26,-4.72,-1.18,False,1.05,-4.72,-0.26,False,,,,False
2026-08-07,2208.TW,台船,18.9,46.6,庫存動態防禦,➖ 中性/偏空,🩸【戰術撤離】跌破防守底線 (19.00)，無條件停損變現！,1.59,-0.0,0.53,False,10.85,-0.0,7.41,False,10.85,-0.0,2.12,False,,,,False
2026-08-07,4938.TW,4938,87.8,56.7,無特殊徵兆,➖ 中性/偏空,✅ 趨勢追蹤中，尚未觸發佈局點,2.16,-0.8,1.94,False,14.46,-3.53,7.97,False,14.46,-3.53,0.91,False,,,,False
2026-08-07,0050.TW,元大台灣50,103.8,53.31,庫存動態防禦,➖ 中性/偏空,🛡️【洗盤耐受區】嚴禁攤平加碼，死守底線 (82.54)！,0.92,-0.29,0.43,False,3.56,-0.39,2.5,False,3.56,-1.06,,False,,,,False
2026-08-07,4938.TW,4938,87.7,56.45,無特殊徵兆,➖ 中性/偏空,✅ 趨勢追蹤中，尚未觸發佈局點,2.28,-0.68,2.05,False,14.6,-3.42,8.1,False,14.6,-3.42,1.03,False,,,,False
2026-08-07,2383.TW,2383,5325.0,56.67,無特殊徵兆,➖ 中性/偏空,✅ 趨勢追蹤中，尚未觸發佈局點,3.47,-1.78,-0.66,False,16.43,-1.78,15.77,False,21.5,-1.78,6.67,False,,,,False
2026-08-07,4536.TW,4536,167.0,60.75,無特殊徵兆,➖ 中性/偏空,✅ 趨勢追蹤中，尚未觸發佈局點,2.69,1.5,2.69,False,3.29,-0.6,-0.3,False,3.29,-0.6,2.99,False,,,,False
2026-08-07,0050.TW,元大台灣50,102.55,51.07,庫存動態防禦,➖ 中性/偏空,🩸【戰術撤離】跌破防守底線 (81.21)，無條件停損變現！,2.15,0.93,1.66,False,4.83,0.83,3.75,False,4.83,0.15,,False,,,,False
2026-08-10,1525.TW,1525,68.4,59.37,無特殊徵兆,➖ 中性/偏空,✅ 趨勢追蹤中，尚未觸發佈局點,-0.44,-1.32,-1.32,False,-0.44,-3.07,-2.05,False,,,,False,,,,False
2026-08-10,2115.TW,2115,22.75,73.09,無特殊徵兆,➖ 中性/偏空,✅ 趨勢追蹤中，尚未觸發佈局點,2.86,0.22,1.1,False,2.86,0.22,1.98,False,,,,False,,,,False
2026-08-10,1303.TW,1303,185.5,55.55,無特殊徵兆,➖ 中性/偏空,✅ 趨勢追蹤中，尚未觸發佈局點,2.96,-7.01,2.43,True,15.9,-7.01,8.09,True,,,,False,,,,False
2026-08-10,4536.TW,4536,170.5,69.21,無特殊徵兆,➖ 中性/偏空,✅ 趨勢追蹤中，尚未觸發佈局點,0.59,-2.64,0.59,False,1.17,-2.64,-1.76,False,,,,False,,,,False
2026-08-10,0050.TW,元大台灣50,104.25,54.13,庫存動態防禦,➖ 中性/偏空,🛡️【洗盤耐受區】嚴禁攤平加碼，死守底線 (97.79)！,0.58,-0.82,0.34,False,3.12,-0.82,2.11,False,,,,False,,,,False
2026-08-10,2409.TW,2409,27.0,56.78,無特殊徵兆,➖ 中性/偏空,✅ 趨勢追蹤中，尚未觸發佈局點,3.33,-4.07,-3.33,False,3.33,-4.63,0.93,False,,,,False,,,,False
2026-08-10,3324.TWO,3324O,1010.0,56.65,無特殊徵兆,➖ 中性/偏空,✅ 趨勢追蹤中，尚未觸發佈局點,3.96,-0.99,3.47,False,6.93,-0.99,-0.5,False,,,,False,,,,False
2026-08-10,2207.TW,2207,514.0,55.96,無特殊徵兆,➖ 中性/偏空,✅ 趨勢追蹤中，尚未觸發佈局點,0.97,-1.17,-0.58,False,2.92,-1.95,0.19,False,,,,False,,,,False
2026-08-10,2383.TW,2383,5265.0,55.45,無特殊徵兆,➖ 中性/偏空,✅ 趨勢追蹤中，尚未觸發佈局點,5.13,-0.47,5.13,False,22.41,-0.47,20.61,False,,,,False,,,,False
2026-08-10,2207.TW,2207,514.0,55.96,無特殊徵兆,➖ 中性/偏空,✅ 趨勢追蹤中，尚未觸發佈局點,0.97,-1.17,-0.58,False,2.92,-1.95,0.19,False,,,,False,,,,False
2026-08-10,5880.TW,5880,26.15,55.5,無特殊徵兆,➖ 中性/偏空,✅ 趨勢追蹤中，尚未觸發佈局點,-5.16,-8.41,-8.22,True,-4.4,-8.8,-4.78,True,,,,False,,,,False
2026-08-10,2883.TW,2883,30.95,57.79,無特殊徵兆,➖ 中性/偏空,✅ 趨勢追蹤中，尚未觸發佈局點,0.81,-0.97,0.32,False,2.58,-1.29,1.45,False,,,,False,,,,False
2026-08-10,1525.TW,1525,68.4,59.37,無特殊徵兆,➖ 中性/偏空,✅ 趨勢追蹤中，尚未觸發佈局點,-0.44,-1.32,-1.32,False,-0.44,-3.07,-2.05,False,,,,False,,,,False
2026-08-10,2409.TW,2409,27.0,56.78,無特殊徵兆,➖ 中性/偏空,✅ 趨勢追蹤中，尚未觸發佈局點,3.33,-4.07,-3.33,False,3.33,-4.63,0.93,False,,,,False,,,,False
2026-08-10,1525.TW,1525,68.4,59.37,無特殊徵兆,➖ 中性/偏空,✅ 趨勢追蹤中，尚未觸發佈局點,-0.44,-1.32,-1.32,False,-0.44,-3.07,-2.05,False,,,,False,,,,False
2026-08-10,2409.TW,2409,27.0,56.78,無特殊徵兆,➖ 中性/偏空,✅ 趨勢追蹤中，尚未觸發佈局點,3.33,-4.07,-3.33,False,3.33,-4.63,0.93,False,,,,False,,,,False
2026-08-10,2207.TW,2207,514.0,55.96,無特殊徵兆,➖ 中性/偏空,✅ 趨勢追蹤中，尚未觸發佈局點,0.97,-1.17,-0.58,False,2.92,-1.95,0.19,False,,,,False,,,,False
2026-08-10,0050.TW,元大台灣50,104.25,54.13,庫存動態防禦,➖ 中性/偏空,🛡️【洗盤耐受區】嚴禁攤平加碼，死守底線 (97.79)！,0.58,-0.82,0.34,False,3.12,-0.82,2.11,False,,,,False,,,,False
2026-08-10,0050.TW,元大台灣50,104.15,53.96,庫存動態防禦,➖ 中性/偏空,🛡️【洗盤耐受區】嚴禁攤平加碼，死守底線 (97.69)！,0.67,-0.72,0.43,False,3.22,-0.72,2.21,False,,,,False,,,,False
2026-08-10,1303.TW,1303,187.5,56.48,無特殊徵兆,➖ 中性/偏空,✅ 趨勢追蹤中，尚未觸發佈局點,1.87,-8.0,1.33,True,14.67,-8.0,6.93,True,,,,False,,,,False
2026-08-10,1101.TW,1101,24.45,57.36,無特殊徵兆,➖ 中性/偏空,✅ 趨勢追蹤中，尚未觸發佈局點,1.43,-0.61,0.82,False,1.43,-2.45,-1.02,False,,,,False,,,,False
2026-08-10,2207.TW,2207,516.0,57.03,無特殊徵兆,➖ 中性/偏空,✅ 趨勢追蹤中，尚未觸發佈局點,0.58,-1.55,-0.97,False,2.52,-2.33,-0.19,False,,,,False,,,,False
2026-08-10,1303.TW,1303,187.5,56.48,無特殊徵兆,➖ 中性/偏空,✅ 趨勢追蹤中，尚未觸發佈局點,1.87,-8.0,1.33,True,14.67,-8.0,6.93,True,,,,False,,,,False
2026-08-10,5880.TW,5880,26.1,54.68,無特殊徵兆,➖ 中性/偏空,✅ 趨勢追蹤中，尚未觸發佈局點,-4.98,-8.24,-8.05,True,-4.21,-8.62,-4.6,True,,,,False,,,,False
2026-08-10,1303.TW,1303,188.0,56.71,無特殊徵兆,➖ 中性/偏空,✅ 趨勢追蹤中，尚未觸發佈局點,1.6,-8.24,1.06,True,14.36,-8.24,6.65,True,,,,False,,,,False
2026-08-10,1101.TW,1101,24.4,56.82,無特殊徵兆,➖ 中性/偏空,✅ 趨勢追蹤中，尚未觸發佈局點,1.64,-0.41,1.02,False,1.64,-2.25,-0.82,False,,,,False,,,,False
2026-08-10,2207.TW,2207,518.0,57.84,無特殊徵兆,➖ 中性/偏空,✅ 趨勢追蹤中，尚未觸發佈局點,0.19,-1.93,-1.35,False,2.12,-2.7,-0.58,False,,,,False,,,,False
2026-08-10,5880.TW,5880,26.3,57.63,無特殊徵兆,➖ 中性/偏空,✅ 趨勢追蹤中，尚未觸發佈局點,-5.7,-8.94,-8.75,True,-4.94,-9.32,-5.32,True,,,,False,,,,False
2026-08-10,2883.TW,2883,30.7,56.09,無特殊徵兆,➖ 中性/偏空,✅ 趨勢追蹤中，尚未觸發佈局點,1.63,-0.16,1.14,False,3.42,-0.49,2.28,False,,,,False,,,,False
2026-08-10,2208.TW,台船,18.9,46.69,庫存動態防禦,➖ 中性/偏空,🩸【戰術撤離】跌破防守底線 (19.00)，無條件停損變現！,1.85,-0.0,1.32,False,10.85,-0.0,3.44,False,,,,False,,,,False
2026-08-10,0050.TW,元大台灣50,103.6,52.99,庫存動態防禦,➖ 中性/偏空,🛡️【洗盤耐受區】嚴禁攤平加碼，死守底線 (97.26)！,1.21,-0.19,0.97,False,3.76,-0.19,2.75,False,,,,False,,,,False
2026-08-10,2408.TW,2408,502.0,62.29,無特殊徵兆,➖ 中性/偏空,✅ 趨勢追蹤中，尚未觸發佈局點,-0.4,-5.58,-2.59,True,7.97,-5.58,4.38,True,,,,False,,,,False
2026-08-10,0050.TW,元大台灣50,104.6,54.73,庫存動態防禦,➖ 中性/偏空,🛡️【洗盤耐受區】嚴禁攤平加碼，死守底線 (98.14)！,0.24,-1.15,-0.0,False,2.77,-1.15,1.77,False,,,,False,,,,False
2026-08-10,1303.TW,1303,188.0,56.71,無特殊徵兆,➖ 中性/偏空,✅ 趨勢追蹤中，尚未觸發佈局點,1.6,-8.24,1.06,True,14.36,-8.24,6.65,True,,,,False,,,,False
2026-08-10,0050.TW,元大台灣50,103.9,53.52,庫存動態防禦,➖ 中性/偏空,🛡️【洗盤耐受區】嚴禁攤平加碼，死守底線 (97.44)！,0.91,-0.48,0.67,False,3.46,-0.48,2.45,False,,,,False,,,,False
2026-08-10,1303.TW,1303,187.0,56.24,無特殊徵兆,➖ 中性/偏空,✅ 趨勢追蹤中，尚未觸發佈局點,2.14,-7.75,1.6,True,14.97,-7.75,7.22,True,,,,False,,,,False
2026-08-10,2115.TW,2115,22.55,70.58,無特殊徵兆,➖ 中性/偏空,✅ 趨勢追蹤中，尚未觸發佈局點,3.77,1.11,2.0,False,3.77,1.11,2.88,False,,,,False,,,,False
2026-08-10,3324.TWO,3324O,1015.0,57.27,無特殊徵兆,➖ 中性/偏空,✅ 趨勢追蹤中，尚未觸發佈局點,3.45,-1.48,2.96,False,6.4,-1.48,-0.99,False,,,,False,,,,False
2026-08-10,2408.TW,2408,502.0,62.29,無特殊徵兆,➖ 中性/偏空,✅ 趨勢追蹤中，尚未觸發佈局點,-0.4,-5.58,-2.59,True,7.97,-5.58,4.38,True,,,,False,,,,False
2026-08-10,2883.TW,2883,30.9,57.51,無特殊徵兆,➖ 中性/偏空,✅ 趨勢追蹤中，尚未觸發佈局點,0.97,-0.81,0.49,False,2.75,-1.13,1.62,False,,,,False,,,,False
2026-08-10,2207.TW,2207,517.0,57.44,無特殊徵兆,➖ 中性/偏空,✅ 趨勢追蹤中，尚未觸發佈局點,0.39,-1.74,-1.16,False,2.32,-2.51,-0.39,False,,,,False,,,,False
2026-08-10,2383.TW,2383,5260.0,55.37,無特殊徵兆,➖ 中性/偏空,✅ 趨勢追蹤中，尚未觸發佈局點,5.23,-0.38,5.23,False,22.53,-0.38,20.72,False,,,,False,,,,False
2026-08-10,3293.TWO,3293O,796.0,68.78,無特殊徵兆,➖ 中性/偏空,✅ 趨勢追蹤中，尚未觸發佈局點,1.01,-0.63,1.01,False,1.26,-8.54,-8.17,True,,,,False,,,,False
2026-08-10,2409.TW,2409,27.0,56.78,無特殊徵兆,➖ 中性/偏空,✅ 趨勢追蹤中，尚未觸發佈局點,3.33,-4.07,-3.33,False,3.33,-4.63,0.93,False,,,,False,,,,False
2026-08-11,2324.TW,仁寶,36.3,50.98,無特殊徵兆,➖ 中性/偏空,✅ 趨勢追蹤中，尚未觸發佈局點,9.92,0.83,9.92,False,23.83,0.83,11.85,False,,,,False,,,,False
2026-08-11,2303.TW,聯電,123.0,45.4,無特殊徵兆,➖ 中性/偏空,✅ 趨勢追蹤中，尚未觸發佈局點,2.03,-1.63,0.0,False,6.1,-4.47,-3.25,False,,,,False,,,,False
2026-08-11,1795.TW,美時,189.0,49.72,無特殊徵兆,➖ 中性/偏空,✅ 趨勢追蹤中，尚未觸發佈局點,0.53,-1.06,-0.26,False,0.53,-4.76,-2.65,False,,,,False,,,,False
2026-08-11,1326.TW,台化,58.2,45.54,無特殊徵兆,➖ 中性/偏空,✅ 趨勢追蹤中，尚未觸發佈局點,3.09,0.86,2.41,False,6.01,0.86,2.06,False,,,,False,,,,False
2026-08-11,1513.TW,中興電,160.5,50.58,無特殊徵兆,➖ 中性/偏空,✅ 趨勢追蹤中，尚未觸發佈局點,4.67,0.31,3.12,False,10.28,0.31,4.05,False,,,,False,,,,False
2026-08-11,1312.TW,國喬,11.85,43.01,無特殊徵兆,➖ 中性/偏空,✅ 趨勢追蹤中，尚未觸發佈局點,0.42,-1.27,-0.84,False,1.27,-2.53,-0.42,False,,,,False,,,,False
2026-08-11,1305.TW,華夏,11.6,44.25,無特殊徵兆,➖ 中性/偏空,✅ 趨勢追蹤中，尚未觸發佈局點,1.72,-0.43,1.29,False,4.74,-0.43,2.59,False,,,,False,,,,False
2026-08-11,1304.TW,台聚,11.95,45.3,無特殊徵兆,➖ 中性/偏空,✅ 趨勢追蹤中，尚未觸發佈局點,1.26,-0.42,1.26,False,3.35,-0.84,-0.42,False,,,,False,,,,False
2026-08-11,2231.TW,為升,103.0,52.3,無特殊徵兆,➖ 中性/偏空,✅ 趨勢追蹤中，尚未觸發佈局點,-1.46,-4.35,-4.35,False,3.4,-6.8,-6.8,True,,,,False,,,,False
2026-08-11,1301.TW,台塑,55.6,46.74,無特殊徵兆,➖ 中性/偏空,✅ 趨勢追蹤中，尚未觸發佈局點,1.62,-0.0,1.08,False,11.15,-0.0,5.94,False,,,,False,,,,False
2026-08-11,1609.TW,大亞,37.15,52.98,無特殊徵兆,➖ 中性/偏空,✅ 趨勢追蹤中，尚未觸發佈局點,2.83,0.0,1.48,False,3.9,-0.94,-0.54,False,,,,False,,,,False
2026-08-11,2344.TW,華邦電,178.0,56.34,無特殊徵兆,➖ 中性/偏空,✅ 趨勢追蹤中，尚未觸發佈局點,8.43,-1.97,-0.56,False,8.43,-1.97,-0.84,False,,,,False,,,,False
2026-08-11,6605.TW,帝寶,138.5,58.77,無特殊徵兆,➖ 中性/偏空,✅ 趨勢追蹤中，尚未觸發佈局點,0.36,-1.08,-0.72,False,2.17,-2.89,-0.36,False,,,,False,,,,False
2026-08-11,3714.TW,富采,56.0,49.64,無特殊徵兆,➖ 中性/偏空,✅ 趨勢追蹤中，尚未觸發佈局點,4.64,1.43,4.11,False,7.5,-0.36,0.0,False,,,,False,,,,False
2026-08-11,3481.TW,群創,50.1,47.98,無特殊徵兆,➖ 中性/偏空,✅ 趨勢追蹤中，尚未觸發佈局點,3.99,0.4,0.6,False,3.99,-2.5,-1.2,False,,,,False,,,,False
2026-08-11,3163.TWO,波若威,683.0,53.75,無特殊徵兆,➖ 中性/偏空,✅ 趨勢追蹤中，尚未觸發佈局點,7.61,-0.15,5.12,False,8.35,-0.15,4.1,False,,,,False,,,,False
2026-08-11,3042.TW,晶技,179.0,52.62,無特殊徵兆,➖ 中性/偏空,✅ 趨勢追蹤中，尚未觸發佈局點,3.35,-1.96,1.4,False,9.78,-1.96,-0.28,False,,,,False,,,,False
2026-08-11,2887.TW,台新金,35.55,58.55,無特殊徵兆,➖ 中性/偏空,✅ 趨勢追蹤中，尚未觸發佈局點,1.27,-1.27,0.28,False,6.33,-1.27,3.8,False,,,,False,,,,False
2026-08-11,2886.TW,兆豐金,49.4,52.63,無特殊徵兆,➖ 中性/偏空,✅ 趨勢追蹤中，尚未觸發佈局點,-3.5,-5.25,-4.96,True,-3.5,-9.01,-5.06,True,,,,False,,,,False
2026-08-11,2454.TW,聯發科,4020.0,56.14,無特殊徵兆,➖ 中性/偏空,✅ 趨勢追蹤中，尚未觸發佈局點,0.25,-1.74,-0.12,False,9.45,-3.36,-3.36,False,,,,False,,,,False
2026-08-11,2449.TW,京元電子,246.0,45.48,無特殊徵兆,➖ 中性/偏空,✅ 趨勢追蹤中，尚未觸發佈局點,5.69,-1.02,5.28,False,6.5,-5.28,-4.07,True,,,,False,,,,False
2026-08-11,2408.TW,南亞科,489.0,59.97,無特殊徵兆,➖ 中性/偏空,✅ 趨勢追蹤中，尚未觸發佈局點,4.5,-1.74,-1.33,False,13.09,-1.74,5.32,False,,,,False,,,,False
2026-08-11,2382.TW,廣達,315.5,47.28,無特殊徵兆,➖ 中性/偏空,✅ 趨勢追蹤中，尚未觸發佈局點,4.6,0.32,3.17,False,7.45,0.32,3.65,False,,,,False,,,,False
2026-08-11,2379.TW,瑞昱,772.0,56.36,無特殊徵兆,➖ 中性/偏空,✅ 趨勢追蹤中，尚未觸發佈局點,0.52,-1.55,-0.78,False,0.52,-10.62,-8.42,True,,,,False,,,,False
2026-08-11,2353.TW,宏碁,31.05,53.83,無特殊徵兆,➖ 中性/偏空,✅ 趨勢追蹤中，尚未觸發佈局點,2.9,-0.64,2.25,False,6.92,-1.93,-1.61,False,,,,False,,,,False
2026-08-11,0050.TW,元大台灣50,104.6,54.77,庫存動態防禦,➖ 中性/偏空,🛡️【洗盤耐受區】嚴禁攤平加碼，死守底線 (98.89)！,0.62,-0.14,0.57,False,2.77,-0.14,0.29,False,,,,False,,,,False
2026-08-11,6269.TW,台郡,66.9,60.58,無特殊徵兆,➖ 中性/偏空,✅ 趨勢追蹤中，尚未觸發佈局點,4.19,-2.09,0.0,False,4.19,-4.48,-3.74,False,,,,False,,,,False
2026-08-11,6116.TW,彩晶,14.25,48.46,無特殊徵兆,➖ 中性/偏空,✅ 趨勢追蹤中，尚未觸發佈局點,2.11,-1.05,-0.7,False,2.11,-3.86,-3.86,False,,,,False,,,,False
2026-08-11,6116.TW,彩晶,14.2,48.18,無特殊徵兆,➖ 中性/偏空,✅ 趨勢追蹤中，尚未觸發佈局點,2.46,-0.7,-0.35,False,2.46,-3.52,-3.52,False,,,,False,,,,False
2026-08-11,3481.TW,群創,50.4,48.45,無特殊徵兆,➖ 中性/偏空,✅ 趨勢追蹤中，尚未觸發佈局點,3.37,-0.2,0.0,False,3.37,-3.08,-1.79,False,,,,False,,,,False
2026-08-11,3163.TWO,波若威,682.0,53.65,無特殊徵兆,➖ 中性/偏空,✅ 趨勢追蹤中，尚未觸發佈局點,7.77,0.0,5.28,False,8.5,0.0,4.25,False,,,,False,,,,False
2026-08-11,6415.TW,矽力-KY,466.0,49.68,無特殊徵兆,➖ 中性/偏空,✅ 趨勢追蹤中，尚未觸發佈局點,1.29,-4.08,-3.65,False,9.66,-4.51,-4.4,False,,,,False,,,,False
2026-08-11,3042.TW,晶技,181.0,53.57,無特殊徵兆,➖ 中性/偏空,✅ 趨勢追蹤中，尚未觸發佈局點,2.21,-3.04,0.28,False,8.56,-3.04,-1.38,False,,,,False,,,,False
2026-08-11,3019.TW,亞光,138.0,52.68,無特殊徵兆,➖ 中性/偏空,✅ 趨勢追蹤中，尚未觸發佈局點,0.36,-2.54,-0.36,False,4.35,-2.54,-0.36,False,,,,False,,,,False
2026-08-11,2887.TW,台新金,35.3,57.04,無特殊徵兆,➖ 中性/偏空,✅ 趨勢追蹤中，尚未觸發佈局點,1.98,-0.57,0.99,False,7.08,-0.57,4.53,False,,,,False,,,,False
2026-08-11,2886.TW,兆豐金,49.7,54.29,無特殊徵兆,➖ 中性/偏空,✅ 趨勢追蹤中，尚未觸發佈局點,-4.08,-5.82,-5.53,True,-4.08,-9.56,-5.63,True,,,,False,,,,False
2026-08-11,2454.TW,聯發科,4030.0,56.38,無特殊徵兆,➖ 中性/偏空,✅ 趨勢追蹤中，尚未觸發佈局點,0.0,-1.99,-0.37,False,9.18,-3.6,-3.6,False,,,,False,,,,False
2026-08-11,8081.TW,致新,268.5,53.85,無特殊徵兆,➖ 中性/偏空,✅ 趨勢追蹤中，尚未觸發佈局點,1.3,-0.19,-0.19,False,1.68,-7.26,-6.15,True,,,,False,,,,False
2026-08-11,1605.TW,1605,38.3,64.0,無特殊徵兆,➖ 中性/偏空,✅ 趨勢追蹤中，尚未觸發佈局點,7.05,-0.0,4.44,False,7.05,-3.39,-3.13,False,,,,False,,,,False
2026-08-11,6116.TW,6116,14.25,48.46,無特殊徵兆,➖ 中性/偏空,✅ 趨勢追蹤中，尚未觸發佈局點,2.11,-1.05,-0.7,False,2.11,-3.86,-3.86,False,,,,False,,,,False
2026-08-11,2883.TW,2883,30.9,57.13,無特殊徵兆,➖ 中性/偏空,✅ 趨勢追蹤中，尚未觸發佈局點,1.62,-1.13,0.97,False,2.75,-1.13,0.16,False,,,,False,,,,False
2026-08-11,6269.TW,台郡,67.4,61.16,無特殊徵兆,➖ 中性/偏空,✅ 趨勢追蹤中，尚未觸發佈局點,3.41,-2.82,-0.74,False,3.41,-5.19,-4.45,True,,,,False,,,,False
2026-08-11,1305.TW,華夏,11.6,44.25,無特殊徵兆,➖ 中性/偏空,✅ 趨勢追蹤中，尚未觸發佈局點,1.72,-0.43,1.29,False,4.74,-0.43,2.59,False,,,,False,,,,False
2026-08-11,3714.TW,富采,56.0,49.64,無特殊徵兆,➖ 中性/偏空,✅ 趨勢追蹤中，尚未觸發佈局點,4.64,1.43,4.11,False,7.5,-0.36,0.0,False,,,,False,,,,False
2026-08-11,3481.TW,群創,50.1,47.98,無特殊徵兆,➖ 中性/偏空,✅ 趨勢追蹤中，尚未觸發佈局點,3.99,0.4,0.6,False,3.99,-2.5,-1.2,False,,,,False,,,,False
2026-08-11,3163.TWO,波若威,683.0,53.75,無特殊徵兆,➖ 中性/偏空,✅ 趨勢追蹤中，尚未觸發佈局點,7.61,-0.15,5.12,False,8.35,-0.15,4.1,False,,,,False,,,,False
2026-08-11,3042.TW,晶技,179.0,52.62,無特殊徵兆,➖ 中性/偏空,✅ 趨勢追蹤中，尚未觸發佈局點,3.35,-1.96,1.4,False,9.78,-1.96,-0.28,False,,,,False,,,,False
2026-08-11,6116.TW,彩晶,14.2,48.18,無特殊徵兆,➖ 中性/偏空,✅ 趨勢追蹤中，尚未觸發佈局點,2.46,-0.7,-0.35,False,2.46,-3.52,-3.52,False,,,,False,,,,False
2026-08-11,2887.TW,台新金,35.55,58.55,無特殊徵兆,➖ 中性/偏空,✅ 趨勢追蹤中，尚未觸發佈局點,1.27,-1.27,0.28,False,6.33,-1.27,3.8,False,,,,False,,,,False
2026-08-11,2454.TW,聯發科,4020.0,56.14,無特殊徵兆,➖ 中性/偏空,✅ 趨勢追蹤中，尚未觸發佈局點,0.25,-1.74,-0.12,False,9.45,-3.36,-3.36,False,,,,False,,,,False
2026-08-11,2449.TW,京元電子,246.0,45.48,無特殊徵兆,➖ 中性/偏空,✅ 趨勢追蹤中，尚未觸發佈局點,5.69,-1.02,5.28,False,6.5,-5.28,-4.07,True,,,,False,,,,False
2026-08-11,2408.TW,南亞科,489.0,59.97,無特殊徵兆,➖ 中性/偏空,✅ 趨勢追蹤中，尚未觸發佈局點,4.5,-1.74,-1.33,False,13.09,-1.74,5.32,False,,,,False,,,,False
2026-08-11,2382.TW,廣達,315.5,47.28,無特殊徵兆,➖ 中性/偏空,✅ 趨勢追蹤中，尚未觸發佈局點,4.6,0.32,3.17,False,7.45,0.32,3.65,False,,,,False,,,,False
2026-08-11,2379.TW,瑞昱,772.0,56.36,無特殊徵兆,➖ 中性/偏空,✅ 趨勢追蹤中，尚未觸發佈局點,0.52,-1.55,-0.78,False,0.52,-10.62,-8.42,True,,,,False,,,,False
2026-08-11,2886.TW,兆豐金,49.4,52.63,無特殊徵兆,➖ 中性/偏空,✅ 趨勢追蹤中，尚未觸發佈局點,-3.5,-5.25,-4.96,True,-3.5,-9.01,-5.06,True,,,,False,,,,False
2026-08-11,6269.TW,台郡,67.4,61.16,無特殊徵兆,➖ 中性/偏空,✅ 趨勢追蹤中，尚未觸發佈局點,3.41,-2.82,-0.74,False,3.41,-5.19,-4.45,True,,,,False,,,,False
2026-08-11,6415.TW,矽力-KY,466.5,49.78,無特殊徵兆,➖ 中性/偏空,✅ 趨勢追蹤中，尚未觸發佈局點,1.18,-4.18,-3.75,False,9.54,-4.61,-4.5,False,,,,False,,,,False
2026-08-11,2408.TW,南亞科,485.0,59.29,無特殊徵兆,➖ 中性/偏空,✅ 趨勢追蹤中，尚未觸發佈局點,5.36,-0.93,-0.52,False,14.02,-0.93,6.19,False,,,,False,,,,False
2026-08-11,1608.TW,1608,36.45,68.96,無特殊徵兆,➖ 中性/偏空,✅ 趨勢追蹤中，尚未觸發佈局點,7.54,-0.41,4.12,False,7.54,-3.29,-2.74,False,,,,False,,,,False
2026-08-11,2883.TW,2883,31.05,58.35,無特殊徵兆,➖ 中性/偏空,✅ 趨勢追蹤中，尚未觸發佈局點,1.13,-1.61,0.48,False,2.25,-1.61,-0.32,False,,,,False,,,,False
2026-08-11,2357.TW,2357,839.0,66.41,無特殊徵兆,➖ 中性/偏空,✅ 趨勢追蹤中，尚未觸發佈局點,2.5,-0.95,1.55,False,22.17,-0.95,8.46,False,,,,False,,,,False
2026-08-11,8081.TW,致新,270.0,54.54,無特殊徵兆,➖ 中性/偏空,✅ 趨勢追蹤中，尚未觸發佈局點,0.74,-0.74,-0.74,False,1.11,-7.78,-6.67,True,,,,False,,,,False
2026-08-11,6605.TW,帝寶,138.5,58.77,無特殊徵兆,➖ 中性/偏空,✅ 趨勢追蹤中，尚未觸發佈局點,0.36,-1.08,-0.72,False,2.17,-2.89,-0.36,False,,,,False,,,,False
2026-08-11,2353.TW,宏碁,31.05,53.83,無特殊徵兆,➖ 中性/偏空,✅ 趨勢追蹤中，尚未觸發佈局點,2.9,-0.64,2.25,False,6.92,-1.93,-1.61,False,,,,False,,,,False
2026-08-11,6415.TW,矽力-KY,466.5,49.78,無特殊徵兆,➖ 中性/偏空,✅ 趨勢追蹤中，尚未觸發佈局點,1.18,-4.18,-3.75,False,9.54,-4.61,-4.5,False,,,,False,,,,False
2026-08-11,2344.TW,華邦電,178.0,56.34,無特殊徵兆,➖ 中性/偏空,✅ 趨勢追蹤中，尚未觸發佈局點,8.43,-1.97,-0.56,False,8.43,-1.97,-0.84,False,,,,False,,,,False
2026-08-11,1608.TW,1608,36.45,68.96,無特殊徵兆,➖ 中性/偏空,✅ 趨勢追蹤中，尚未觸發佈局點,7.54,-0.41,4.12,False,7.54,-3.29,-2.74,False,,,,False,,,,False
2026-08-11,2883.TW,2883,31.05,58.35,無特殊徵兆,➖ 中性/偏空,✅ 趨勢追蹤中，尚未觸發佈局點,1.13,-1.61,0.48,False,2.25,-1.61,-0.32,False,,,,False,,,,False
2026-08-11,2357.TW,2357,839.0,66.41,無特殊徵兆,➖ 中性/偏空,✅ 趨勢追蹤中，尚未觸發佈局點,2.5,-0.95,1.55,False,22.17,-0.95,8.46,False,,,,False,,,,False
2026-08-11,8081.TW,致新,270.0,54.54,無特殊徵兆,➖ 中性/偏空,✅ 趨勢追蹤中，尚未觸發佈局點,0.74,-0.74,-0.74,False,1.11,-7.78,-6.67,True,,,,False,,,,False
2026-08-11,0050.TW,元大台灣50,104.6,54.77,庫存動態防禦,➖ 中性/偏空,🛡️【洗盤耐受區】嚴禁攤平加碼，死守底線 (98.89)！,0.62,-0.14,0.57,False,2.77,-0.14,0.29,False,,,,False,,,,False
2026-08-11,2324.TW,仁寶,36.3,50.98,無特殊徵兆,➖ 中性/偏空,✅ 趨勢追蹤中，尚未觸發佈局點,9.92,0.83,9.92,False,23.83,0.83,11.85,False,,,,False,,,,False
2026-08-11,2303.TW,聯電,123.0,45.4,無特殊徵兆,➖ 中性/偏空,✅ 趨勢追蹤中，尚未觸發佈局點,2.03,-1.63,0.0,False,6.1,-4.47,-3.25,False,,,,False,,,,False
2026-08-11,1795.TW,美時,189.0,49.72,無特殊徵兆,➖ 中性/偏空,✅ 趨勢追蹤中，尚未觸發佈局點,0.53,-1.06,-0.26,False,0.53,-4.76,-2.65,False,,,,False,,,,False
2026-08-11,1609.TW,大亞,37.15,52.98,無特殊徵兆,➖ 中性/偏空,✅ 趨勢追蹤中，尚未觸發佈局點,2.83,0.0,1.48,False,3.9,-0.94,-0.54,False,,,,False,,,,False
2026-08-11,1513.TW,中興電,160.5,50.58,無特殊徵兆,➖ 中性/偏空,✅ 趨勢追蹤中，尚未觸發佈局點,4.67,0.31,3.12,False,10.28,0.31,4.05,False,,,,False,,,,False
2026-08-11,1326.TW,台化,58.2,45.54,無特殊徵兆,➖ 中性/偏空,✅ 趨勢追蹤中，尚未觸發佈局點,3.09,0.86,2.41,False,6.01,0.86,2.06,False,,,,False,,,,False
2026-08-11,1312.TW,國喬,11.85,43.01,無特殊徵兆,➖ 中性/偏空,✅ 趨勢追蹤中，尚未觸發佈局點,0.42,-1.27,-0.84,False,1.27,-2.53,-0.42,False,,,,False,,,,False
2026-08-11,1304.TW,台聚,11.95,45.3,無特殊徵兆,➖ 中性/偏空,✅ 趨勢追蹤中，尚未觸發佈局點,1.26,-0.42,1.26,False,3.35,-0.84,-0.42,False,,,,False,,,,False
2026-08-11,1301.TW,台塑,55.6,46.74,無特殊徵兆,➖ 中性/偏空,✅ 趨勢追蹤中，尚未觸發佈局點,1.62,-0.0,1.08,False,11.15,-0.0,5.94,False,,,,False,,,,False
2026-08-11,2231.TW,為升,103.0,52.3,無特殊徵兆,➖ 中性/偏空,✅ 趨勢追蹤中，尚未觸發佈局點,-1.46,-4.35,-4.35,False,3.4,-6.8,-6.8,True,,,,False,,,,False
2026-08-11,2382.TW,廣達,316.0,47.53,無特殊徵兆,➖ 中性/偏空,✅ 趨勢追蹤中，尚未觸發佈局點,4.43,0.16,3.01,False,7.28,0.16,3.48,False,,,,False,,,,False
2026-08-11,3042.TW,晶技,180.0,53.1,無特殊徵兆,➖ 中性/偏空,✅ 趨勢追蹤中，尚未觸發佈局點,2.78,-2.5,0.83,False,9.17,-2.5,-0.83,False,,,,False,,,,False
2026-08-11,2887.TW,台新金,35.9,60.8,無特殊徵兆,➖ 中性/偏空,✅ 趨勢追蹤中，尚未觸發佈局點,0.28,-2.23,-0.7,False,5.29,-2.23,2.79,False,,,,False,,,,False
2026-08-11,1513.TW,中興電,159.0,48.55,無特殊徵兆,➖ 中性/偏空,✅ 趨勢追蹤中，尚未觸發佈局點,5.66,1.26,4.09,False,11.32,1.26,5.03,False,,,,False,,,,False
2026-08-11,1312.TW,國喬,11.7,41.6,無特殊徵兆,➖ 中性/偏空,✅ 趨勢追蹤中，尚未觸發佈局點,1.71,-0.0,0.43,False,2.56,-1.28,0.85,False,,,,False,,,,False
2026-08-11,6605.TW,帝寶,138.0,58.12,無特殊徵兆,➖ 中性/偏空,✅ 趨勢追蹤中，尚未觸發佈局點,0.72,-0.72,-0.36,False,2.54,-2.54,0.0,False,,,,False,,,,False
2026-08-11,0050.TW,元大台灣50,104.45,54.5,庫存動態防禦,➖ 中性/偏空,🛡️【洗盤耐受區】嚴禁攤平加碼，死守底線 (98.77)！,0.77,-0.0,0.72,False,2.92,-0.0,0.43,False,,,,False,,,,False
2026-08-11,2208.TW,台船,18.95,47.17,庫存動態防禦,➖ 中性/偏空,🩸【戰術撤離】跌破防守底線 (19.00)，無條件停損變現！,1.58,0.53,0.53,False,10.55,0.26,2.37,False,,,,False,,,,False
2026-08-11,3708.TW,3708,102.0,53.96,無特殊徵兆,➖ 中性/偏空,✅ 趨勢追蹤中，尚未觸發佈局點,2.94,-0.49,1.96,False,3.92,-3.24,1.96,False,,,,False,,,,False
2026-08-11,2603.TW,2603,215.0,67.25,無特殊徵兆,➖ 中性/偏空,✅ 趨勢追蹤中，尚未觸發佈局點,0.93,-0.93,-0.23,False,12.56,-1.86,10.7,False,,,,False,,,,False
2026-08-11,1618.TW,1618,40.4,58.27,無特殊徵兆,➖ 中性/偏空,✅ 趨勢追蹤中，尚未觸發佈局點,-1.46,-2.65,-1.82,False,0.2,-5.45,-4.83,True,,,,False,,,,False
2026-08-11,1101.TW,1101,24.6,58.95,無特殊徵兆,➖ 中性/偏空,✅ 趨勢追蹤中，尚未觸發佈局點,0.61,-0.61,-0.61,False,0.61,-3.05,-2.03,False,,,,False,,,,False
2026-08-11,2207.TW,2207,514.0,55.96,無特殊徵兆,➖ 中性/偏空,✅ 趨勢追蹤中，尚未觸發佈局點,0.39,-1.95,-1.95,False,2.92,-1.95,-0.39,False,,,,False,,,,False
2026-08-11,2357.TW,2357,817.0,62.92,無特殊徵兆,➖ 中性/偏空,✅ 趨勢追蹤中，尚未觸發佈局點,5.26,1.71,4.28,False,25.46,1.71,11.38,False,,,,False,,,,False
2026-08-11,0050.TW,元大台灣50,103.8,53.17,庫存動態防禦,➖ 中性/偏空,🛡️【洗盤耐受區】嚴禁攤平加碼，死守底線 (97.59)！,1.4,0.63,1.35,False,3.56,0.63,1.06,False,,,,False,,,,False
2026-08-11,1612.TW,1612,33.05,60.25,無特殊徵兆,➖ 中性/偏空,✅ 趨勢追蹤中，尚未觸發佈局點,5.75,3.03,4.84,False,6.2,3.03,3.93,False,,,,False,,,,False
2026-08-11,2330.TW,台積電,2385.0,51.72,無特殊徵兆,➖ 中性/偏空,✅ 趨勢追蹤中，尚未觸發佈局點,1.26,0.21,1.26,False,2.52,-0.42,-0.21,False,,,,False,,,,False
2026-08-11,1717.TW,長興,72.0,59.81,無特殊徵兆,➖ 中性/偏空,✅ 趨勢追蹤中，尚未觸發佈局點,9.72,0.42,9.17,False,10.83,-3.33,-2.08,False,,,,False,,,,False
2026-08-11,1609.TW,大亞,36.8,51.42,無特殊徵兆,➖ 中性/偏空,✅ 趨勢追蹤中，尚未觸發佈局點,3.8,0.95,2.45,False,4.89,-0.0,0.41,False,,,,False,,,,False
2026-08-11,0050.TW,元大台灣50,103.75,53.06,庫存動態防禦,➖ 中性/偏空,🛡️【洗盤耐受區】嚴禁攤平加碼，死守底線 (98.12)！,1.45,0.67,1.4,False,3.61,0.67,1.11,False,,,,False,,,,False
2026-08-11,1605.TW,華新,38.55,64.56,無特殊徵兆,➖ 中性/偏空,✅ 趨勢追蹤中，尚未觸發佈局點,6.36,-0.65,3.76,False,6.36,-4.02,-3.76,False,,,,False,,,,False
2026-08-11,1795.TW,美時,189.5,50.21,無特殊徵兆,➖ 中性/偏空,✅ 趨勢追蹤中，尚未觸發佈局點,0.26,-1.32,-0.53,False,0.26,-5.01,-2.9,True,,,,False,,,,False
2026-08-11,0050.TW,元大台灣50,104.75,55.04,庫存動態防禦,➖ 中性/偏空,🛡️【洗盤耐受區】嚴禁攤平加碼，死守底線 (99.05)！,0.48,-0.29,0.43,False,2.63,-0.29,0.14,False,,,,False,,,,False
2026-08-11,1605.TW,1605,38.55,64.56,無特殊徵兆,➖ 中性/偏空,✅ 趨勢追蹤中，尚未觸發佈局點,6.36,-0.65,3.76,False,6.36,-4.02,-3.76,False,,,,False,,,,False
2026-08-11,6116.TW,6116,14.25,48.46,無特殊徵兆,➖ 中性/偏空,✅ 趨勢追蹤中，尚未觸發佈局點,2.11,-1.05,-0.7,False,2.11,-3.86,-3.86,False,,,,False,,,,False
2026-08-11,4536.TW,4536,170.5,66.85,無特殊徵兆,➖ 中性/偏空,✅ 趨勢追蹤中，尚未觸發佈局點,1.17,-0.59,0.0,False,1.17,-2.35,-2.05,False,,,,False,,,,False
2026-08-11,9958.TW,9958,113.0,56.46,無特殊徵兆,➖ 中性/偏空,✅ 趨勢追蹤中，尚未觸發佈局點,-3.54,-6.19,-5.31,True,-3.54,-10.62,-10.62,True,,,,False,,,,False
2026-08-11,1605.TW,1605,38.55,64.56,無特殊徵兆,➖ 中性/偏空,✅ 趨勢追蹤中，尚未觸發佈局點,6.36,-0.65,3.76,False,6.36,-4.02,-3.76,False,,,,False,,,,False
2026-08-11,3702.TW,3702,124.5,57.39,無特殊徵兆,➖ 中性/偏空,✅ 趨勢追蹤中，尚未觸發佈局點,0.8,-2.81,-1.61,False,0.8,-14.86,-14.46,True,,,,False,,,,False
2026-08-11,3293.TWO,3293O,802.0,69.19,無特殊徵兆,➖ 中性/偏空,✅ 趨勢追蹤中，尚未觸發佈局點,0.5,-2.99,-2.62,False,0.5,-10.1,-7.48,True,,,,False,,,,False
2026-08-11,2883.TW,2883,30.9,57.13,無特殊徵兆,➖ 中性/偏空,✅ 趨勢追蹤中，尚未觸發佈局點,1.62,-1.13,0.97,False,2.75,-1.13,0.16,False,,,,False,,,,False
2026-08-11,6605.TW,帝寶,138.0,58.12,無特殊徵兆,➖ 中性/偏空,✅ 趨勢追蹤中，尚未觸發佈局點,0.72,-0.72,-0.36,False,2.54,-2.54,0.0,False,,,,False,,,,False
2026-08-11,1301.TW,台塑,55.8,47.24,無特殊徵兆,➖ 中性/偏空,✅ 趨勢追蹤中，尚未觸發佈局點,1.25,-0.36,0.72,False,10.75,-0.36,5.56,False,,,,False,,,,False
2026-08-11,2353.TW,宏碁,30.85,52.49,無特殊徵兆,➖ 中性/偏空,✅ 趨勢追蹤中，尚未觸發佈局點,3.57,0.0,2.92,False,7.62,-1.3,-0.97,False,,,,False,,,,False
2026-08-11,2352.TW,佳士達,28.8,48.69,無特殊徵兆,➖ 中性/偏空,✅ 趨勢追蹤中，尚未觸發佈局點,1.74,-0.0,0.35,False,4.51,-2.08,-1.56,False,,,,False,,,,False
2026-08-11,2344.TW,華邦電,178.0,56.34,無特殊徵兆,➖ 中性/偏空,✅ 趨勢追蹤中，尚未觸發佈局點,8.43,-1.97,-0.56,False,8.43,-1.97,-0.84,False,,,,False,,,,False
2026-08-11,2324.TW,仁寶,36.4,51.5,無特殊徵兆,➖ 中性/偏空,✅ 趨勢追蹤中，尚未觸發佈局點,9.62,0.55,9.62,False,23.49,0.55,11.54,False,,,,False,,,,False
2026-08-11,2317.TW,鴻海,263.5,59.57,無特殊徵兆,➖ 中性/偏空,✅ 趨勢追蹤中，尚未觸發佈局點,2.66,0.19,2.47,False,4.17,-6.07,-5.5,True,,,,False,,,,False
2026-08-11,2303.TW,聯電,123.0,45.4,無特殊徵兆,➖ 中性/偏空,✅ 趨勢追蹤中，尚未觸發佈局點,2.03,-1.63,0.0,False,6.1,-4.47,-3.25,False,,,,False,,,,False
2026-08-11,1795.TW,美時,189.0,49.72,無特殊徵兆,➖ 中性/偏空,✅ 趨勢追蹤中，尚未觸發佈局點,0.53,-1.06,-0.26,False,0.53,-4.76,-2.65,False,,,,False,,,,False
2026-08-11,1605.TW,華新,38.3,64.0,無特殊徵兆,➖ 中性/偏空,✅ 趨勢追蹤中，尚未觸發佈局點,7.05,-0.0,4.44,False,7.05,-3.39,-3.13,False,,,,False,,,,False
2026-08-11,1513.TW,中興電,160.0,49.91,無特殊徵兆,➖ 中性/偏空,✅ 趨勢追蹤中，尚未觸發佈局點,5.0,0.62,3.44,False,10.62,0.62,4.38,False,,,,False,,,,False
2026-08-11,1326.TW,台化,58.6,46.28,無特殊徵兆,➖ 中性/偏空,✅ 趨勢追蹤中，尚未觸發佈局點,2.39,0.17,1.71,False,5.29,0.17,1.37,False,,,,False,,,,False
2026-08-11,1312.TW,國喬,11.85,43.01,無特殊徵兆,➖ 中性/偏空,✅ 趨勢追蹤中，尚未觸發佈局點,0.42,-1.27,-0.84,False,1.27,-2.53,-0.42,False,,,,False,,,,False
2026-08-11,2408.TW,南亞科,487.5,59.71,無特殊徵兆,➖ 中性/偏空,✅ 趨勢追蹤中，尚未觸發佈局點,4.82,-1.44,-1.03,False,13.44,-1.44,5.64,False,,,,False,,,,False
2026-08-11,2382.TW,廣達,312.0,45.56,無特殊徵兆,➖ 中性/偏空,✅ 趨勢追蹤中，尚未觸發佈局點,5.77,1.44,4.33,False,8.65,1.44,4.81,False,,,,False,,,,False
2026-08-11,2886.TW,兆豐金,49.5,53.18,無特殊徵兆,➖ 中性/偏空,✅ 趨勢追蹤中，尚未觸發佈局點,-3.69,-5.44,-5.15,True,-3.69,-9.19,-5.25,True,,,,False,,,,False
2026-08-11,2344.TW,華邦電,178.0,56.34,無特殊徵兆,➖ 中性/偏空,✅ 趨勢追蹤中，尚未觸發佈局點,8.43,-1.97,-0.56,False,8.43,-1.97,-0.84,False,,,,False,,,,False
2026-08-11,2303.TW,聯電,123.0,45.4,無特殊徵兆,➖ 中性/偏空,✅ 趨勢追蹤中，尚未觸發佈局點,2.03,-1.63,0.0,False,6.1,-4.47,-3.25,False,,,,False,,,,False
2026-08-11,3019.TW,亞光,135.0,49.89,無特殊徵兆,➖ 中性/偏空,✅ 趨勢追蹤中，尚未觸發佈局點,2.59,-0.37,1.85,False,6.67,-0.37,1.85,False,,,,False,,,,False
2026-08-11,8081.TW,致新,269.0,54.08,無特殊徵兆,➖ 中性/偏空,✅ 趨勢追蹤中，尚未觸發佈局點,1.12,-0.37,-0.37,False,1.49,-7.43,-6.32,True,,,,False,,,,False
2026-08-11,6415.TW,矽力-KY,467.5,49.99,無特殊徵兆,➖ 中性/偏空,✅ 趨勢追蹤中，尚未觸發佈局點,0.96,-4.39,-3.96,False,9.3,-4.81,-4.71,False,,,,False,,,,False
2026-08-11,6116.TW,彩晶,14.25,48.46,無特殊徵兆,➖ 中性/偏空,✅ 趨勢追蹤中，尚未觸發佈局點,2.11,-1.05,-0.7,False,2.11,-3.86,-3.86,False,,,,False,,,,False
2026-08-11,3481.TW,群創,50.4,48.45,無特殊徵兆,➖ 中性/偏空,✅ 趨勢追蹤中，尚未觸發佈局點,3.37,-0.2,0.0,False,3.37,-3.08,-1.79,False,,,,False,,,,False
2026-08-12,2408.TW,2408,482.5,58.79,無特殊徵兆,➖ 中性/偏空,✅ 趨勢追蹤中，尚未觸發佈局點,9.84,1.55,6.53,False,14.61,-0.52,-0.31,False,,,,False,,,,False
2026-08-12,2883.TW,2883,31.1,58.66,無特殊徵兆,➖ 中性/偏空,✅ 趨勢追蹤中，尚未觸發佈局點,1.29,-0.8,1.29,False,2.09,-2.57,-2.25,False,,,,False,,,,False
2026-08-12,1303.TW,1303,189.5,56.94,無特殊徵兆,➖ 中性/偏空,✅ 趨勢追蹤中，尚未觸發佈局點,2.9,-2.9,-0.26,False,13.46,-2.9,-1.06,False,,,,False,,,,False
2026-08-12,2449.TW,京元電子,258.0,49.89,無特殊徵兆,➖ 中性/偏空,✅ 趨勢追蹤中，尚未觸發佈局點,1.55,-1.94,-1.74,False,1.55,-12.79,-8.91,True,,,,False,,,,False
2026-08-12,2454.TW,聯發科,4000.0,55.49,無特殊徵兆,➖ 中性/偏空,✅ 趨勢追蹤中，尚未觸發佈局點,7.38,2.88,5.62,False,10.0,-6.25,-3.88,True,,,,False,,,,False
2026-08-12,2637.TW,慧洋,87.7,64.48,無特殊徵兆,➖ 中性/偏空,✅ 趨勢追蹤中，尚未觸發佈局點,0.68,-2.85,-2.85,False,5.13,-4.33,4.68,False,,,,False,,,,False
2026-08-12,2886.TW,兆豐金,48.75,49.14,無特殊徵兆,➖ 中性/偏空,✅ 趨勢追蹤中，尚未觸發佈局點,-3.79,-7.79,-5.95,True,-2.56,-7.79,-3.49,True,,,,False,,,,False
2026-08-12,2887.TW,台新金,35.6,58.78,無特殊徵兆,➖ 中性/偏空,✅ 趨勢追蹤中，尚未觸發佈局點,1.97,-0.98,1.69,False,6.18,-0.98,2.25,False,,,,False,,,,False
2026-08-12,3019.TW,亞光,138.0,52.68,無特殊徵兆,➖ 中性/偏空,✅ 趨勢追蹤中，尚未觸發佈局點,1.81,0.36,0.72,False,4.35,-3.62,-1.09,False,,,,False,,,,False
2026-08-12,3042.TW,晶技,179.0,52.62,無特殊徵兆,➖ 中性/偏空,✅ 趨勢追蹤中，尚未觸發佈局點,9.78,1.68,4.19,False,9.78,-3.63,3.91,False,,,,False,,,,False
2026-08-12,3163.TWO,波若威,722.0,57.17,無特殊徵兆,➖ 中性/偏空,✅ 趨勢追蹤中，尚未觸發佈局點,2.49,-0.97,-0.69,False,2.49,-6.51,-1.66,True,,,,False,,,,False
2026-08-12,6116.TW,彩晶,14.2,48.18,無特殊徵兆,➖ 中性/偏空,✅ 趨勢追蹤中，尚未觸發佈局點,1.76,-2.11,-1.76,False,5.99,-5.99,0.35,True,,,,False,,,,False
2026-08-12,6239.TW,力成,282.5,52.16,無特殊徵兆,➖ 中性/偏空,✅ 趨勢追蹤中，尚未觸發佈局點,4.07,-0.18,0.18,False,4.07,-9.73,-7.08,True,,,,False,,,,False
2026-08-12,6415.TW,矽力-KY,449.5,46.26,無特殊徵兆,➖ 中性/偏空,✅ 趨勢追蹤中，尚未觸發佈局點,8.34,2.45,3.45,False,13.68,-5.45,-2.11,True,,,,False,,,,False
2026-08-12,8081.TW,致新,269.5,54.25,無特殊徵兆,➖ 中性/偏空,✅ 趨勢追蹤中，尚未觸發佈局點,1.3,-0.93,-0.19,False,1.3,-8.35,-4.64,True,,,,False,,,,False
2026-08-12,3017.TW,3017,2895.0,63.93,無特殊徵兆,➖ 中性/偏空,✅ 趨勢追蹤中，尚未觸發佈局點,9.88,0.44,9.88,False,14.0,0.17,6.91,False,,,,False,,,,False
2026-08-12,0050.TW,元大台灣50,105.2,55.83,庫存動態防禦,➖ 中性/偏空,🛡️【洗盤耐受區】嚴禁攤平加碼，死守底線 (98.92)！,1.71,0.9,1.43,False,2.19,-2.38,-2.0,False,,,,False,,,,False
2026-08-12,2409.TW,友達,26.2,53.04,無特殊徵兆,➖ 中性/偏空,✅ 趨勢追蹤中，尚未觸發佈局點,2.67,-1.72,-1.72,False,4.58,-3.63,-0.19,False,,,,False,,,,False
2026-08-12,1525.TW,1525,67.7,53.14,無特殊徵兆,➖ 中性/偏空,✅ 趨勢追蹤中，尚未觸發佈局點,-0.44,-2.07,-0.44,False,0.44,-5.02,-1.03,True,,,,False,,,,False
2026-08-12,0050.TW,元大台灣50,105.2,55.83,庫存動態防禦,➖ 中性/偏空,🛡️【洗盤耐受區】嚴禁攤平加碼，死守底線 (98.92)！,1.71,0.9,1.43,False,2.19,-2.38,-2.0,False,,,,False,,,,False
2026-08-12,2408.TW,南亞科,482.5,58.79,無特殊徵兆,➖ 中性/偏空,✅ 趨勢追蹤中，尚未觸發佈局點,9.84,1.55,6.53,False,14.61,-0.52,-0.31,False,,,,False,,,,False
2026-08-12,0050.TW,元大台灣50,105.15,55.74,庫存動態防禦,➖ 中性/偏空,🛡️【洗盤耐受區】嚴禁攤平加碼，死守底線 (98.87)！,1.76,0.95,1.47,False,2.23,-2.33,-1.95,False,,,,False,,,,False
2026-08-12,2883.TW,2883,30.9,57.04,無特殊徵兆,➖ 中性/偏空,✅ 趨勢追蹤中，尚未觸發佈局點,1.94,-0.16,1.94,False,2.75,-1.94,-1.62,False,,,,False,,,,False
2026-08-12,2002.TW,2002,19.75,70.76,無特殊徵兆,➖ 中性/偏空,✅ 趨勢追蹤中，尚未觸發佈局點,0.25,-3.04,-2.78,False,0.25,-5.06,-4.05,True,,,,False,,,,False
2026-08-12,2615.TW,2615,86.9,61.23,無特殊徵兆,➖ 中性/偏空,✅ 趨勢追蹤中，尚未觸發佈局點,2.19,-0.46,0.69,False,24.28,-0.46,22.55,False,,,,False,,,,False
2026-08-12,2382.TW,廣達,323.5,51.34,無特殊徵兆,➖ 中性/偏空,✅ 趨勢追蹤中，尚未觸發佈局點,1.55,-0.93,0.46,False,4.79,-1.85,2.32,False,,,,False,,,,False
2026-08-12,0050.TW,元大台灣50,104.25,54.13,庫存動態防禦,➖ 中性/偏空,🛡️【洗盤耐受區】嚴禁攤平加碼，死守底線 (97.79)！,2.64,1.82,2.35,False,3.12,-1.49,-1.1,False,,,,False,,,,False
2026-08-12,2357.TW,2357,841.0,66.71,無特殊徵兆,➖ 中性/偏空,✅ 趨勢追蹤中，尚未觸發佈局點,11.41,11.41,11.41,False,21.88,5.95,9.99,False,,,,False,,,,False
2026-08-12,2883.TW,2883,31.1,58.66,無特殊徵兆,➖ 中性/偏空,✅ 趨勢追蹤中，尚未觸發佈局點,1.29,-0.8,1.29,False,2.09,-2.57,-2.25,False,,,,False,,,,False
2026-08-12,0050.TW,元大台灣50,105.0,55.48,庫存動態防禦,➖ 中性/偏空,🛡️【洗盤耐受區】嚴禁攤平加碼，死守底線 (98.72)！,1.9,1.1,1.62,False,2.38,-2.19,-1.81,False,,,,False,,,,False
2026-08-12,3008.TW,3008,4375.0,54.69,無特殊徵兆,➖ 中性/偏空,✅ 趨勢追蹤中，尚未觸發佈局點,10.29,3.89,6.51,False,30.74,3.89,26.86,False,,,,False,,,,False
2026-08-12,1515.TW,力山,31.25,46.57,無特殊徵兆,➖ 中性/偏空,✅ 趨勢追蹤中，尚未觸發佈局點,1.76,-2.4,-2.4,False,18.08,-4.48,0.48,False,,,,False,,,,False
2026-08-12,1536.TW,和大,52.4,56.6,無特殊徵兆,➖ 中性/偏空,✅ 趨勢追蹤中，尚未觸發佈局點,1.34,-2.67,-2.48,False,1.34,-5.53,-4.2,True,,,,False,,,,False
2026-08-12,1609.TW,大亞,37.8,55.75,無特殊徵兆,➖ 中性/偏空,✅ 趨勢追蹤中，尚未觸發佈局點,2.12,-0.13,-0.13,False,2.12,-3.97,-2.65,False,,,,False,,,,False
2026-08-12,2303.TW,聯電,123.5,45.77,無特殊徵兆,➖ 中性/偏空,✅ 趨勢追蹤中，尚未觸發佈局點,5.67,-0.4,0.81,False,5.67,-8.1,-6.48,True,,,,False,,,,False
2026-08-12,2317.TW,鴻海,269.5,62.71,無特殊徵兆,➖ 中性/偏空,✅ 趨勢追蹤中，尚未觸發佈局點,1.86,-3.15,-2.78,False,1.86,-10.02,-9.09,True,,,,False,,,,False
2026-08-12,2344.TW,華邦電,175.5,55.2,無特殊徵兆,➖ 中性/偏空,✅ 趨勢追蹤中，尚未觸發佈局點,5.41,0.85,0.85,False,9.4,-5.98,-4.27,True,,,,False,,,,False
2026-08-12,2352.TW,佳士達,28.95,49.41,無特殊徵兆,➖ 中性/偏空,✅ 趨勢追蹤中，尚未觸發佈局點,1.04,-0.86,-0.86,False,4.15,-3.45,-0.69,False,,,,False,,,,False
2026-08-12,2353.TW,宏碁,31.8,58.24,無特殊徵兆,➖ 中性/偏空,✅ 趨勢追蹤中，尚未觸發佈局點,2.2,-0.94,-0.79,False,4.4,-5.5,-2.83,True,,,,False,,,,False
2026-08-12,2356.TW,英業達,69.1,61.13,🚀 首次突破20日高點 [帶突破缺口 1.4%],➖ 中性/偏空,⚡【初升段起漲】放量突破關鍵價位，小注試單！,5.07,-1.3,-0.43,False,6.37,-8.39,-5.64,True,,,,False,,,,False
2026-08-12,2371.TW,大同,26.3,51.07,無特殊徵兆,➖ 中性/偏空,✅ 趨勢追蹤中，尚未觸發佈局點,1.71,-0.57,-0.19,False,4.37,-0.76,2.66,False,,,,False,,,,False
2026-08-12,2324.TW,仁寶,39.9,65.34,🚀 首次突破20日高點 [帶突破缺口 1.2%],➖ 中性/偏空,⚡【初升段起漲】放量突破關鍵價位，小注試單！,4.51,-2.01,-1.5,False,12.66,-4.64,-1.5,False,,,,False,,,,False
2026-08-12,1326.TW,台化,59.7,48.83,無特殊徵兆,➖ 中性/偏空,✅ 趨勢追蹤中，尚未觸發佈局點,2.35,-1.17,-0.34,False,3.35,-5.19,-5.03,True,,,,False,,,,False
2026-08-12,1608.TW,1608,38.25,73.1,無特殊徵兆,➖ 中性/偏空,✅ 趨勢追蹤中，尚未觸發佈局點,-0.78,-4.31,-3.79,False,-0.78,-9.8,-7.71,True,,,,False,,,,False
2026-08-12,3044.TW,健鼎_400,485.5,66.83,無特殊徵兆,➖ 中性/偏空,✅ 趨勢追蹤中，尚未觸發佈局點,7.93,0.0,1.96,False,7.93,-3.6,-1.03,False,,,,False,,,,False
2026-08-12,0050.TW,元大台灣50,105.2,55.83,庫存動態防禦,➖ 中性/偏空,🛡️【洗盤耐受區】嚴禁攤平加碼，死守底線 (99.55)！,1.71,0.9,1.43,False,2.19,-2.38,-2.0,False,,,,False,,,,False
2026-08-12,1305.TW,華夏,11.75,46.77,無特殊徵兆,➖ 中性/偏空,✅ 趨勢追蹤中，尚未觸發佈局點,3.4,0.43,1.7,False,3.4,-0.43,0.0,False,,,,False,,,,False
2026-08-13,2115.TW,2115,22.9,71.3,無特殊徵兆,➖ 中性/偏空,✅ 趨勢追蹤中，尚未觸發佈局點,1.75,0.66,1.09,False,2.84,-0.22,2.84,False,,,,False,,,,False
2026-08-13,1618.TW,1618,40.75,58.51,無特殊徵兆,➖ 中性/偏空,✅ 趨勢追蹤中，尚未觸發佈局點,-0.66,-3.14,-1.84,False,-0.66,-6.5,-4.17,True,,,,False,,,,False
2026-08-13,3702.TW,3702,123.5,56.12,無特殊徵兆,➖ 中性/偏空,✅ 趨勢追蹤中，尚未觸發佈局點,0.81,-6.88,-6.88,True,0.81,-16.6,-15.38,True,,,,False,,,,False
2026-08-13,2883.TW,2883,31.5,61.14,無特殊徵兆,➖ 中性/偏空,✅ 趨勢追蹤中，尚未觸發佈局點,0.79,-1.75,0.48,False,0.79,-4.6,-3.49,False,,,,False,,,,False
2026-08-13,2002.TW,2002,19.25,55.28,無特殊徵兆,➖ 中性/偏空,✅ 趨勢追蹤中，尚未觸發佈局點,0.0,-1.56,-1.3,False,1.82,-2.6,0.52,False,,,,False,,,,False
2026-08-13,2330.TW,台積電,2435.0,55.58,無特殊徵兆,➖ 中性/偏空,✅ 趨勢追蹤中，尚未觸發佈局點,0.21,-1.64,-1.64,False,0.21,-4.11,-2.46,False,,,,False,,,,False
2026-08-13,0050.TW,元大台灣50,106.7,58.5,庫存動態防禦,➖ 中性/偏空,🛡️【洗盤耐受區】嚴禁攤平加碼，死守底線 (100.93)！,0.75,-0.61,-0.28,False,0.75,-3.75,-2.72,False,,,,False,,,,False
2026-08-13,2344.TW,華邦電,177.0,55.87,無特殊徵兆,➖ 中性/偏空,✅ 趨勢追蹤中，尚未觸發佈局點,7.91,1.98,3.67,False,8.47,-6.78,-0.28,True,,,,False,,,,False
2026-08-13,2231.TW,為升,99.1,48.31,無特殊徵兆,➖ 中性/偏空,✅ 趨勢追蹤中，尚未觸發佈局點,6.44,-2.0,2.42,False,7.47,-5.45,-5.15,True,,,,False,,,,False
2026-08-13,1795.TW,美時,188.0,48.65,無特殊徵兆,➖ 中性/偏空,✅ 趨勢追蹤中，尚未觸發佈局點,-0.27,-4.26,-3.99,False,5.05,-4.26,3.72,False,,,,False,,,,False
2026-08-13,1609.TW,大亞,37.75,55.56,無特殊徵兆,➖ 中性/偏空,✅ 趨勢追蹤中，尚未觸發佈局點,1.85,-0.4,1.06,False,1.85,-3.84,-2.25,False,,,,False,,,,False
2026-08-13,1605.TW,華新,39.3,64.76,無特殊徵兆,➖ 中性/偏空,✅ 趨勢追蹤中，尚未觸發佈局點,3.05,-1.91,-0.64,False,3.05,-8.4,-6.23,True,,,,False,,,,False
2026-08-13,1536.TW,和大,51.1,52.22,無特殊徵兆,➖ 中性/偏空,✅ 趨勢追蹤中，尚未觸發佈局點,0.59,-1.17,-0.2,False,3.33,-3.13,-1.57,False,,,,False,,,,False
2026-08-13,1515.TW,力山,30.5,44.74,無特殊徵兆,➖ 中性/偏空,✅ 趨勢追蹤中，尚未觸發佈局點,10.0,-2.13,10.0,False,20.98,-2.13,13.11,False,,,,False,,,,False
2026-08-13,1326.TW,台化,59.5,48.41,無特殊徵兆,➖ 中性/偏空,✅ 趨勢追蹤中，尚未觸發佈局點,3.36,-0.84,1.68,False,3.7,-4.87,-1.85,False,,,,False,,,,False
2026-08-13,1312.TW,國喬,11.7,41.46,無特殊徵兆,➖ 中性/偏空,✅ 趨勢追蹤中，尚未觸發佈局點,1.71,-1.28,1.71,False,4.27,-1.28,0.43,False,,,,False,,,,False
2026-08-13,1304.TW,台聚,12.2,48.8,無特殊徵兆,➖ 中性/偏空,✅ 趨勢追蹤中，尚未觸發佈局點,0.41,-1.64,-1.64,False,0.41,-3.28,-3.28,False,,,,False,,,,False
2026-08-13,8150.TW,南茂_90,92.9,50.53,無特殊徵兆,➖ 中性/偏空,✅ 趨勢追蹤中，尚未觸發佈局點,2.8,-2.58,-1.08,False,2.8,-8.07,-5.38,True,,,,False,,,,False
2026-08-13,2883.TW,凱基金_29.3,31.5,61.14,無特殊徵兆,➖ 中性/偏空,✅ 趨勢追蹤中，尚未觸發佈局點,0.79,-1.75,0.48,False,0.79,-4.6,-3.49,False,,,,False,,,,False
2026-08-13,1513.TW,中興電,171.0,62.4,🚀 首次突破20日高點 [帶突破缺口 1.8%],➖ 中性/偏空,⚡【初升段起漲】放量突破關鍵價位，小注試單！,1.75,-1.46,-0.58,False,1.75,-4.68,-2.92,False,,,,False,,,,False
2026-08-13,2883.TW,凱基金_29.3,31.5,61.14,無特殊徵兆,➖ 中性/偏空,✅ 趨勢追蹤中，尚未觸發佈局點,0.79,-1.75,0.48,False,0.79,-4.6,-3.49,False,,,,False,,,,False
2026-08-13,1795.TW,美時,188.0,48.65,無特殊徵兆,➖ 中性/偏空,✅ 趨勢追蹤中，尚未觸發佈局點,-0.27,-4.26,-3.99,False,5.05,-4.26,3.72,False,,,,False,,,,False
2026-08-13,1609.TW,大亞,37.9,56.21,無特殊徵兆,➖ 中性/偏空,✅ 趨勢追蹤中，尚未觸發佈局點,1.45,-0.79,0.66,False,1.45,-4.22,-2.64,False,,,,False,,,,False
2026-08-13,1605.TW,華新,39.45,65.38,無特殊徵兆,➖ 中性/偏空,✅ 趨勢追蹤中，尚未觸發佈局點,2.66,-2.28,-1.01,False,2.66,-8.75,-6.59,True,,,,False,,,,False
2026-08-13,1326.TW,台化,59.7,48.84,無特殊徵兆,➖ 中性/偏空,✅ 趨勢追蹤中，尚未觸發佈局點,3.02,-1.17,1.34,False,3.35,-5.19,-2.18,True,,,,False,,,,False
2026-08-13,1312.TW,國喬,11.8,42.72,無特殊徵兆,➖ 中性/偏空,✅ 趨勢追蹤中，尚未觸發佈局點,0.85,-2.12,0.85,False,3.39,-2.12,-0.42,False,,,,False,,,,False
2026-08-13,1304.TW,台聚,12.2,48.8,無特殊徵兆,➖ 中性/偏空,✅ 趨勢追蹤中，尚未觸發佈局點,0.41,-1.64,-1.64,False,0.41,-3.28,-3.28,False,,,,False,,,,False
2026-08-13,8150.TW,南茂_90,93.7,51.1,無特殊徵兆,➖ 中性/偏空,✅ 趨勢追蹤中，尚未觸發佈局點,1.92,-3.42,-1.92,False,1.92,-8.86,-6.19,True,,,,False,,,,False
2026-08-13,2371.TW,大同,26.25,50.64,無特殊徵兆,➖ 中性/偏空,✅ 趨勢追蹤中，尚未觸發佈局點,1.33,-0.57,0.38,False,5.33,-0.57,4.95,False,,,,False,,,,False
2026-08-13,0050.TW,元大台灣50,106.65,58.42,庫存動態防禦,➖ 中性/偏空,🛡️【洗盤耐受區】嚴禁攤平加碼，死守底線 (100.88)！,0.8,-0.56,-0.23,False,0.8,-3.7,-2.67,False,,,,False,,,,False
2026-08-13,2303.TW,聯電,125.0,46.98,🔥 放量站上20MA [帶突破缺口 2.0%],➖ 中性/偏空,⚡【初升段起漲】放量突破關鍵價位，小注試單！,0.4,-4.0,-3.2,False,0.4,-10.4,-7.6,True,,,,False,,,,False
2026-08-13,2330.TW,台積電,2435.0,55.58,無特殊徵兆,➖ 中性/偏空,✅ 趨勢追蹤中，尚未觸發佈局點,0.21,-1.64,-1.64,False,0.21,-4.11,-2.46,False,,,,False,,,,False
2026-08-13,6415.TW,矽力-KY,468.0,50.38,無特殊徵兆,➖ 中性/偏空,✅ 趨勢追蹤中，尚未觸發佈局點,9.19,2.24,2.56,False,9.19,-9.19,-4.27,True,,,,False,,,,False
2026-08-13,6239.TW,力成,285.5,53.12,無特殊徵兆,➖ 中性/偏空,✅ 趨勢追蹤中，尚未觸發佈局點,1.05,-3.33,-2.63,False,1.05,-10.68,-5.95,True,,,,False,,,,False
2026-08-13,3324.TWO,雙鴻,1050.0,60.39,無特殊徵兆,➖ 中性/偏空,✅ 趨勢追蹤中，尚未觸發佈局點,0.0,-4.29,-3.81,False,0.0,-9.05,-5.43,True,,,,False,,,,False
2026-08-13,3231.TW,緯創,197.0,66.54,無特殊徵兆,➖ 中性/偏空,✅ 趨勢追蹤中，尚未觸發佈局點,4.57,-2.03,-1.78,False,4.57,-11.17,-8.63,True,,,,False,,,,False
2026-08-13,8081.TW,致新,268.5,53.66,無特殊徵兆,➖ 中性/偏空,✅ 趨勢追蹤中，尚未觸發佈局點,0.19,-3.91,-3.91,False,0.19,-8.01,-3.54,True,,,,False,,,,False
2026-08-13,3042.TW,晶技,187.5,56.48,無特殊徵兆,➖ 中性/偏空,✅ 趨勢追蹤中，尚未觸發佈局點,0.0,-4.53,-3.73,False,6.67,-8.0,0.53,True,,,,False,,,,False
2026-08-13,2887.TW,台新金,36.15,61.36,無特殊徵兆,➖ 中性/偏空,✅ 趨勢追蹤中，尚未觸發佈局點,4.56,1.11,4.43,False,4.56,-1.24,-0.55,False,,,,False,,,,False
2026-08-13,2449.TW,京元電子,255.0,48.82,無特殊徵兆,➖ 中性/偏空,✅ 趨勢追蹤中，尚未觸發佈局點,0.59,-3.92,-3.14,False,1.18,-11.76,-7.84,True,,,,False,,,,False
2026-08-13,2382.TW,廣達,324.5,51.74,無特殊徵兆,➖ 中性/偏空,✅ 趨勢追蹤中，尚未觸發佈局點,3.7,-2.0,0.92,False,4.47,-2.16,0.77,False,,,,False,,,,False
2026-08-13,2371.TW,大同,26.3,51.03,無特殊徵兆,➖ 中性/偏空,✅ 趨勢追蹤中，尚未觸發佈局點,1.14,-0.76,0.19,False,5.13,-0.76,4.75,False,,,,False,,,,False
2026-08-13,2352.TW,佳士達,28.85,48.88,無特殊徵兆,➖ 中性/偏空,✅ 趨勢追蹤中，尚未觸發佈局點,4.33,-0.52,2.25,False,4.51,-3.12,1.39,False,,,,False,,,,False
2026-08-13,3019.TW,亞光,139.0,53.64,無特殊徵兆,➖ 中性/偏空,✅ 趨勢追蹤中，尚未觸發佈局點,0.72,-1.44,-1.44,False,3.6,-4.32,-2.16,False,,,,False,,,,False
2026-08-13,2379.TW,瑞昱,758.0,53.21,無特殊徵兆,➖ 中性/偏空,✅ 趨勢追蹤中，尚未觸發佈局點,0.13,-4.88,-4.88,False,0.13,-8.97,-7.26,True,,,,False,,,,False
2026-08-13,8150.TW,南茂_90,92.9,50.53,無特殊徵兆,➖ 中性/偏空,✅ 趨勢追蹤中，尚未觸發佈局點,2.8,-2.58,-1.08,False,2.8,-8.07,-5.38,True,,,,False,,,,False
2026-08-13,6239.TW,力成,283.0,52.32,無特殊徵兆,➖ 中性/偏空,✅ 趨勢追蹤中，尚未觸發佈局點,1.94,-2.47,-1.77,False,1.94,-9.89,-5.12,True,,,,False,,,,False
2026-08-13,3481.TW,群創,49.4,46.78,無特殊徵兆,➖ 中性/偏空,✅ 趨勢追蹤中，尚未觸發佈局點,4.25,0.61,1.42,False,4.25,-8.1,-6.88,True,,,,False,,,,False
2026-08-13,3324.TWO,雙鴻,1035.0,58.23,無特殊徵兆,➖ 中性/偏空,✅ 趨勢追蹤中，尚未觸發佈局點,1.45,-2.9,-2.42,False,1.45,-7.73,-4.06,True,,,,False,,,,False
2026-08-13,3231.TW,緯創,197.0,66.54,無特殊徵兆,➖ 中性/偏空,✅ 趨勢追蹤中，尚未觸發佈局點,4.57,-2.03,-1.78,False,4.57,-11.17,-8.63,True,,,,False,,,,False
2026-08-13,3019.TW,亞光,139.0,53.64,無特殊徵兆,➖ 中性/偏空,✅ 趨勢追蹤中，尚未觸發佈局點,0.72,-1.44,-1.44,False,3.6,-4.32,-2.16,False,,,,False,,,,False
2026-08-13,2887.TW,台新金,36.2,61.58,無特殊徵兆,➖ 中性/偏空,✅ 趨勢追蹤中，尚未觸發佈局點,4.42,0.97,4.28,False,4.42,-1.38,-0.69,False,,,,False,,,,False
2026-08-13,2637.TW,慧洋,85.2,56.22,無特殊徵兆,➖ 中性/偏空,✅ 趨勢追蹤中，尚未觸發佈局點,1.17,-1.53,0.59,False,12.68,-1.53,11.15,False,,,,False,,,,False
2026-08-13,2382.TW,廣達,325.0,52.0,無特殊徵兆,➖ 中性/偏空,✅ 趨勢追蹤中，尚未觸發佈局點,3.54,-2.15,0.77,False,4.31,-2.31,0.62,False,,,,False,,,,False
2026-08-13,2379.TW,瑞昱,758.0,53.21,無特殊徵兆,➖ 中性/偏空,✅ 趨勢追蹤中，尚未觸發佈局點,0.13,-4.88,-4.88,False,0.13,-8.97,-7.26,True,,,,False,,,,False
2026-08-13,2371.TW,大同,26.25,50.64,無特殊徵兆,➖ 中性/偏空,✅ 趨勢追蹤中，尚未觸發佈局點,1.33,-0.57,0.38,False,5.33,-0.57,4.95,False,,,,False,,,,False
2026-08-13,2344.TW,華邦電,177.0,55.87,無特殊徵兆,➖ 中性/偏空,✅ 趨勢追蹤中，尚未觸發佈局點,7.91,1.98,3.67,False,8.47,-6.78,-0.28,True,,,,False,,,,False
2026-08-13,2231.TW,為升,99.1,48.31,無特殊徵兆,➖ 中性/偏空,✅ 趨勢追蹤中，尚未觸發佈局點,6.44,-2.0,2.42,False,7.47,-5.45,-5.15,True,,,,False,,,,False
2026-08-13,2330.TW,台積電,2435.0,55.58,無特殊徵兆,➖ 中性/偏空,✅ 趨勢追蹤中，尚未觸發佈局點,0.21,-1.64,-1.64,False,0.21,-4.11,-2.46,False,,,,False,,,,False
2026-08-13,1795.TW,美時,188.0,48.65,無特殊徵兆,➖ 中性/偏空,✅ 趨勢追蹤中，尚未觸發佈局點,-0.27,-4.26,-3.99,False,5.05,-4.26,3.72,False,,,,False,,,,False
2026-08-13,6415.TW,矽力-KY,465.0,49.76,無特殊徵兆,➖ 中性/偏空,✅ 趨勢追蹤中，尚未觸發佈局點,9.89,2.9,3.23,False,9.89,-8.6,-3.66,True,,,,False,,,,False
2026-08-13,8081.TW,致新,269.0,53.92,無特殊徵兆,➖ 中性/偏空,✅ 趨勢追蹤中，尚未觸發佈局點,0.0,-4.09,-4.09,False,0.0,-8.18,-3.72,True,,,,False,,,,False
2026-08-13,1609.TW,大亞,37.75,55.56,無特殊徵兆,➖ 中性/偏空,✅ 趨勢追蹤中，尚未觸發佈局點,1.85,-0.4,1.06,False,1.85,-3.84,-2.25,False,,,,False,,,,False
2026-08-13,1605.TW,華新,39.3,64.76,無特殊徵兆,➖ 中性/偏空,✅ 趨勢追蹤中，尚未觸發佈局點,3.05,-1.91,-0.64,False,3.05,-8.4,-6.23,True,,,,False,,,,False
2026-08-13,1536.TW,和大,51.1,52.22,無特殊徵兆,➖ 中性/偏空,✅ 趨勢追蹤中，尚未觸發佈局點,0.59,-1.17,-0.2,False,3.33,-3.13,-1.57,False,,,,False,,,,False
2026-08-13,8081.TW,致新,269.0,53.92,無特殊徵兆,➖ 中性/偏空,✅ 趨勢追蹤中，尚未觸發佈局點,0.0,-4.09,-4.09,False,0.0,-8.18,-3.72,True,,,,False,,,,False
2026-08-13,6415.TW,矽力-KY,465.0,49.76,無特殊徵兆,➖ 中性/偏空,✅ 趨勢追蹤中，尚未觸發佈局點,9.89,2.9,3.23,False,9.89,-8.6,-3.66,True,,,,False,,,,False
2026-08-13,6239.TW,力成,283.0,52.32,無特殊徵兆,➖ 中性/偏空,✅ 趨勢追蹤中，尚未觸發佈局點,1.94,-2.47,-1.77,False,1.94,-9.89,-5.12,True,,,,False,,,,False
2026-08-13,3481.TW,群創,49.4,46.78,無特殊徵兆,➖ 中性/偏空,✅ 趨勢追蹤中，尚未觸發佈局點,4.25,0.61,1.42,False,4.25,-8.1,-6.88,True,,,,False,,,,False
2026-08-13,3324.TWO,雙鴻,1035.0,58.23,無特殊徵兆,➖ 中性/偏空,✅ 趨勢追蹤中，尚未觸發佈局點,1.45,-2.9,-2.42,False,1.45,-7.73,-4.06,True,,,,False,,,,False
2026-08-13,3231.TW,緯創,197.0,66.54,無特殊徵兆,➖ 中性/偏空,✅ 趨勢追蹤中，尚未觸發佈局點,4.57,-2.03,-1.78,False,4.57,-11.17,-8.63,True,,,,False,,,,False
2026-08-13,3019.TW,亞光,139.0,53.64,無特殊徵兆,➖ 中性/偏空,✅ 趨勢追蹤中，尚未觸發佈局點,0.72,-1.44,-1.44,False,3.6,-4.32,-2.16,False,,,,False,,,,False
2026-08-13,2887.TW,台新金,36.2,61.58,無特殊徵兆,➖ 中性/偏空,✅ 趨勢追蹤中，尚未觸發佈局點,4.42,0.97,4.28,False,4.42,-1.38,-0.69,False,,,,False,,,,False
2026-08-13,2637.TW,慧洋,85.2,56.22,無特殊徵兆,➖ 中性/偏空,✅ 趨勢追蹤中，尚未觸發佈局點,1.17,-1.53,0.59,False,12.68,-1.53,11.15,False,,,,False,,,,False
2026-08-13,1515.TW,力山,30.5,44.74,無特殊徵兆,➖ 中性/偏空,✅ 趨勢追蹤中，尚未觸發佈局點,10.0,-2.13,10.0,False,20.98,-2.13,13.11,False,,,,False,,,,False
2026-08-13,1513.TW,中興電,171.0,62.4,🚀 首次突破20日高點 [帶突破缺口 1.8%],➖ 中性/偏空,⚡【初升段起漲】放量突破關鍵價位，小注試單！,1.75,-1.46,-0.58,False,1.75,-4.68,-2.92,False,,,,False,,,,False
2026-08-13,1326.TW,台化,59.5,48.41,無特殊徵兆,➖ 中性/偏空,✅ 趨勢追蹤中，尚未觸發佈局點,3.36,-0.84,1.68,False,3.7,-4.87,-1.85,False,,,,False,,,,False
2026-08-13,1312.TW,國喬,11.7,41.46,無特殊徵兆,➖ 中性/偏空,✅ 趨勢追蹤中，尚未觸發佈局點,1.71,-1.28,1.71,False,4.27,-1.28,0.43,False,,,,False,,,,False
2026-08-13,1304.TW,台聚,12.2,48.8,無特殊徵兆,➖ 中性/偏空,✅ 趨勢追蹤中，尚未觸發佈局點,0.41,-1.64,-1.64,False,0.41,-3.28,-3.28,False,,,,False,,,,False
2026-08-13,2883.TW,凱基金_29.3,31.5,61.14,無特殊徵兆,➖ 中性/偏空,✅ 趨勢追蹤中，尚未觸發佈局點,0.79,-1.75,0.48,False,0.79,-4.6,-3.49,False,,,,False,,,,False
2026-08-13,2382.TW,廣達,325.0,52.0,無特殊徵兆,➖ 中性/偏空,✅ 趨勢追蹤中，尚未觸發佈局點,3.54,-2.15,0.77,False,4.31,-2.31,0.62,False,,,,False,,,,False
2026-08-13,0050.TW,元大台灣50,106.7,58.5,庫存動態防禦,➖ 中性/偏空,🛡️【洗盤耐受區】嚴禁攤平加碼，死守底線 (100.93)！,0.75,-0.61,-0.28,False,0.75,-3.75,-2.72,False,,,,False,,,,False
2026-08-13,2353.TW,宏碁,32.25,60.68,無特殊徵兆,➖ 中性/偏空,✅ 趨勢追蹤中，尚未觸發佈局點,2.95,-1.4,0.16,False,2.95,-6.82,-3.88,True,,,,False,,,,False
2026-08-13,2352.TW,佳士達,28.95,49.43,無特殊徵兆,➖ 中性/偏空,✅ 趨勢追蹤中，尚未觸發佈局點,3.97,-0.86,1.9,False,4.15,-3.45,1.04,False,,,,False,,,,False
2026-08-13,2303.TW,聯電,127.0,48.46,🔥 放量站上20MA [帶突破缺口 2.0%],➖ 中性/偏空,⚡【初升段起漲】放量突破關鍵價位，小注試單！,-1.18,-5.51,-4.72,True,-1.18,-11.81,-9.06,True,,,,False,,,,False
2026-08-13,1795.TW,美時,188.5,49.2,無特殊徵兆,➖ 中性/偏空,✅ 趨勢追蹤中，尚未觸發佈局點,-0.53,-4.51,-4.24,False,4.77,-4.51,3.45,False,,,,False,,,,False
2026-08-13,1717.TW,長興,77.8,65.87,無特殊徵兆,➖ 中性/偏空,✅ 趨勢追蹤中，尚未觸發佈局點,1.8,-8.1,-7.84,True,1.8,-11.57,-9.77,True,,,,False,,,,False
2026-08-13,1536.TW,和大,52.1,55.79,無特殊徵兆,➖ 中性/偏空,✅ 趨勢追蹤中，尚未觸發佈局點,-1.34,-3.07,-2.11,False,1.34,-4.99,-3.45,False,,,,False,,,,False
2026-08-13,1513.TW,中興電,175.0,65.64,🚀 首次突破20日高點 [帶突破缺口 1.8%],➖ 中性/偏空,⚡【初升段起漲】放量突破關鍵價位，小注試單！,-0.57,-3.71,-2.86,False,-0.57,-6.86,-5.14,True,,,,False,,,,False
2026-08-13,8150.TW,南茂_90,96.8,53.17,無特殊徵兆,➖ 中性/偏空,✅ 趨勢追蹤中，尚未觸發佈局點,-1.34,-6.51,-5.06,True,-1.34,-11.78,-9.19,True,,,,False,,,,False
2026-08-13,0050.TW,元大台灣50,106.8,58.67,庫存動態防禦,➖ 中性/偏空,🛡️【洗盤耐受區】嚴禁攤平加碼，死守底線 (101.03)！,0.66,-0.7,-0.37,False,0.66,-3.84,-2.81,False,,,,False,,,,False
2026-08-13,2356.TW,英業達,70.9,63.81,無特殊徵兆,➖ 中性/偏空,✅ 趨勢追蹤中，尚未觸發佈局點,3.67,-2.12,-1.41,False,3.67,-10.72,-9.03,True,,,,False,,,,False
2026-08-13,1795.TW,美時,189.0,49.77,無特殊徵兆,➖ 中性/偏空,✅ 趨勢追蹤中，尚未觸發佈局點,-0.79,-4.76,-4.5,False,4.5,-4.76,3.17,False,,,,False,,,,False
2026-08-13,1515.TW,力山,31.35,46.86,無特殊徵兆,➖ 中性/偏空,✅ 趨勢追蹤中，尚未觸發佈局點,7.02,-4.78,7.02,False,17.7,-4.78,10.05,False,,,,False,,,,False
2026-08-13,1312.TW,國喬,11.8,42.72,無特殊徵兆,➖ 中性/偏空,✅ 趨勢追蹤中，尚未觸發佈局點,0.85,-2.12,0.85,False,3.39,-2.12,-0.42,False,,,,False,,,,False
2026-08-13,1304.TW,台聚,12.05,46.75,無特殊徵兆,➖ 中性/偏空,✅ 趨勢追蹤中，尚未觸發佈局點,1.66,-0.41,-0.41,False,1.66,-2.07,-2.07,False,,,,False,,,,False
2026-08-13,0050.TW,元大台灣50,106.7,58.5,庫存動態防禦,➖ 中性/偏空,🛡️【洗盤耐受區】嚴禁攤平加碼，死守底線 (100.94)！,0.75,-0.61,-0.28,False,0.75,-3.75,-2.72,False,,,,False,,,,False
2026-08-13,2637.TW,慧洋,87.9,64.67,無特殊徵兆,➖ 中性/偏空,✅ 趨勢追蹤中，尚未觸發佈局點,-1.93,-4.55,-2.5,False,9.22,-4.55,7.74,False,,,,False,,,,False
2026-08-13,2449.TW,京元電子,258.0,49.87,無特殊徵兆,➖ 中性/偏空,✅ 趨勢追蹤中，尚未觸發佈局點,-0.58,-5.04,-4.26,True,0.0,-12.79,-8.91,True,,,,False,,,,False
2026-08-13,2231.TW,為升,98.6,47.79,無特殊徵兆,➖ 中性/偏空,✅ 趨勢追蹤中，尚未觸發佈局點,6.98,-1.5,2.94,False,8.01,-4.97,-4.67,False,,,,False,,,,False
2026-08-13,2887.TW,台新金,35.6,58.66,無特殊徵兆,➖ 中性/偏空,✅ 趨勢追蹤中，尚未觸發佈局點,6.18,2.67,6.04,False,6.18,0.28,0.98,False,,,,False,,,,False
2026-08-13,2382.TW,廣達,324.0,51.48,無特殊徵兆,➖ 中性/偏空,✅ 趨勢追蹤中，尚未觸發佈局點,3.86,-1.85,1.08,False,4.63,-2.01,0.93,False,,,,False,,,,False
2026-08-13,3231.TW,緯創,193.5,64.86,無特殊徵兆,➖ 中性/偏空,✅ 趨勢追蹤中，尚未觸發佈局點,6.46,-0.26,0.0,False,6.46,-9.56,-6.98,True,,,,False,,,,False
2026-08-13,2371.TW,大同,26.25,50.64,無特殊徵兆,➖ 中性/偏空,✅ 趨勢追蹤中，尚未觸發佈局點,1.33,-0.57,0.38,False,5.33,-0.57,4.95,False,,,,False,,,,False
2026-08-13,2352.TW,佳士達,28.85,48.88,無特殊徵兆,➖ 中性/偏空,✅ 趨勢追蹤中，尚未觸發佈局點,4.33,-0.52,2.25,False,4.51,-3.12,1.39,False,,,,False,,,,False
2026-08-13,2231.TW,為升,99.2,48.42,無特殊徵兆,➖ 中性/偏空,✅ 趨勢追蹤中，尚未觸發佈局點,6.33,-2.1,2.32,False,7.36,-5.54,-5.24,True,,,,False,,,,False
2026-08-13,1795.TW,美時,188.5,49.2,無特殊徵兆,➖ 中性/偏空,✅ 趨勢追蹤中，尚未觸發佈局點,-0.53,-4.51,-4.24,False,4.77,-4.51,3.45,False,,,,False,,,,False
2026-08-13,1605.TW,華新,39.35,64.97,無特殊徵兆,➖ 中性/偏空,✅ 趨勢追蹤中，尚未觸發佈局點,2.92,-2.03,-0.76,False,2.92,-8.51,-6.35,True,,,,False,,,,False
2026-08-13,1513.TW,中興電,173.0,64.09,🚀 首次突破20日高點 [帶突破缺口 1.8%],➖ 中性/偏空,⚡【初升段起漲】放量突破關鍵價位，小注試單！,0.58,-2.6,-1.73,False,0.58,-5.78,-4.05,True,,,,False,,,,False
2026-08-13,6239.TW,力成,285.0,52.96,無特殊徵兆,➖ 中性/偏空,✅ 趨勢追蹤中，尚未觸發佈局點,1.23,-3.16,-2.46,False,1.23,-10.53,-5.79,True,,,,False,,,,False
2026-08-13,2379.TW,瑞昱,767.0,55.22,無特殊徵兆,➖ 中性/偏空,✅ 趨勢追蹤中，尚未觸發佈局點,-1.04,-6.0,-6.0,True,-1.04,-10.04,-8.34,True,,,,False,,,,False
2026-08-13,8081.TW,致新,267.5,53.1,無特殊徵兆,➖ 中性/偏空,✅ 趨勢追蹤中，尚未觸發佈局點,0.56,-3.55,-3.55,False,0.56,-7.66,-3.18,True,,,,False,,,,False
2026-08-13,1326.TW,台化,59.6,48.62,無特殊徵兆,➖ 中性/偏空,✅ 趨勢追蹤中，尚未觸發佈局點,3.19,-1.01,1.51,False,3.52,-5.03,-2.01,True,,,,False,,,,False
2026-08-13,6415.TW,矽力-KY,470.5,50.89,無特殊徵兆,➖ 中性/偏空,✅ 趨勢追蹤中，尚未觸發佈局點,8.61,1.7,2.02,False,8.61,-9.67,-4.78,True,,,,False,,,,False
2026-08-13,1304.TW,台聚,12.2,48.8,無特殊徵兆,➖ 中性/偏空,✅ 趨勢追蹤中，尚未觸發佈局點,0.41,-1.64,-1.64,False,0.41,-3.28,-3.28,False,,,,False,,,,False
2026-08-13,3324.TWO,雙鴻,1065.0,61.8,無特殊徵兆,➖ 中性/偏空,✅ 趨勢追蹤中，尚未觸發佈局點,-1.41,-5.63,-5.16,True,-1.41,-10.33,-6.76,True,,,,False,,,,False
2026-08-13,3042.TW,晶技,190.0,57.52,無特殊徵兆,➖ 中性/偏空,✅ 趨勢追蹤中，尚未觸發佈局點,-1.32,-5.79,-5.0,True,5.26,-9.21,-0.79,True,,,,False,,,,False
2026-08-13,2454.TW,聯發科,4230.0,61.22,無特殊徵兆,➖ 中性/偏空,✅ 趨勢追蹤中，尚未觸發佈局點,4.02,-0.59,-0.47,False,4.02,-13.12,-12.53,True,,,,False,,,,False
2026-08-13,2449.TW,京元電子,258.0,49.87,無特殊徵兆,➖ 中性/偏空,✅ 趨勢追蹤中，尚未觸發佈局點,-0.58,-5.04,-4.26,True,0.0,-12.79,-8.91,True,,,,False,,,,False
2026-08-13,1312.TW,國喬,11.7,41.46,無特殊徵兆,➖ 中性/偏空,✅ 趨勢追蹤中，尚未觸發佈局點,1.71,-1.28,1.71,False,4.27,-1.28,0.43,False,,,,False,,,,False
2026-08-13,3481.TW,群創,50.6,48.9,無特殊徵兆,➖ 中性/偏空,✅ 趨勢追蹤中，尚未觸發佈局點,1.78,-1.78,-0.99,False,1.78,-10.28,-9.09,True,,,,False,,,,False
2026-08-13,0050.TW,元大台灣50,106.5,58.18,庫存動態防禦,➖ 中性/偏空,🛡️【洗盤耐受區】嚴禁攤平加碼，死守底線 (100.73)！,0.94,-0.42,-0.09,False,0.94,-3.57,-2.54,False,,,,False,,,,False
2026-08-13,2356.TW,2356,70.9,63.81,無特殊徵兆,➖ 中性/偏空,✅ 趨勢追蹤中，尚未觸發佈局點,3.67,-2.12,-1.41,False,3.67,-10.72,-9.03,True,,,,False,,,,False
2026-08-13,8150.TW,南茂_90,93.8,51.17,無特殊徵兆,➖ 中性/偏空,✅ 趨勢追蹤中，尚未觸發佈局點,1.81,-3.52,-2.03,False,1.81,-8.96,-6.29,True,,,,False,,,,False
2026-08-13,1717.TW,1717,77.8,65.87,無特殊徵兆,➖ 中性/偏空,✅ 趨勢追蹤中，尚未觸發佈局點,1.8,-8.1,-7.84,True,1.8,-11.57,-9.77,True,,,,False,,,,False
2026-08-13,2356.TW,2356,70.9,63.81,無特殊徵兆,➖ 中性/偏空,✅ 趨勢追蹤中，尚未觸發佈局點,3.67,-2.12,-1.41,False,3.67,-10.72,-9.03,True,,,,False,,,,False
2026-08-13,1717.TW,1717,77.8,65.87,無特殊徵兆,➖ 中性/偏空,✅ 趨勢追蹤中，尚未觸發佈局點,1.8,-8.1,-7.84,True,1.8,-11.57,-9.77,True,,,,False,,,,False
2026-08-13,3324.TWO,3324O,1065.0,61.8,無特殊徵兆,➖ 中性/偏空,✅ 趨勢追蹤中，尚未觸發佈局點,-1.41,-5.63,-5.16,True,-1.41,-10.33,-6.76,True,,,,False,,,,False
2026-08-13,2356.TW,2356,70.9,63.81,無特殊徵兆,➖ 中性/偏空,✅ 趨勢追蹤中，尚未觸發佈局點,3.67,-2.12,-1.41,False,3.67,-10.72,-9.03,True,,,,False,,,,False
2026-08-14,0050.TW,元大台灣50,106.4,58.16,庫存動態防禦,➖ 中性/偏空,🛡️【洗盤耐受區】嚴禁攤平加碼，死守底線 (100.87)！,0.52,-0.38,0.05,False,0.52,-3.48,,False,,,,False,,,,False
2026-08-14,2356.TW,英業達_80,69.9,62.31,庫存動態防禦,➖ 中性/偏空,🛡️【洗盤耐受區】嚴禁攤平加碼，死守底線 (63.25)！,-1.29,-5.58,-4.58,True,-1.29,-9.44,-6.01,True,,,,False,,,,False
2026-08-14,2208.TW,台船,20.3,59.33,庫存動態防禦,➖ 中性/偏空,🛡️【洗盤耐受區】嚴禁攤平加碼，死守底線 (19.24)！,-0.0,-4.43,-3.69,False,-0.0,-6.4,-4.93,True,,,,False,,,,False
2026-08-14,2353.TW,宏碁_35,32.3,60.67,庫存動態防禦,➖ 中性/偏空,🩸【戰術撤離】跌破防守底線 (30.03)，無條件停損變現！,0.77,-4.8,-2.63,False,0.77,-6.97,-4.95,True,,,,False,,,,False
2026-08-14,6605.TW,6605,137.0,55.74,無特殊徵兆,➖ 中性/偏空,✅ 趨勢追蹤中，尚未觸發佈局點,3.28,0.0,1.46,False,3.65,0.0,3.28,False,,,,False,,,,False
2026-08-14,2201.TW,2201,28.8,60.63,無特殊徵兆,➖ 中性/偏空,✅ 趨勢追蹤中，尚未觸發佈局點,0.17,-0.87,-0.17,False,3.82,-2.78,1.74,False,,,,False,,,,False
2026-08-14,1519.TW,1519,712.0,62.37,無特殊徵兆,➖ 中性/偏空,✅ 趨勢追蹤中，尚未觸發佈局點,2.25,-2.11,1.12,False,3.23,-2.11,1.54,False,,,,False,,,,False
2026-08-14,3044.TW,健鼎_400,488.0,65.97,無特殊徵兆,➖ 中性/偏空,✅ 趨勢追蹤中，尚未觸發佈局點,0.61,-1.64,-1.02,False,5.53,-6.76,-5.94,True,,,,False,,,,False
2026-08-14,3653.TW,3653,4720.0,68.71,無特殊徵兆,➖ 中性/偏空,✅ 趨勢追蹤中，尚未觸發佈局點,13.14,13.14,13.14,False,19.07,3.6,14.3,False,,,,False,,,,False
2026-08-14,3037.TW,欣興_866,1020.0,61.26,無特殊徵兆,➖ 中性/偏空,✅ 趨勢追蹤中，尚未觸發佈局點,9.8,1.47,9.8,False,17.65,0.98,6.37,False,,,,False,,,,False
2026-08-14,2379.TW,瑞昱,721.0,45.72,無特殊徵兆,➖ 中性/偏空,✅ 趨勢追蹤中，尚未觸發佈局點,0.55,-2.08,-0.55,False,3.47,-4.3,-0.97,False,,,,False,,,,False
2026-08-14,2637.TW,慧洋,85.7,57.33,無特殊徵兆,➖ 中性/偏空,✅ 趨勢追蹤中，尚未觸發佈局點,1.63,-0.23,1.52,False,21.35,-0.23,19.02,False,,,,False,,,,False
2026-08-14,5483.TWO,5483O,185.5,49.57,無特殊徵兆,➖ 中性/偏空,✅ 趨勢追蹤中，尚未觸發佈局點,4.04,-1.08,0.54,False,5.12,-6.47,-5.12,True,,,,False,,,,False
2026-08-14,2449.TW,京元電子,247.0,46.07,無特殊徵兆,➖ 中性/偏空,✅ 趨勢追蹤中，尚未觸發佈局點,4.45,0.61,0.61,False,4.45,-8.91,-6.07,True,,,,False,,,,False
2026-08-14,2409.TW,友達,25.8,51.11,無特殊徵兆,➖ 中性/偏空,✅ 趨勢追蹤中，尚未觸發佈局點,6.2,-0.0,5.62,False,6.2,-2.13,-0.78,False,,,,False,,,,False
2026-08-14,2408.TW,南亞科,512.0,62.23,無特殊徵兆,➖ 中性/偏空,✅ 趨勢追蹤中，尚未觸發佈局點,4.49,0.2,2.34,False,8.01,-6.25,3.12,True,,,,False,,,,False
2026-08-14,2377.TW,微星,159.0,59.04,無特殊徵兆,➖ 中性/偏空,✅ 趨勢追蹤中，尚未觸發佈局點,-3.17,-8.67,-8.67,True,-3.17,-12.89,-11.01,True,,,,False,,,,False
2026-08-14,2371.TW,大同,26.35,51.43,無特殊徵兆,➖ 中性/偏空,✅ 趨勢追蹤中，尚未觸發佈局點,4.17,0.38,4.17,False,5.69,-0.57,4.74,False,,,,False,,,,False
2026-08-14,2344.TW,華邦電,183.5,58.45,無特殊徵兆,➖ 中性/偏空,✅ 趨勢追蹤中，尚未觸發佈局點,3.54,-1.09,-1.09,False,4.63,-10.08,-1.36,True,,,,False,,,,False
2026-08-14,2330.TW,台積電,2395.0,51.8,無特殊徵兆,➖ 中性/偏空,✅ 趨勢追蹤中，尚未觸發佈局點,1.04,-0.21,0.21,False,1.04,-2.51,0.63,False,,,,False,,,,False
2026-08-14,2317.TW,鴻海,259.5,54.62,無特殊徵兆,➖ 中性/偏空,✅ 趨勢追蹤中，尚未觸發佈局點,0.58,-1.73,-1.73,False,0.58,-6.55,-5.39,True,,,,False,,,,False
2026-08-14,2303.TW,聯電,121.0,44.17,無特殊徵兆,➖ 中性/偏空,✅ 趨勢追蹤中，尚未觸發佈局點,2.48,0.41,0.41,False,2.48,-7.44,-3.72,True,,,,False,,,,False
2026-08-14,1609.TW,大亞,38.15,57.37,無特殊徵兆,➖ 中性/偏空,✅ 趨勢追蹤中，尚未觸發佈局點,0.52,-2.75,-1.83,False,0.52,-4.85,-2.88,False,,,,False,,,,False
2026-08-14,1605.TW,華新,39.05,63.67,無特殊徵兆,➖ 中性/偏空,✅ 趨勢追蹤中，尚未觸發佈局點,-0.9,-3.71,-1.41,False,-0.9,-7.81,-4.48,True,,,,False,,,,False
2026-08-14,1536.TW,和大,51.0,51.85,無特殊徵兆,➖ 中性/偏空,✅ 趨勢追蹤中，尚未觸發佈局點,3.53,0.0,0.78,False,3.53,-3.73,-3.43,False,,,,False,,,,False
2026-08-14,1513.TW,中興電,170.0,60.85,無特殊徵兆,➖ 中性/偏空,✅ 趨勢追蹤中，尚未觸發佈局點,1.47,-1.76,0.59,False,1.47,-4.12,-2.35,False,,,,False,,,,False
2026-08-14,1326.TW,台化,60.5,50.71,無特殊徵兆,➖ 中性/偏空,✅ 趨勢追蹤中，尚未觸發佈局點,1.98,-2.31,-1.98,False,1.98,-6.45,-0.66,True,,,,False,,,,False
2026-08-14,1312.TW,國喬,11.9,44.48,無特殊徵兆,➖ 中性/偏空,✅ 趨勢追蹤中，尚未觸發佈局點,0.42,-1.68,-0.84,False,2.52,-1.68,0.84,False,,,,False,,,,False
2026-08-14,2408.TW,南亞科,512.0,62.23,無特殊徵兆,➖ 中性/偏空,✅ 趨勢追蹤中，尚未觸發佈局點,4.49,0.2,2.34,False,8.01,-6.25,3.12,True,,,,False,,,,False
2026-08-14,2382.TW,廣達,326.5,52.77,無特殊徵兆,➖ 中性/偏空,✅ 趨勢追蹤中，尚未觸發佈局點,3.83,1.23,2.14,False,3.83,-2.76,-1.53,False,,,,False,,,,False
2026-08-14,2379.TW,瑞昱,727.0,46.79,無特殊徵兆,➖ 中性/偏空,✅ 趨勢追蹤中，尚未觸發佈局點,-0.28,-2.89,-1.38,False,2.61,-5.09,-1.79,True,,,,False,,,,False
2026-08-14,2371.TW,大同,26.35,51.43,無特殊徵兆,➖ 中性/偏空,✅ 趨勢追蹤中，尚未觸發佈局點,4.17,0.38,4.17,False,5.69,-0.57,4.74,False,,,,False,,,,False
2026-08-14,2344.TW,華邦電,184.5,58.82,無特殊徵兆,➖ 中性/偏空,✅ 趨勢追蹤中，尚未觸發佈局點,2.98,-1.63,-1.63,False,4.07,-10.57,-1.9,True,,,,False,,,,False
2026-08-14,2330.TW,台積電,2415.0,53.62,無特殊徵兆,➖ 中性/偏空,✅ 趨勢追蹤中，尚未觸發佈局點,0.21,-1.04,-0.62,False,0.21,-3.31,-0.21,False,,,,False,,,,False
2026-08-14,2317.TW,鴻海,258.0,53.55,無特殊徵兆,➖ 中性/偏空,✅ 趨勢追蹤中，尚未觸發佈局點,1.16,-1.16,-1.16,False,1.16,-6.01,-4.84,True,,,,False,,,,False
2026-08-14,2303.TW,聯電,121.0,44.17,無特殊徵兆,➖ 中性/偏空,✅ 趨勢追蹤中，尚未觸發佈局點,2.48,0.41,0.41,False,2.48,-7.44,-3.72,True,,,,False,,,,False
2026-08-14,1536.TW,和大,50.9,51.49,無特殊徵兆,➖ 中性/偏空,✅ 趨勢追蹤中，尚未觸發佈局點,3.73,0.2,0.98,False,3.73,-3.54,-3.24,False,,,,False,,,,False
2026-08-14,1326.TW,台化,60.6,50.93,無特殊徵兆,➖ 中性/偏空,✅ 趨勢追蹤中，尚未觸發佈局點,1.82,-2.48,-2.15,False,1.82,-6.6,-0.83,True,,,,False,,,,False
2026-08-14,1312.TW,國喬,11.8,43.01,無特殊徵兆,➖ 中性/偏空,✅ 趨勢追蹤中，尚未觸發佈局點,1.27,-0.85,0.0,False,3.39,-0.85,1.69,False,,,,False,,,,False
2026-08-14,2886.TW,兆豐金,47.35,51.39,無特殊徵兆,➖ 中性/偏空,✅ 趨勢追蹤中，尚未觸發佈局點,-0.63,-3.7,-1.58,False,-0.11,-3.7,-0.84,False,,,,False,,,,False
2026-08-14,2637.TW,慧洋,85.4,56.67,無特殊徵兆,➖ 中性/偏空,✅ 趨勢追蹤中，尚未觸發佈局點,1.99,0.12,1.87,False,21.78,0.12,19.44,False,,,,False,,,,False
2026-08-14,3044.TW,3044,492.5,67.46,無特殊徵兆,➖ 中性/偏空,✅ 趨勢追蹤中，尚未觸發佈局點,-0.3,-2.54,-1.93,False,4.57,-7.61,-6.8,True,,,,False,,,,False
2026-08-14,2886.TW,兆豐金,46.95,49.5,無特殊徵兆,➖ 中性/偏空,✅ 趨勢追蹤中，尚未觸發佈局點,0.21,-2.88,-0.75,False,0.75,-2.88,0.0,False,,,,False,,,,False
2026-08-14,2883.TW,2883,31.6,61.77,無特殊徵兆,➖ 中性/偏空,✅ 趨勢追蹤中，尚未觸發佈局點,0.16,-2.22,-0.63,False,0.16,-4.91,-0.16,False,,,,False,,,,False
2026-08-14,4938.TW,4938,94.1,65.53,無特殊徵兆,➖ 中性/偏空,✅ 趨勢追蹤中，尚未觸發佈局點,0.74,-6.27,-4.04,True,0.74,-7.12,-5.84,True,,,,False,,,,False
2026-08-14,3037.TW,3037,1015.0,60.86,無特殊徵兆,➖ 中性/偏空,✅ 趨勢追蹤中，尚未觸發佈局點,10.34,1.97,10.34,False,18.23,1.48,6.9,False,,,,False,,,,False
2026-08-14,6116.TW,彩晶,14.0,47.01,無特殊徵兆,➖ 中性/偏空,✅ 趨勢追蹤中，尚未觸發佈局點,1.07,-2.14,1.07,False,7.5,-4.64,-1.43,False,,,,False,,,,False
2026-08-14,3481.TW,群創,50.3,48.57,無特殊徵兆,➖ 中性/偏空,✅ 趨勢追蹤中，尚未觸發佈局點,1.99,-2.88,1.79,False,1.99,-10.44,-8.45,True,,,,False,,,,False
2026-08-14,6239.TW,力成,278.0,50.46,無特殊徵兆,➖ 中性/偏空,✅ 趨勢追蹤中，尚未觸發佈局點,1.44,-0.9,0.0,False,1.44,-8.27,-3.78,True,,,,False,,,,False
2026-08-14,6116.TW,彩晶,13.9,46.31,無特殊徵兆,➖ 中性/偏空,✅ 趨勢追蹤中，尚未觸發佈局點,1.8,-1.44,1.8,False,8.27,-3.96,-0.72,False,,,,False,,,,False
2026-08-14,3481.TW,群創,50.1,48.18,無特殊徵兆,➖ 中性/偏空,✅ 趨勢追蹤中，尚未觸發佈局點,2.4,-2.5,2.2,False,2.4,-10.08,-8.08,True,,,,False,,,,False
2026-08-14,2886.TW,兆豐金,47.35,51.39,無特殊徵兆,➖ 中性/偏空,✅ 趨勢追蹤中，尚未觸發佈局點,-0.63,-3.7,-1.58,False,-0.11,-3.7,-0.84,False,,,,False,,,,False
2026-08-14,2637.TW,慧洋,85.7,57.33,無特殊徵兆,➖ 中性/偏空,✅ 趨勢追蹤中，尚未觸發佈局點,1.63,-0.23,1.52,False,21.35,-0.23,19.02,False,,,,False,,,,False
2026-08-14,2449.TW,京元電子,247.0,46.07,無特殊徵兆,➖ 中性/偏空,✅ 趨勢追蹤中，尚未觸發佈局點,4.45,0.61,0.61,False,4.45,-8.91,-6.07,True,,,,False,,,,False
2026-08-14,2409.TW,友達,25.8,51.11,無特殊徵兆,➖ 中性/偏空,✅ 趨勢追蹤中，尚未觸發佈局點,6.2,-0.0,5.62,False,6.2,-2.13,-0.78,False,,,,False,,,,False
2026-08-14,2408.TW,南亞科,512.0,62.23,無特殊徵兆,➖ 中性/偏空,✅ 趨勢追蹤中，尚未觸發佈局點,4.49,0.2,2.34,False,8.01,-6.25,3.12,True,,,,False,,,,False
2026-08-14,2379.TW,瑞昱,721.0,45.72,無特殊徵兆,➖ 中性/偏空,✅ 趨勢追蹤中，尚未觸發佈局點,0.55,-2.08,-0.55,False,3.47,-4.3,-0.97,False,,,,False,,,,False
2026-08-14,2377.TW,微星,159.0,59.04,無特殊徵兆,➖ 中性/偏空,✅ 趨勢追蹤中，尚未觸發佈局點,-3.17,-8.67,-8.67,True,-3.17,-12.89,-11.01,True,,,,False,,,,False
2026-08-14,2371.TW,大同,26.35,51.43,無特殊徵兆,➖ 中性/偏空,✅ 趨勢追蹤中，尚未觸發佈局點,4.17,0.38,4.17,False,5.69,-0.57,4.74,False,,,,False,,,,False
2026-08-14,2344.TW,華邦電,183.5,58.45,無特殊徵兆,➖ 中性/偏空,✅ 趨勢追蹤中，尚未觸發佈局點,3.54,-1.09,-1.09,False,4.63,-10.08,-1.36,True,,,,False,,,,False
2026-08-14,2330.TW,台積電,2395.0,51.8,無特殊徵兆,➖ 中性/偏空,✅ 趨勢追蹤中，尚未觸發佈局點,1.04,-0.21,0.21,False,1.04,-2.51,0.63,False,,,,False,,,,False
2026-08-14,2317.TW,鴻海,259.5,54.62,無特殊徵兆,➖ 中性/偏空,✅ 趨勢追蹤中，尚未觸發佈局點,0.58,-1.73,-1.73,False,0.58,-6.55,-5.39,True,,,,False,,,,False
2026-08-14,2303.TW,聯電,121.0,44.17,無特殊徵兆,➖ 中性/偏空,✅ 趨勢追蹤中，尚未觸發佈局點,2.48,0.41,0.41,False,2.48,-7.44,-3.72,True,,,,False,,,,False
2026-08-14,8081.TW,致新,258.0,47.64,無特殊徵兆,➖ 中性/偏空,✅ 趨勢追蹤中，尚未觸發佈局點,-0.19,-3.49,-0.78,False,1.16,-4.26,-0.39,False,,,,False,,,,False
2026-08-14,3037.TW,欣興_866,1015.0,60.86,無特殊徵兆,➖ 中性/偏空,✅ 趨勢追蹤中，尚未觸發佈局點,10.34,1.97,10.34,False,18.23,1.48,6.9,False,,,,False,,,,False
2026-08-14,1609.TW,大亞,38.15,57.37,無特殊徵兆,➖ 中性/偏空,✅ 趨勢追蹤中，尚未觸發佈局點,0.52,-2.75,-1.83,False,0.52,-4.85,-2.88,False,,,,False,,,,False
2026-08-14,8081.TW,致新,258.0,47.64,無特殊徵兆,➖ 中性/偏空,✅ 趨勢追蹤中，尚未觸發佈局點,-0.19,-3.49,-0.78,False,1.16,-4.26,-0.39,False,,,,False,,,,False
2026-08-14,6239.TW,力成,278.0,50.46,無特殊徵兆,➖ 中性/偏空,✅ 趨勢追蹤中，尚未觸發佈局點,1.44,-0.9,0.0,False,1.44,-8.27,-3.78,True,,,,False,,,,False
2026-08-14,6116.TW,彩晶,13.9,46.31,無特殊徵兆,➖ 中性/偏空,✅ 趨勢追蹤中，尚未觸發佈局點,1.8,-1.44,1.8,False,8.27,-3.96,-0.72,False,,,,False,,,,False
2026-08-14,3481.TW,群創,50.1,48.18,無特殊徵兆,➖ 中性/偏空,✅ 趨勢追蹤中，尚未觸發佈局點,2.4,-2.5,2.2,False,2.4,-10.08,-8.08,True,,,,False,,,,False
2026-08-14,1605.TW,華新,39.05,63.67,無特殊徵兆,➖ 中性/偏空,✅ 趨勢追蹤中，尚未觸發佈局點,-0.9,-3.71,-1.41,False,-0.9,-7.81,-4.48,True,,,,False,,,,False
2026-08-14,1536.TW,和大,51.0,51.85,無特殊徵兆,➖ 中性/偏空,✅ 趨勢追蹤中，尚未觸發佈局點,3.53,0.0,0.78,False,3.53,-3.73,-3.43,False,,,,False,,,,False
2026-08-14,1513.TW,中興電,170.0,60.85,無特殊徵兆,➖ 中性/偏空,✅ 趨勢追蹤中，尚未觸發佈局點,1.47,-1.76,0.59,False,1.47,-4.12,-2.35,False,,,,False,,,,False
2026-08-14,1326.TW,台化,60.5,50.71,無特殊徵兆,➖ 中性/偏空,✅ 趨勢追蹤中，尚未觸發佈局點,1.98,-2.31,-1.98,False,1.98,-6.45,-0.66,True,,,,False,,,,False
2026-08-14,1312.TW,國喬,11.9,44.48,無特殊徵兆,➖ 中性/偏空,✅ 趨勢追蹤中，尚未觸發佈局點,0.42,-1.68,-0.84,False,2.52,-1.68,0.84,False,,,,False,,,,False
2026-08-14,3037.TW,欣興_866,1020.0,61.26,無特殊徵兆,➖ 中性/偏空,✅ 趨勢追蹤中，尚未觸發佈局點,9.8,1.47,9.8,False,17.65,0.98,6.37,False,,,,False,,,,False
2026-08-14,3044.TW,健鼎_400,488.0,65.97,無特殊徵兆,➖ 中性/偏空,✅ 趨勢追蹤中，尚未觸發佈局點,0.61,-1.64,-1.02,False,5.53,-6.76,-5.94,True,,,,False,,,,False
2026-08-14,2356.TW,英業達_80,69.9,62.31,庫存動態防禦,➖ 中性/偏空,🛡️【洗盤耐受區】嚴禁攤平加碼，死守底線 (63.25)！,-1.29,-5.58,-4.58,True,-1.29,-9.44,-6.01,True,,,,False,,,,False
2026-08-14,2353.TW,宏碁_35,32.3,60.67,庫存動態防禦,➖ 中性/偏空,🩸【戰術撤離】跌破防守底線 (30.03)，無條件停損變現！,0.77,-4.8,-2.63,False,0.77,-6.97,-4.95,True,,,,False,,,,False
2026-08-14,2208.TW,台船,20.3,59.33,庫存動態防禦,➖ 中性/偏空,🛡️【洗盤耐受區】嚴禁攤平加碼，死守底線 (19.24)！,-0.0,-4.43,-3.69,False,-0.0,-6.4,-4.93,True,,,,False,,,,False
2026-08-14,0050.TW,元大台灣50,106.4,58.16,庫存動態防禦,➖ 中性/偏空,🛡️【洗盤耐受區】嚴禁攤平加碼，死守底線 (100.87)！,0.52,-0.38,0.05,False,0.52,-3.48,,False,,,,False,,,,False
2026-08-14,3044.TW,健鼎_400,492.5,67.46,無特殊徵兆,➖ 中性/偏空,✅ 趨勢追蹤中，尚未觸發佈局點,-0.3,-2.54,-1.93,False,4.57,-7.61,-6.8,True,,,,False,,,,False
2026-08-14,2377.TW,微星,159.0,59.04,無特殊徵兆,➖ 中性/偏空,✅ 趨勢追蹤中，尚未觸發佈局點,-3.17,-8.67,-8.67,True,-3.17,-12.89,-11.01,True,,,,False,,,,False
2026-08-14,1304.TW,台聚,12.15,48.1,無特殊徵兆,➖ 中性/偏空,✅ 趨勢追蹤中，尚未觸發佈局點,-1.23,-2.47,-2.47,False,0.82,-2.88,0.41,False,,,,False,,,,False
2026-08-14,1301.TW,台塑,59.0,55.14,無特殊徵兆,➖ 中性/偏空,✅ 趨勢追蹤中，尚未觸發佈局點,4.75,0.17,0.17,False,4.75,-3.73,0.68,False,,,,False,,,,False
2026-08-14,8150.TW,南茂_90,93.2,50.76,無特殊徵兆,➖ 中性/偏空,✅ 趨勢追蹤中，尚未觸發佈局點,0.86,-3.43,-1.82,False,0.86,-8.37,-6.97,True,,,,False,,,,False
2026-08-14,0050.TW,元大台灣50,107.0,59.21,庫存動態防禦,➖ 中性/偏空,🛡️【洗盤耐受區】嚴禁攤平加碼，死守底線 (101.47)！,-0.05,-0.93,-0.51,False,-0.05,-4.02,,False,,,,False,,,,False
2026-08-14,6605.TW,6605,136.5,54.93,無特殊徵兆,➖ 中性/偏空,✅ 趨勢追蹤中，尚未觸發佈局點,3.66,0.37,1.83,False,4.03,0.37,3.66,False,,,,False,,,,False
2026-08-14,2886.TW,兆豐金,45.9,43.76,無特殊徵兆,➖ 中性/偏空,✅ 趨勢追蹤中，尚未觸發佈局點,2.51,-0.65,1.53,False,3.05,-0.65,2.29,False,,,,False,,,,False
2026-08-14,2382.TW,廣達,330.0,54.48,無特殊徵兆,➖ 中性/偏空,✅ 趨勢追蹤中，尚未觸發佈局點,2.73,0.15,1.06,False,2.73,-3.79,-2.58,False,,,,False,,,,False
2026-08-14,2353.TW,宏碁,32.9,63.53,🔥【旱地拔蔥】底部極端爆量，長紅突破季線！,➖ 中性/偏空,🐉【妖股起漲預警】資金強勢介入，無視基本面，強烈建議觀察試單！,-1.06,-6.53,-4.41,True,-1.06,-8.66,-6.69,True,,,,False,,,,False
2026-08-14,2344.TW,華邦電,187.0,59.71,無特殊徵兆,➖ 中性/偏空,✅ 趨勢追蹤中，尚未觸發佈局點,1.6,-2.94,-2.94,False,2.67,-11.76,-3.21,True,,,,False,,,,False
2026-08-14,2330.TW,台積電,2430.0,55.08,無特殊徵兆,➖ 中性/偏空,✅ 趨勢追蹤中，尚未觸發佈局點,-0.41,-1.65,-1.23,False,-0.41,-3.91,-0.82,False,,,,False,,,,False
2026-08-14,2317.TW,鴻海,262.0,56.5,無特殊徵兆,➖ 中性/偏空,✅ 趨勢追蹤中，尚未觸發佈局點,-0.38,-2.67,-2.67,False,-0.38,-7.44,-6.3,True,,,,False,,,,False
2026-08-14,2303.TW,聯電,124.0,46.23,無特殊徵兆,➖ 中性/偏空,✅ 趨勢追蹤中，尚未觸發佈局點,0.0,-2.02,-2.02,False,0.0,-9.68,-6.05,True,,,,False,,,,False
2026-08-14,1609.TW,大亞,37.75,55.56,無特殊徵兆,➖ 中性/偏空,✅ 趨勢追蹤中，尚未觸發佈局點,1.59,-1.72,-0.79,False,1.59,-3.84,-1.85,False,,,,False,,,,False
2026-08-14,2330.TW,台積電,2435.0,55.58,無特殊徵兆,➖ 中性/偏空,✅ 趨勢追蹤中，尚未觸發佈局點,-0.62,-1.85,-1.44,False,-0.62,-4.11,-1.03,False,,,,False,,,,False
2026-08-14,2317.TW,鴻海,261.5,56.12,無特殊徵兆,➖ 中性/偏空,✅ 趨勢追蹤中，尚未觸發佈局點,-0.19,-2.49,-2.49,False,-0.19,-7.27,-6.12,True,,,,False,,,,False
2026-08-14,2303.TW,聯電,124.0,46.23,無特殊徵兆,➖ 中性/偏空,✅ 趨勢追蹤中，尚未觸發佈局點,0.0,-2.02,-2.02,False,0.0,-9.68,-6.05,True,,,,False,,,,False
2026-08-14,1536.TW,和大,51.2,52.55,無特殊徵兆,➖ 中性/偏空,✅ 趨勢追蹤中，尚未觸發佈局點,3.12,-0.39,0.39,False,3.12,-4.1,-3.81,False,,,,False,,,,False
2026-08-14,1312.TW,國喬,11.75,42.25,無特殊徵兆,➖ 中性/偏空,✅ 趨勢追蹤中，尚未觸發佈局點,1.7,-0.43,0.43,False,3.83,-0.43,2.13,False,,,,False,,,,False
2026-08-14,1304.TW,台聚,12.2,48.8,無特殊徵兆,➖ 中性/偏空,✅ 趨勢追蹤中，尚未觸發佈局點,-1.64,-2.87,-2.87,False,0.41,-3.28,-0.0,False,,,,False,,,,False
2026-08-14,2883.TW,凱基金_29.3,31.6,61.77,無特殊徵兆,➖ 中性/偏空,✅ 趨勢追蹤中，尚未觸發佈局點,0.16,-2.22,-0.63,False,0.16,-4.91,-0.16,False,,,,False,,,,False
2026-08-14,2352.TW,佳士達,28.7,48.09,無特殊徵兆,➖ 中性/偏空,✅ 趨勢追蹤中，尚未觸發佈局點,3.66,0.0,1.05,False,5.05,-2.61,0.35,False,,,,False,,,,False
2026-08-14,8081.TW,致新,269.0,53.92,無特殊徵兆,➖ 中性/偏空,✅ 趨勢追蹤中，尚未觸發佈局點,-4.28,-7.43,-4.83,True,-2.97,-8.18,-4.46,True,,,,False,,,,False
2026-08-14,2886.TW,兆豐金,46.05,44.66,無特殊徵兆,➖ 中性/偏空,✅ 趨勢追蹤中，尚未觸發佈局點,2.17,-0.98,1.19,False,2.71,-0.98,1.95,False,,,,False,,,,False
2026-08-14,2637.TW,慧洋,84.9,55.35,無特殊徵兆,➖ 中性/偏空,✅ 趨勢追蹤中，尚未觸發佈局點,2.59,0.71,2.47,False,22.5,0.71,20.14,False,,,,False,,,,False
2026-08-14,2449.TW,京元電子,254.0,48.5,無特殊徵兆,➖ 中性/偏空,✅ 趨勢追蹤中，尚未觸發佈局點,1.57,-2.17,-2.17,False,1.57,-11.42,-8.66,True,,,,False,,,,False
2026-08-14,0050.TW,元大台灣50,107.3,59.71,庫存動態防禦,➖ 中性/偏空,🛡️【洗盤耐受區】嚴禁攤平加碼，死守底線 (101.63)！,-0.33,-1.21,-0.79,False,-0.33,-4.29,,False,,,,False,,,,False
2026-08-14,6415.TW,矽力-KY,511.0,58.38,🚀 首次突破20日高點 [帶突破缺口 3.8%],➖ 中性/偏空,⚡【初升段起漲】放量突破關鍵價位，小注試單！,-6.75,-11.94,-11.25,True,-6.75,-16.83,-12.82,True,,,,False,,,,False
2026-08-14,1303.TW,1303,207.5,63.67,無特殊徵兆,➖ 中性/偏空,✅ 趨勢追蹤中，尚未觸發佈局點,3.61,-3.61,-3.37,False,3.61,-10.84,-7.47,True,,,,False,,,,False
2026-08-14,6116.TW,彩晶,14.0,47.01,無特殊徵兆,➖ 中性/偏空,✅ 趨勢追蹤中，尚未觸發佈局點,1.07,-2.14,1.07,False,7.5,-4.64,-1.43,False,,,,False,,,,False
2026-08-14,3481.TW,群創,50.4,48.76,無特殊徵兆,➖ 中性/偏空,✅ 趨勢追蹤中，尚未觸發佈局點,1.79,-3.08,1.59,False,1.79,-10.62,-8.63,True,,,,False,,,,False
2026-08-14,2353.TW,宏碁_35,32.4,61.18,庫存動態防禦,➖ 中性/偏空,🩸【戰術撤離】跌破防守底線 (30.03)，無條件停損變現！,0.46,-5.09,-2.93,True,0.46,-7.25,-5.25,True,,,,False,,,,False
2026-08-14,2208.TW,台船,20.55,61.03,庫存動態防禦,➖ 中性/偏空,🛡️【洗盤耐受區】嚴禁攤平加碼，死守底線 (19.33)！,-1.22,-5.6,-4.87,True,-1.22,-7.54,-6.08,True,,,,False,,,,False
2026-08-14,0050.TW,元大台灣50,106.4,58.16,庫存動態防禦,➖ 中性/偏空,🛡️【洗盤耐受區】嚴禁攤平加碼，死守底線 (100.87)！,0.52,-0.38,0.05,False,0.52,-3.48,,False,,,,False,,,,False
2026-08-14,6605.TW,6605,136.5,54.93,無特殊徵兆,➖ 中性/偏空,✅ 趨勢追蹤中，尚未觸發佈局點,3.66,0.37,1.83,False,4.03,0.37,3.66,False,,,,False,,,,False
2026-08-14,2201.TW,2201,28.5,57.16,無特殊徵兆,➖ 中性/偏空,✅ 趨勢追蹤中，尚未觸發佈局點,1.23,0.18,0.88,False,4.91,-1.75,2.81,False,,,,False,,,,False
2026-08-14,1513.TW,1513,170.5,61.62,無特殊徵兆,➖ 中性/偏空,✅ 趨勢追蹤中，尚未觸發佈局點,1.17,-2.05,0.29,False,1.17,-4.4,-2.64,False,,,,False,,,,False
2026-08-14,3324.TWO,3324O,1035.0,58.23,無特殊徵兆,➖ 中性/偏空,✅ 趨勢追蹤中，尚未觸發佈局點,0.0,-3.38,-2.9,False,0.0,-7.73,-6.38,True,,,,False,,,,False
2026-08-14,3019.TW,亞光,138.5,53.05,無特殊徵兆,➖ 中性/偏空,✅ 趨勢追蹤中，尚未觸發佈局點,3.97,-0.72,1.81,False,3.97,-3.97,-2.17,False,,,,False,,,,False
2026-08-14,2356.TW,英業達_80,69.8,62.15,庫存動態防禦,➖ 中性/偏空,🛡️【洗盤耐受區】嚴禁攤平加碼，死守底線 (63.15)！,-1.15,-5.44,-4.44,True,-1.15,-9.31,-5.87,True,,,,False,,,,False
2026-08-14,2886.TW,兆豐金,45.85,43.46,無特殊徵兆,➖ 中性/偏空,✅ 趨勢追蹤中，尚未觸發佈局點,2.62,-0.55,1.64,False,3.16,-0.55,2.4,False,,,,False,,,,False
2026-08-14,2353.TW,宏碁_35,32.75,62.85,庫存動態防禦,➖ 中性/偏空,🛡️【洗盤耐受區】嚴禁攤平加碼，死守底線 (30.05)！,-0.61,-6.11,-3.97,True,-0.61,-8.24,-6.26,True,,,,False,,,,False
2026-08-14,2208.TW,台船,20.05,57.48,庫存動態防禦,➖ 中性/偏空,🛡️【洗盤耐受區】嚴禁攤平加碼，死守底線 (19.07)！,1.25,-3.24,-2.49,False,1.25,-5.24,-3.74,True,,,,False,,,,False
2026-08-14,0050.TW,元大台灣50,106.9,59.04,庫存動態防禦,➖ 中性/偏空,🛡️【洗盤耐受區】嚴禁攤平加碼，死守底線 (101.37)！,0.05,-0.84,-0.42,False,0.05,-3.93,,False,,,,False,,,,False
2026-08-14,1504.TW,1504,71.1,60.68,無特殊徵兆,➖ 中性/偏空,✅ 趨勢追蹤中，尚未觸發佈局點,2.25,-1.13,1.13,False,4.08,-1.27,1.41,False,,,,False,,,,False
2026-08-14,6605.TW,6605,136.5,54.93,無特殊徵兆,➖ 中性/偏空,✅ 趨勢追蹤中，尚未觸發佈局點,3.66,0.37,1.83,False,4.03,0.37,3.66,False,,,,False,,,,False
2026-08-14,2887.TW,台新金,37.0,65.01,無特殊徵兆,➖ 中性/偏空,✅ 趨勢追蹤中，尚未觸發佈局點,1.89,-0.54,0.41,False,1.89,-3.51,0.68,False,,,,False,,,,False
2026-08-14,2637.TW,慧洋,85.4,56.67,無特殊徵兆,➖ 中性/偏空,✅ 趨勢追蹤中，尚未觸發佈局點,1.99,0.12,1.87,False,21.78,0.12,19.44,False,,,,False,,,,False
2026-08-14,2408.TW,南亞科,503.0,60.51,無特殊徵兆,➖ 中性/偏空,✅ 趨勢追蹤中，尚未觸發佈局點,6.36,1.99,4.17,False,9.94,-4.57,4.97,False,,,,False,,,,False
2026-08-14,2344.TW,華邦電,180.5,57.3,無特殊徵兆,➖ 中性/偏空,✅ 趨勢追蹤中，尚未觸發佈局點,5.26,0.55,0.55,False,6.37,-8.59,0.28,True,,,,False,,,,False
2026-08-14,2330.TW,台積電,2430.0,55.08,無特殊徵兆,➖ 中性/偏空,✅ 趨勢追蹤中，尚未觸發佈局點,-0.41,-1.65,-1.23,False,-0.41,-3.91,-0.82,False,,,,False,,,,False
2026-08-14,1326.TW,台化,60.4,50.49,無特殊徵兆,➖ 中性/偏空,✅ 趨勢追蹤中，尚未觸發佈局點,2.15,-2.15,-1.82,False,2.15,-6.29,-0.5,True,,,,False,,,,False
2026-08-14,1536.TW,和大,51.0,51.85,無特殊徵兆,➖ 中性/偏空,✅ 趨勢追蹤中，尚未觸發佈局點,3.53,0.0,0.78,False,3.53,-3.73,-3.43,False,,,,False,,,,False
2026-08-17,1717.TW,1717,71.6,54.67,無特殊徵兆,➖ 中性/偏空,✅ 趨勢追蹤中，尚未觸發佈局點,0.84,-2.79,-1.54,False,,,,False,,,,False,,,,False
2026-08-17,0050.TW,元大台灣50,106.45,58.01,庫存動態防禦,➖ 中性/偏空,🛡️【洗盤耐受區】嚴禁攤平加碼，死守底線 (101.47)！,-0.0,-1.5,-1.46,False,,,,False,,,,False,,,,False
2026-08-17,2353.TW,宏碁_35,31.45,54.21,庫存動態防禦,➖ 中性/偏空,🩸【戰術撤離】跌破防守底線 (29.29)，無條件停損變現！,-1.11,-3.18,-2.86,False,,,,False,,,,False,,,,False
2026-08-17,2356.TW,英業達_80,66.7,54.44,庫存動態防禦,➖ 中性/偏空,🛡️【洗盤耐受區】嚴禁攤平加碼，死守底線 (60.19)！,0.15,-3.6,-2.7,False,,,,False,,,,False,,,,False
2026-08-17,3324.TWO,3324O,1015.0,55.29,無特殊徵兆,➖ 中性/偏空,✅ 趨勢追蹤中，尚未觸發佈局點,0.49,-3.65,-3.65,False,,,,False,,,,False,,,,False
2026-08-17,8150.TW,南茂_90,91.5,49.44,無特殊徵兆,➖ 中性/偏空,✅ 趨勢追蹤中，尚未觸發佈局點,0.98,-4.26,-2.62,False,,,,False,,,,False,,,,False
2026-08-17,1304.TW,台聚,11.85,44.2,無特殊徵兆,➖ 中性/偏空,✅ 趨勢追蹤中，尚未觸發佈局點,2.11,0.0,0.42,False,,,,False,,,,False,,,,False
2026-08-17,2637.TW,慧洋,87.0,60.16,無特殊徵兆,➖ 中性/偏空,✅ 趨勢追蹤中，尚未觸發佈局點,2.07,-0.11,1.95,False,,,,False,,,,False,,,,False
2026-08-17,2409.TW,友達,27.25,57.44,無特殊徵兆,➖ 中性/偏空,✅ 趨勢追蹤中，尚未觸發佈局點,0.0,-3.67,-3.3,False,,,,False,,,,False,,,,False
2026-08-17,2382.TW,廣達,333.5,56.28,無特殊徵兆,➖ 中性/偏空,✅ 趨勢追蹤中，尚未觸發佈局點,-0.9,-3.0,-1.95,False,,,,False,,,,False,,,,False
2026-08-17,2379.TW,瑞昱,717.0,44.99,無特殊徵兆,➖ 中性/偏空,✅ 趨勢追蹤中，尚未觸發佈局點,0.84,-3.77,-1.39,False,,,,False,,,,False,,,,False
2026-08-17,2371.TW,大同,27.45,59.22,無特殊徵兆,➖ 中性/偏空,✅ 趨勢追蹤中，尚未觸發佈局點,0.0,-4.55,-2.55,False,,,,False,,,,False,,,,False
2026-08-17,2352.TW,佳士達,29.0,49.66,無特殊徵兆,➖ 中性/偏空,✅ 趨勢追蹤中，尚未觸發佈局點,-0.17,-2.76,-2.24,False,,,,False,,,,False,,,,False
2026-08-17,2330.TW,台積電,2400.0,52.24,無特殊徵兆,➖ 中性/偏空,✅ 趨勢追蹤中，尚未觸發佈局點,0.62,-1.04,-0.83,False,,,,False,,,,False,,,,False
2026-08-17,1301.TW,台塑,59.1,54.76,無特殊徵兆,➖ 中性/偏空,✅ 趨勢追蹤中，尚未觸發佈局點,2.03,-0.68,-0.34,False,,,,False,,,,False,,,,False
2026-08-17,1609.TW,大亞,37.45,53.29,無特殊徵兆,➖ 中性/偏空,✅ 趨勢追蹤中，尚未觸發佈局點,0.93,-1.74,-1.34,False,,,,False,,,,False,,,,False
2026-08-17,1536.TW,和大,51.4,53.26,無特殊徵兆,➖ 中性/偏空,✅ 趨勢追蹤中，尚未觸發佈局點,0.0,-2.53,-1.95,False,,,,False,,,,False,,,,False
2026-08-17,1326.TW,台化,59.3,47.95,無特殊徵兆,➖ 中性/偏空,✅ 趨勢追蹤中，尚未觸發佈局點,3.54,-0.51,0.17,False,,,,False,,,,False,,,,False
2026-08-17,1312.TW,國喬,11.8,43.28,無特殊徵兆,➖ 中性/偏空,✅ 趨勢追蹤中，尚未觸發佈局點,1.27,-0.85,0.0,False,,,,False,,,,False,,,,False
2026-08-17,1305.TW,華夏,11.85,48.53,無特殊徵兆,➖ 中性/偏空,✅ 趨勢追蹤中，尚未觸發佈局點,2.53,0.0,0.42,False,,,,False,,,,False,,,,False
2026-08-17,2303.TW,聯電,121.5,44.61,無特殊徵兆,➖ 中性/偏空,✅ 趨勢追蹤中，尚未觸發佈局點,2.06,-3.29,-2.06,False,,,,False,,,,False,,,,False
2026-08-17,2371.TW,大同,27.1,57.03,無特殊徵兆,➖ 中性/偏空,✅ 趨勢追蹤中，尚未觸發佈局點,1.29,-3.32,-1.29,False,,,,False,,,,False,,,,False
2026-08-17,2330.TW,台積電,2405.0,52.67,無特殊徵兆,➖ 中性/偏空,✅ 趨勢追蹤中，尚未觸發佈局點,0.42,-1.25,-1.04,False,,,,False,,,,False,,,,False
2026-08-17,1536.TW,和大,51.4,53.26,無特殊徵兆,➖ 中性/偏空,✅ 趨勢追蹤中，尚未觸發佈局點,0.0,-2.53,-1.95,False,,,,False,,,,False,,,,False
2026-08-17,1326.TW,台化,59.5,48.39,無特殊徵兆,➖ 中性/偏空,✅ 趨勢追蹤中，尚未觸發佈局點,3.19,-0.84,-0.17,False,,,,False,,,,False,,,,False
2026-08-17,1305.TW,華夏,11.75,46.88,無特殊徵兆,➖ 中性/偏空,✅ 趨勢追蹤中，尚未觸發佈局點,3.4,0.85,1.28,False,,,,False,,,,False,,,,False
2026-08-17,1304.TW,台聚,11.95,45.48,無特殊徵兆,➖ 中性/偏空,✅ 趨勢追蹤中，尚未觸發佈局點,1.26,-0.84,-0.42,False,,,,False,,,,False,,,,False
2026-08-17,1301.TW,台塑,59.5,55.83,無特殊徵兆,➖ 中性/偏空,✅ 趨勢追蹤中，尚未觸發佈局點,1.34,-1.34,-1.01,False,,,,False,,,,False,,,,False
2026-08-17,2883.TW,凱基金_29.3,31.5,60.51,無特殊徵兆,➖ 中性/偏空,✅ 趨勢追蹤中，尚未觸發佈局點,-0.48,-2.06,-1.75,False,,,,False,,,,False,,,,False
2026-08-17,2379.TW,瑞昱,720.0,45.54,無特殊徵兆,➖ 中性/偏空,✅ 趨勢追蹤中，尚未觸發佈局點,0.42,-4.17,-1.81,False,,,,False,,,,False,,,,False
2026-08-17,2382.TW,廣達,334.0,56.51,無特殊徵兆,➖ 中性/偏空,✅ 趨勢追蹤中，尚未觸發佈局點,-1.05,-3.14,-2.1,False,,,,False,,,,False,,,,False
2026-08-17,6605.TW,帝寶,139.0,58.86,無特殊徵兆,➖ 中性/偏空,✅ 趨勢追蹤中，尚未觸發佈局點,0.72,-1.08,-0.72,False,,,,False,,,,False,,,,False
2026-08-17,4938.TW,4938,90.2,55.74,無特殊徵兆,➖ 中性/偏空,✅ 趨勢追蹤中，尚未觸發佈局點,0.89,-3.1,0.89,False,,,,False,,,,False,,,,False
2026-08-17,6239.TW,力成,278.0,50.46,無特殊徵兆,➖ 中性/偏空,✅ 趨勢追蹤中，尚未觸發佈局點,0.54,-4.68,-4.5,False,,,,False,,,,False,,,,False
2026-08-17,3714.TW,富采,59.8,56.0,無特殊徵兆,➖ 中性/偏空,✅ 趨勢追蹤中，尚未觸發佈局點,-1.34,-6.69,-6.35,True,,,,False,,,,False,,,,False
2026-08-17,3481.TW,群創,50.7,49.41,無特殊徵兆,➖ 中性/偏空,✅ 趨勢追蹤中，尚未觸發佈局點,0.99,-2.96,-2.37,False,,,,False,,,,False,,,,False
2026-08-17,3231.TW,緯創,186.0,56.86,無特殊徵兆,➖ 中性/偏空,✅ 趨勢追蹤中，尚未觸發佈局點,0.54,-3.76,-2.69,False,,,,False,,,,False,,,,False
2026-08-17,2887.TW,台新金,37.3,64.5,無特殊徵兆,➖ 中性/偏空,✅ 趨勢追蹤中，尚未觸發佈局點,0.54,-1.34,-1.07,False,,,,False,,,,False,,,,False
2026-08-17,2886.TW,兆豐金,46.55,47.56,無特殊徵兆,➖ 中性/偏空,✅ 趨勢追蹤中，尚未觸發佈局點,1.61,-0.86,0.75,False,,,,False,,,,False,,,,False
2026-08-17,2409.TW,友達,27.0,56.47,無特殊徵兆,➖ 中性/偏空,✅ 趨勢追蹤中，尚未觸發佈局點,0.93,-2.78,-2.41,False,,,,False,,,,False,,,,False
2026-08-17,3231.TW,緯創,187.0,57.64,無特殊徵兆,➖ 中性/偏空,✅ 趨勢追蹤中，尚未觸發佈局點,0.0,-4.28,-3.21,False,,,,False,,,,False,,,,False
2026-08-17,3481.TW,群創,51.2,50.4,無特殊徵兆,➖ 中性/偏空,✅ 趨勢追蹤中，尚未觸發佈局點,0.0,-3.91,-3.32,False,,,,False,,,,False,,,,False
2026-08-17,6605.TW,帝寶,139.0,58.86,無特殊徵兆,➖ 中性/偏空,✅ 趨勢追蹤中，尚未觸發佈局點,0.72,-1.08,-0.72,False,,,,False,,,,False,,,,False
2026-08-17,6415.TW,矽力-KY,453.5,47.25,無特殊徵兆,➖ 中性/偏空,✅ 趨勢追蹤中，尚未觸發佈局點,2.43,-1.87,-1.76,False,,,,False,,,,False,,,,False
2026-08-17,6239.TW,力成,278.0,50.46,無特殊徵兆,➖ 中性/偏空,✅ 趨勢追蹤中，尚未觸發佈局點,0.54,-4.68,-4.5,False,,,,False,,,,False,,,,False
2026-08-17,3714.TW,富采,59.7,55.84,無特殊徵兆,➖ 中性/偏空,✅ 趨勢追蹤中，尚未觸發佈局點,-1.17,-6.53,-6.2,True,,,,False,,,,False,,,,False
2026-08-17,3481.TW,群創,51.2,50.4,無特殊徵兆,➖ 中性/偏空,✅ 趨勢追蹤中，尚未觸發佈局點,0.0,-3.91,-3.32,False,,,,False,,,,False,,,,False
2026-08-17,3231.TW,緯創,187.0,57.64,無特殊徵兆,➖ 中性/偏空,✅ 趨勢追蹤中，尚未觸發佈局點,0.0,-4.28,-3.21,False,,,,False,,,,False,,,,False
2026-08-17,2637.TW,慧洋,87.0,60.16,無特殊徵兆,➖ 中性/偏空,✅ 趨勢追蹤中，尚未觸發佈局點,2.07,-0.11,1.95,False,,,,False,,,,False,,,,False
2026-08-17,2409.TW,友達,27.25,57.44,無特殊徵兆,➖ 中性/偏空,✅ 趨勢追蹤中，尚未觸發佈局點,0.0,-3.67,-3.3,False,,,,False,,,,False,,,,False
2026-08-17,2382.TW,廣達,333.5,56.28,無特殊徵兆,➖ 中性/偏空,✅ 趨勢追蹤中，尚未觸發佈局點,-0.9,-3.0,-1.95,False,,,,False,,,,False,,,,False
2026-08-17,2379.TW,瑞昱,717.0,44.99,無特殊徵兆,➖ 中性/偏空,✅ 趨勢追蹤中，尚未觸發佈局點,0.84,-3.77,-1.39,False,,,,False,,,,False,,,,False
2026-08-17,2371.TW,大同,27.45,59.22,無特殊徵兆,➖ 中性/偏空,✅ 趨勢追蹤中，尚未觸發佈局點,0.0,-4.55,-2.55,False,,,,False,,,,False,,,,False
2026-08-17,2352.TW,佳士達,29.0,49.66,無特殊徵兆,➖ 中性/偏空,✅ 趨勢追蹤中，尚未觸發佈局點,-0.17,-2.76,-2.24,False,,,,False,,,,False,,,,False
2026-08-17,2330.TW,台積電,2400.0,52.24,無特殊徵兆,➖ 中性/偏空,✅ 趨勢追蹤中，尚未觸發佈局點,0.62,-1.04,-0.83,False,,,,False,,,,False,,,,False
2026-08-17,2356.TW,英業達_80,66.5,54.01,庫存動態防禦,➖ 中性/偏空,🛡️【洗盤耐受區】嚴禁攤平加碼，死守底線 (59.99)！,0.45,-3.31,-2.41,False,,,,False,,,,False,,,,False
2026-08-17,1319.TW,1319,83.6,70.93,無特殊徵兆,➖ 中性/偏空,✅ 趨勢追蹤中，尚未觸發佈局點,-0.6,-2.63,-2.03,False,,,,False,,,,False,,,,False
2026-08-17,3324.TWO,3324O,1005.0,54.01,無特殊徵兆,➖ 中性/偏空,✅ 趨勢追蹤中，尚未觸發佈局點,1.49,-2.69,-2.69,False,,,,False,,,,False,,,,False
2026-08-17,2303.TW,聯電,121.5,44.61,無特殊徵兆,➖ 中性/偏空,✅ 趨勢追蹤中，尚未觸發佈局點,2.06,-3.29,-2.06,False,,,,False,,,,False,,,,False
2026-08-17,3324.TWO,3324O,1005.0,54.01,無特殊徵兆,➖ 中性/偏空,✅ 趨勢追蹤中，尚未觸發佈局點,1.49,-2.69,-2.69,False,,,,False,,,,False,,,,False
2026-08-17,6605.TW,帝寶,139.0,58.86,無特殊徵兆,➖ 中性/偏空,✅ 趨勢追蹤中，尚未觸發佈局點,0.72,-1.08,-0.72,False,,,,False,,,,False,,,,False
2026-08-17,6415.TW,矽力-KY,453.5,47.25,無特殊徵兆,➖ 中性/偏空,✅ 趨勢追蹤中，尚未觸發佈局點,2.43,-1.87,-1.76,False,,,,False,,,,False,,,,False
2026-08-17,6239.TW,力成,278.0,50.46,無特殊徵兆,➖ 中性/偏空,✅ 趨勢追蹤中，尚未觸發佈局點,0.54,-4.68,-4.5,False,,,,False,,,,False,,,,False
2026-08-17,3714.TW,富采,59.7,55.84,無特殊徵兆,➖ 中性/偏空,✅ 趨勢追蹤中，尚未觸發佈局點,-1.17,-6.53,-6.2,True,,,,False,,,,False,,,,False
2026-08-17,1609.TW,大亞,37.45,53.29,無特殊徵兆,➖ 中性/偏空,✅ 趨勢追蹤中，尚未觸發佈局點,0.93,-1.74,-1.34,False,,,,False,,,,False,,,,False
2026-08-17,1536.TW,和大,51.4,53.26,無特殊徵兆,➖ 中性/偏空,✅ 趨勢追蹤中，尚未觸發佈局點,0.0,-2.53,-1.95,False,,,,False,,,,False,,,,False
2026-08-17,1326.TW,台化,59.3,47.95,無特殊徵兆,➖ 中性/偏空,✅ 趨勢追蹤中，尚未觸發佈局點,3.54,-0.51,0.17,False,,,,False,,,,False,,,,False
2026-08-17,1312.TW,國喬,11.8,43.28,無特殊徵兆,➖ 中性/偏空,✅ 趨勢追蹤中，尚未觸發佈局點,1.27,-0.85,0.0,False,,,,False,,,,False,,,,False
2026-08-17,1305.TW,華夏,11.85,48.53,無特殊徵兆,➖ 中性/偏空,✅ 趨勢追蹤中，尚未觸發佈局點,2.53,0.0,0.42,False,,,,False,,,,False,,,,False
2026-08-17,1304.TW,台聚,11.85,44.2,無特殊徵兆,➖ 中性/偏空,✅ 趨勢追蹤中，尚未觸發佈局點,2.11,0.0,0.42,False,,,,False,,,,False,,,,False
2026-08-17,1301.TW,台塑,59.1,54.76,無特殊徵兆,➖ 中性/偏空,✅ 趨勢追蹤中，尚未觸發佈局點,2.03,-0.68,-0.34,False,,,,False,,,,False,,,,False
2026-08-17,8150.TW,南茂_90,91.5,49.44,無特殊徵兆,➖ 中性/偏空,✅ 趨勢追蹤中，尚未觸發佈局點,0.98,-4.26,-2.62,False,,,,False,,,,False,,,,False
2026-08-17,2356.TW,英業達_80,66.7,54.44,庫存動態防禦,➖ 中性/偏空,🛡️【洗盤耐受區】嚴禁攤平加碼，死守底線 (60.19)！,0.15,-3.6,-2.7,False,,,,False,,,,False,,,,False
2026-08-17,2353.TW,宏碁_35,31.45,54.21,庫存動態防禦,➖ 中性/偏空,🩸【戰術撤離】跌破防守底線 (29.29)，無條件停損變現！,-1.11,-3.18,-2.86,False,,,,False,,,,False,,,,False
2026-08-17,0050.TW,元大台灣50,106.45,58.01,庫存動態防禦,➖ 中性/偏空,🛡️【洗盤耐受區】嚴禁攤平加碼，死守底線 (101.47)！,-0.0,-1.5,-1.46,False,,,,False,,,,False,,,,False
2026-08-17,1319.TW,1319,83.6,70.93,無特殊徵兆,➖ 中性/偏空,✅ 趨勢追蹤中，尚未觸發佈局點,-0.6,-2.63,-2.03,False,,,,False,,,,False,,,,False
2026-08-17,2353.TW,宏碁_35,31.4,53.87,庫存動態防禦,➖ 中性/偏空,🩸【戰術撤離】跌破防守底線 (29.24)，無條件停損變現！,-0.96,-3.03,-2.71,False,,,,False,,,,False,,,,False
2026-08-17,0050.TW,元大台灣50,106.7,58.5,庫存動態防禦,➖ 中性/偏空,🛡️【洗盤耐受區】嚴禁攤平加碼，死守底線 (101.72)！,-0.23,-1.73,-1.69,False,,,,False,,,,False,,,,False
2026-08-17,2356.TW,英業達_80,66.7,54.44,庫存動態防禦,➖ 中性/偏空,🛡️【洗盤耐受區】嚴禁攤平加碼，死守底線 (60.23)！,0.15,-3.6,-2.7,False,,,,False,,,,False,,,,False
2026-08-17,2353.TW,宏碁_35,31.1,51.93,庫存動態防禦,➖ 中性/偏空,🩸【戰術撤離】跌破防守底線 (28.97)，無條件停損變現！,0.0,-2.09,-1.77,False,,,,False,,,,False,,,,False
2026-08-17,0050.TW,元大台灣50,106.55,58.21,庫存動態防禦,➖ 中性/偏空,🛡️【洗盤耐受區】嚴禁攤平加碼，死守底線 (101.59)！,-0.09,-1.6,-1.55,False,,,,False,,,,False,,,,False
2026-08-17,1515.TW,1515,36.9,59.8,無特殊徵兆,➖ 中性/偏空,✅ 趨勢追蹤中，尚未觸發佈局點,-5.96,-13.41,-13.41,True,,,,False,,,,False,,,,False
2026-08-17,2353.TW,2353,32.2,59.83,無特殊徵兆,➖ 中性/偏空,✅ 趨勢追蹤中，尚未觸發佈局點,-3.42,-5.43,-5.12,True,,,,False,,,,False,,,,False
2026-08-17,6605.TW,6605,138.0,57.33,無特殊徵兆,➖ 中性/偏空,✅ 趨勢追蹤中，尚未觸發佈局點,1.45,-0.36,0.0,False,,,,False,,,,False,,,,False
2026-08-17,8150.TW,南茂_90,92.0,49.84,無特殊徵兆,➖ 中性/偏空,✅ 趨勢追蹤中，尚未觸發佈局點,0.43,-4.78,-3.15,False,,,,False,,,,False,,,,False
2026-08-17,3019.TW,亞光,143.0,57.23,🚀 首次突破20日高點,➖ 中性/偏空,⚡【初升段起漲】放量突破關鍵價位，小注試單！,-0.7,-5.24,-3.85,True,,,,False,,,,False,,,,False
2026-08-17,2330.TW,台積電,2405.0,52.67,無特殊徵兆,➖ 中性/偏空,✅ 趨勢追蹤中，尚未觸發佈局點,0.42,-1.25,-1.04,False,,,,False,,,,False,,,,False
2026-08-17,1795.TW,美時,181.0,41.85,無特殊徵兆,➖ 中性/偏空,✅ 趨勢追蹤中，尚未觸發佈局點,2.21,0.55,1.66,False,,,,False,,,,False,,,,False
2026-08-17,1515.TW,力山,36.9,59.8,無特殊徵兆,➖ 中性/偏空,✅ 趨勢追蹤中，尚未觸發佈局點,-5.96,-13.41,-13.41,True,,,,False,,,,False,,,,False
2026-08-17,1305.TW,華夏,11.85,48.53,無特殊徵兆,➖ 中性/偏空,✅ 趨勢追蹤中，尚未觸發佈局點,2.53,0.0,0.42,False,,,,False,,,,False,,,,False
2026-08-17,1304.TW,台聚,12.0,46.14,無特殊徵兆,➖ 中性/偏空,✅ 趨勢追蹤中，尚未觸發佈局點,0.83,-1.25,-0.83,False,,,,False,,,,False,,,,False
2026-08-17,1795.TW,美時,181.0,41.85,無特殊徵兆,➖ 中性/偏空,✅ 趨勢追蹤中，尚未觸發佈局點,2.21,0.55,1.66,False,,,,False,,,,False,,,,False
2026-08-17,1609.TW,大亞,38.2,57.6,無特殊徵兆,➖ 中性/偏空,✅ 趨勢追蹤中，尚未觸發佈局點,-1.05,-3.66,-3.27,False,,,,False,,,,False,,,,False
2026-08-17,1515.TW,力山,36.9,59.8,無特殊徵兆,➖ 中性/偏空,✅ 趨勢追蹤中，尚未觸發佈局點,-5.96,-13.41,-13.41,True,,,,False,,,,False,,,,False
2026-08-17,1326.TW,台化,60.3,50.23,無特殊徵兆,➖ 中性/偏空,✅ 趨勢追蹤中，尚未觸發佈局點,1.82,-2.16,-1.49,False,,,,False,,,,False,,,,False
2026-08-17,1305.TW,華夏,11.75,46.88,無特殊徵兆,➖ 中性/偏空,✅ 趨勢追蹤中，尚未觸發佈局點,3.4,0.85,1.28,False,,,,False,,,,False,,,,False
2026-08-17,2356.TW,英業達_80,68.5,58.6,庫存動態防禦,➖ 中性/偏空,🛡️【洗盤耐受區】嚴禁攤平加碼，死守底線 (62.23)！,-2.48,-6.13,-5.26,True,,,,False,,,,False,,,,False
2026-08-17,2353.TW,宏碁_35,32.2,59.83,庫存動態防禦,➖ 中性/偏空,🩸【戰術撤離】跌破防守底線 (30.17)，無條件停損變現！,-3.42,-5.43,-5.12,True,,,,False,,,,False,,,,False
2026-08-17,2208.TW,台船,20.1,57.19,庫存動態防禦,➖ 中性/偏空,🛡️【洗盤耐受區】嚴禁攤平加碼，死守底線 (19.08)！,-1.24,-4.23,-3.48,False,,,,False,,,,False,,,,False
2026-08-17,0050.TW,元大台灣50,106.4,57.9,庫存動態防禦,➖ 中性/偏空,🛡️【洗盤耐受區】嚴禁攤平加碼，死守底線 (100.96)！,0.05,-1.46,-1.41,False,,,,False,,,,False,,,,False
2026-08-17,6116.TW,彩晶,13.9,46.31,無特殊徵兆,➖ 中性/偏空,✅ 趨勢追蹤中，尚未觸發佈局點,1.44,-1.44,-1.44,False,,,,False,,,,False,,,,False
2026-08-17,2637.TW,慧洋,85.7,57.33,無特殊徵兆,➖ 中性/偏空,✅ 趨勢追蹤中，尚未觸發佈局點,3.62,1.4,3.5,False,,,,False,,,,False,,,,False
2026-08-17,6605.TW,帝寶,139.0,58.86,無特殊徵兆,➖ 中性/偏空,✅ 趨勢追蹤中，尚未觸發佈局點,0.72,-1.08,-0.72,False,,,,False,,,,False,,,,False
2026-08-17,6239.TW,力成,277.5,50.27,無特殊徵兆,➖ 中性/偏空,✅ 趨勢追蹤中，尚未觸發佈局點,0.72,-4.5,-4.32,False,,,,False,,,,False,,,,False
2026-08-17,3714.TW,富采,58.9,54.5,無特殊徵兆,➖ 中性/偏空,✅ 趨勢追蹤中，尚未觸發佈局點,0.17,-5.26,-4.92,True,,,,False,,,,False,,,,False
2026-08-17,3481.TW,群創,50.5,49.01,無特殊徵兆,➖ 中性/偏空,✅ 趨勢追蹤中，尚未觸發佈局點,1.39,-2.57,-1.98,False,,,,False,,,,False,,,,False
2026-08-17,2887.TW,台新金,37.5,65.89,無特殊徵兆,➖ 中性/偏空,✅ 趨勢追蹤中，尚未觸發佈局點,0.0,-1.87,-1.6,False,,,,False,,,,False,,,,False
2026-08-17,2886.TW,兆豐金,46.25,46.26,無特殊徵兆,➖ 中性/偏空,✅ 趨勢追蹤中，尚未觸發佈局點,2.27,-0.22,1.41,False,,,,False,,,,False,,,,False
2026-08-17,2409.TW,友達,27.0,56.47,無特殊徵兆,➖ 中性/偏空,✅ 趨勢追蹤中，尚未觸發佈局點,0.93,-2.78,-2.41,False,,,,False,,,,False,,,,False
2026-08-17,6669.TW,6669,6625.0,68.8,無特殊徵兆,➖ 中性/偏空,✅ 趨勢追蹤中，尚未觸發佈局點,0.38,-5.13,-3.4,True,,,,False,,,,False,,,,False
2026-08-17,6605.TW,6605,139.0,58.86,無特殊徵兆,➖ 中性/偏空,✅ 趨勢追蹤中，尚未觸發佈局點,0.72,-1.08,-0.72,False,,,,False,,,,False,,,,False
2026-08-17,1618.TW,1618,38.8,54.88,無特殊徵兆,➖ 中性/偏空,✅ 趨勢追蹤中，尚未觸發佈局點,0.26,-1.55,-0.9,False,,,,False,,,,False,,,,False
2026-08-17,1504.TW,1504,71.7,62.04,無特殊徵兆,➖ 中性/偏空,✅ 趨勢追蹤中，尚未觸發佈局點,1.12,-1.95,-0.98,False,,,,False,,,,False,,,,False
2026-08-17,3324.TWO,3324O,1015.0,55.29,無特殊徵兆,➖ 中性/偏空,✅ 趨勢追蹤中，尚未觸發佈局點,0.49,-3.65,-3.65,False,,,,False,,,,False,,,,False
2026-08-17,2409.TW,2409,27.0,56.47,無特殊徵兆,➖ 中性/偏空,✅ 趨勢追蹤中，尚未觸發佈局點,0.93,-2.78,-2.41,False,,,,False,,,,False,,,,False
2026-08-17,1303.TW,1303,203.0,61.09,無特殊徵兆,➖ 中性/偏空,✅ 趨勢追蹤中，尚未觸發佈局點,0.74,-2.46,-1.48,False,,,,False,,,,False,,,,False
2026-08-17,2887.TW,2887,37.5,65.89,無特殊徵兆,➖ 中性/偏空,✅ 趨勢追蹤中，尚未觸發佈局點,0.0,-1.87,-1.6,False,,,,False,,,,False,,,,False
2026-08-17,2883.TW,2883,31.4,59.51,無特殊徵兆,➖ 中性/偏空,✅ 趨勢追蹤中，尚未觸發佈局點,-0.16,-1.75,-1.43,False,,,,False,,,,False,,,,False
2026-08-17,2204.TW,2204,52.4,53.39,無特殊徵兆,➖ 中性/偏空,✅ 趨勢追蹤中，尚未觸發佈局點,0.57,-0.76,0.19,False,,,,False,,,,False,,,,False
2026-08-17,1515.TW,1515,36.9,59.8,無特殊徵兆,➖ 中性/偏空,✅ 趨勢追蹤中，尚未觸發佈局點,-5.96,-13.41,-13.41,True,,,,False,,,,False,,,,False
2026-08-17,6239.TW,力成,278.0,50.46,無特殊徵兆,➖ 中性/偏空,✅ 趨勢追蹤中，尚未觸發佈局點,0.54,-4.68,-4.5,False,,,,False,,,,False,,,,False
2026-08-17,3481.TW,群創,49.85,47.7,無特殊徵兆,➖ 中性/偏空,✅ 趨勢追蹤中，尚未觸發佈局點,2.71,-1.3,-0.7,False,,,,False,,,,False,,,,False
2026-08-17,2382.TW,廣達,333.5,56.28,無特殊徵兆,➖ 中性/偏空,✅ 趨勢追蹤中，尚未觸發佈局點,-0.9,-3.0,-1.95,False,,,,False,,,,False,,,,False
2026-08-17,0050.TW,元大台灣50,106.85,58.8,庫存動態防禦,➖ 中性/偏空,🛡️【洗盤耐受區】嚴禁攤平加碼，死守底線 (101.89)！,-0.37,-1.87,-1.82,False,,,,False,,,,False,,,,False
2026-08-17,2353.TW,宏碁_35,31.1,51.93,庫存動態防禦,➖ 中性/偏空,🩸【戰術撤離】跌破防守底線 (28.94)，無條件停損變現！,0.0,-2.09,-1.77,False,,,,False,,,,False,,,,False
2026-08-17,2371.TW,大同,27.05,56.7,無特殊徵兆,➖ 中性/偏空,✅ 趨勢追蹤中，尚未觸發佈局點,1.48,-3.14,-1.11,False,,,,False,,,,False,,,,False
2026-08-17,2356.TW,英業達_80,66.2,53.39,庫存動態防禦,➖ 中性/偏空,🛡️【洗盤耐受區】嚴禁攤平加碼，死守底線 (59.69)！,0.91,-2.87,-1.96,False,,,,False,,,,False,,,,False
2026-08-17,2883.TW,凱基金_29.3,31.4,59.51,無特殊徵兆,➖ 中性/偏空,✅ 趨勢追蹤中，尚未觸發佈局點,-0.16,-1.75,-1.43,False,,,,False,,,,False,,,,False
2026-08-17,1536.TW,和大,51.6,53.93,無特殊徵兆,➖ 中性/偏空,✅ 趨勢追蹤中，尚未觸發佈局點,-0.39,-2.91,-2.33,False,,,,False,,,,False,,,,False
2026-08-18,3714.TW,富采,56.1,48.86,無特殊徵兆,➖ 中性/偏空,✅ 趨勢追蹤中，尚未觸發佈局點,1.07,-2.67,-1.6,False,,,,False,,,,False,,,,False
2026-08-18,3481.TW,群創,50.0,47.99,無特殊徵兆,➖ 中性/偏空,✅ 趨勢追蹤中，尚未觸發佈局點,-3.9,-7.4,-6.5,True,,,,False,,,,False,,,,False
2026-08-18,3042.TW,晶技,177.5,50.23,無特殊徵兆,➖ 中性/偏空,✅ 趨勢追蹤中，尚未觸發佈局點,7.32,-2.82,4.79,False,,,,False,,,,False,,,,False
2026-08-18,2344.TW,華邦電,179.0,55.91,無特殊徵兆,➖ 中性/偏空,✅ 趨勢追蹤中，尚未觸發佈局點,-5.31,-7.82,-6.15,True,,,,False,,,,False,,,,False
2026-08-18,2887.TW,台新金,37.0,62.44,無特殊徵兆,➖ 中性/偏空,✅ 趨勢追蹤中，尚未觸發佈局點,-0.41,-2.7,-1.62,False,,,,False,,,,False,,,,False
2026-08-18,2454.TW,聯發科,3915.0,50.68,無特殊徵兆,➖ 中性/偏空,✅ 趨勢追蹤中，尚未觸發佈局點,-0.13,-4.21,-1.79,False,,,,False,,,,False,,,,False
2026-08-18,2408.TW,南亞科,520.0,62.83,無特殊徵兆,➖ 中性/偏空,✅ 趨勢追蹤中，尚未觸發佈局點,-4.9,-7.69,-7.5,True,,,,False,,,,False,,,,False
2026-08-18,2379.TW,瑞昱,706.0,42.94,無特殊徵兆,➖ 中性/偏空,✅ 趨勢追蹤中，尚未觸發佈局點,5.67,-1.98,4.53,False,,,,False,,,,False,,,,False
2026-08-18,2371.TW,大同,26.8,53.74,無特殊徵兆,➖ 中性/偏空,✅ 趨勢追蹤中，尚未觸發佈局點,1.68,-1.31,0.75,False,,,,False,,,,False,,,,False
2026-08-18,2449.TW,京元電子,235.0,42.05,無特殊徵兆,➖ 中性/偏空,✅ 趨勢追蹤中，尚未觸發佈局點,1.06,-4.26,0.0,False,,,,False,,,,False,,,,False
2026-08-18,6669.TW,6669,6305.0,60.82,無特殊徵兆,➖ 中性/偏空,✅ 趨勢追蹤中，尚未觸發佈局點,1.9,-1.82,1.11,False,,,,False,,,,False,,,,False
2026-08-18,1301.TW,1301,59.1,54.76,無特殊徵兆,➖ 中性/偏空,✅ 趨勢追蹤中，尚未觸發佈局點,-1.18,-3.89,-3.89,False,,,,False,,,,False,,,,False
2026-08-18,2890.TW,2890,39.8,57.44,無特殊徵兆,➖ 中性/偏空,✅ 趨勢追蹤中，尚未觸發佈局點,-0.25,-1.76,-1.01,False,,,,False,,,,False,,,,False
2026-08-18,2887.TW,2887,37.0,62.44,無特殊徵兆,➖ 中性/偏空,✅ 趨勢追蹤中，尚未觸發佈局點,-0.41,-2.7,-1.62,False,,,,False,,,,False,,,,False
2026-08-18,2408.TW,2408,520.0,62.83,無特殊徵兆,➖ 中性/偏空,✅ 趨勢追蹤中，尚未觸發佈局點,-4.9,-7.69,-7.5,True,,,,False,,,,False,,,,False
2026-08-18,6605.TW,6605,139.0,58.86,無特殊徵兆,➖ 中性/偏空,✅ 趨勢追蹤中，尚未觸發佈局點,1.44,-1.08,1.44,False,,,,False,,,,False,,,,False
2026-08-18,1519.TW,1519,719.0,63.32,無特殊徵兆,➖ 中性/偏空,✅ 趨勢追蹤中，尚未觸發佈局點,0.0,-2.5,-0.14,False,,,,False,,,,False,,,,False
2026-08-18,6214.TW,6214,175.5,74.99,無特殊徵兆,➖ 中性/偏空,✅ 趨勢追蹤中，尚未觸發佈局點,3.42,-0.57,1.71,False,,,,False,,,,False,,,,False
2026-08-18,5483.TWO,5483O,187.0,50.2,無特殊徵兆,➖ 中性/偏空,✅ 趨勢追蹤中，尚未觸發佈局點,-4.01,-6.95,-5.61,True,,,,False,,,,False,,,,False
2026-08-18,1301.TW,1301,59.0,54.48,無特殊徵兆,➖ 中性/偏空,✅ 趨勢追蹤中，尚未觸發佈局點,-1.02,-3.73,-3.73,False,,,,False,,,,False,,,,False
2026-08-18,2330.TW,台積電,2380.0,50.27,無特殊徵兆,➖ 中性/偏空,✅ 趨勢追蹤中，尚未觸發佈局點,-1.05,-1.89,-1.26,False,,,,False,,,,False,,,,False
2026-08-18,2353.TW,宏碁_35,30.6,48.62,庫存動態防禦,➖ 中性/偏空,🩸【戰術撤離】跌破防守底線 (28.55)，無條件停損變現！,1.31,-1.8,0.98,False,,,,False,,,,False,,,,False
2026-08-18,2317.TW,鴻海,249.0,47.19,無特殊徵兆,➖ 中性/偏空,✅ 趨勢追蹤中，尚未觸發佈局點,-0.8,-2.61,-1.61,False,,,,False,,,,False,,,,False
2026-08-18,2303.TW,聯電,118.5,42.44,無特殊徵兆,➖ 中性/偏空,✅ 趨勢追蹤中，尚未觸發佈局點,-1.27,-4.22,-2.53,False,,,,False,,,,False,,,,False
2026-08-18,1536.TW,和大,50.8,50.86,無特殊徵兆,➖ 中性/偏空,✅ 趨勢追蹤中，尚未觸發佈局點,0.59,-2.56,-1.18,False,,,,False,,,,False,,,,False
2026-08-18,1515.TW,力山,32.05,48.72,無特殊徵兆,➖ 中性/偏空,✅ 趨勢追蹤中，尚未觸發佈局點,1.4,-3.28,-2.03,False,,,,False,,,,False,,,,False
2026-08-18,1326.TW,台化,59.5,48.45,無特殊徵兆,➖ 中性/偏空,✅ 趨勢追蹤中，尚未觸發佈局點,-0.34,-4.87,-4.71,False,,,,False,,,,False,,,,False
2026-08-18,1305.TW,華夏,11.9,49.44,無特殊徵兆,➖ 中性/偏空,✅ 趨勢追蹤中，尚未觸發佈局點,0.84,-1.68,-1.26,False,,,,False,,,,False,,,,False
2026-08-18,2883.TW,凱基金_29.3,31.05,56.0,無特殊徵兆,➖ 中性/偏空,✅ 趨勢追蹤中，尚未觸發佈局點,-0.64,-2.42,-2.09,False,,,,False,,,,False,,,,False
2026-08-18,2356.TW,英業達_80,64.8,50.37,庫存動態防禦,➖ 中性/偏空,🩸【戰術撤離】跌破防守底線 (58.44)，無條件停損變現！,0.77,-2.31,0.62,False,,,,False,,,,False,,,,False
2026-08-18,0050.TW,元大台灣50,105.15,54.35,庫存動態防禦,➖ 中性/偏空,🛡️【洗盤耐受區】嚴禁攤平加碼，死守底線 (100.66)！,-1.24,-2.33,-1.95,False,,,,False,,,,False,,,,False
2026-08-18,2330.TW,台積電,2380.0,50.27,無特殊徵兆,➖ 中性/偏空,✅ 趨勢追蹤中，尚未觸發佈局點,-1.05,-1.89,-1.26,False,,,,False,,,,False,,,,False
2026-08-18,3714.TW,富采,56.0,48.69,無特殊徵兆,➖ 中性/偏空,✅ 趨勢追蹤中，尚未觸發佈局點,1.25,-2.5,-1.43,False,,,,False,,,,False,,,,False
2026-08-18,3481.TW,群創,49.5,47.05,無特殊徵兆,➖ 中性/偏空,✅ 趨勢追蹤中，尚未觸發佈局點,-2.93,-6.46,-5.56,True,,,,False,,,,False,,,,False
2026-08-18,3042.TW,晶技,178.5,50.66,無特殊徵兆,➖ 中性/偏空,✅ 趨勢追蹤中，尚未觸發佈局點,6.72,-3.36,4.2,False,,,,False,,,,False,,,,False
2026-08-18,2887.TW,台新金,36.9,61.76,無特殊徵兆,➖ 中性/偏空,✅ 趨勢追蹤中，尚未觸發佈局點,-0.14,-2.44,-1.36,False,,,,False,,,,False,,,,False
2026-08-18,2886.TW,兆豐金,46.9,49.31,無特殊徵兆,➖ 中性/偏空,✅ 趨勢追蹤中，尚未觸發佈局點,0.32,-1.28,0.32,False,,,,False,,,,False,,,,False
2026-08-18,2454.TW,聯發科,3885.0,49.82,無特殊徵兆,➖ 中性/偏空,✅ 趨勢追蹤中，尚未觸發佈局點,0.64,-3.47,-1.03,False,,,,False,,,,False,,,,False
2026-08-18,2449.TW,京元電子,236.0,42.36,無特殊徵兆,➖ 中性/偏空,✅ 趨勢追蹤中，尚未觸發佈局點,0.64,-4.66,-0.42,False,,,,False,,,,False,,,,False
2026-08-18,2408.TW,南亞科,515.0,61.76,無特殊徵兆,➖ 中性/偏空,✅ 趨勢追蹤中，尚未觸發佈局點,-3.98,-6.8,-6.6,True,,,,False,,,,False,,,,False
2026-08-18,2379.TW,瑞昱,707.0,43.12,無特殊徵兆,➖ 中性/偏空,✅ 趨勢追蹤中，尚未觸發佈局點,5.52,-2.12,4.38,False,,,,False,,,,False,,,,False
2026-08-18,2352.TW,佳士達,28.35,46.17,無特殊徵兆,➖ 中性/偏空,✅ 趨勢追蹤中，尚未觸發佈局點,6.35,-1.41,1.41,False,,,,False,,,,False,,,,False
2026-08-18,2344.TW,華邦電,176.5,54.56,無特殊徵兆,➖ 中性/偏空,✅ 趨勢追蹤中，尚未觸發佈局點,-3.97,-6.52,-4.82,True,,,,False,,,,False,,,,False
2026-08-18,2883.TW,2883,31.3,58.46,無特殊徵兆,➖ 中性/偏空,✅ 趨勢追蹤中，尚未觸發佈局點,-1.44,-3.19,-2.88,False,,,,False,,,,False,,,,False
2026-08-18,4536.TW,4536,167.0,52.75,無特殊徵兆,➖ 中性/偏空,✅ 趨勢追蹤中，尚未觸發佈局點,1.8,-0.3,1.5,False,,,,False,,,,False,,,,False
2026-08-18,1301.TW,1301,58.9,54.2,無特殊徵兆,➖ 中性/偏空,✅ 趨勢追蹤中，尚未觸發佈局點,-0.85,-3.57,-3.57,False,,,,False,,,,False,,,,False
2026-08-18,2357.TW,2357,910.0,63.45,無特殊徵兆,➖ 中性/偏空,✅ 趨勢追蹤中，尚未觸發佈局點,1.65,-2.09,1.65,False,,,,False,,,,False,,,,False
2026-08-18,2317.TW,鴻海,249.0,47.19,無特殊徵兆,➖ 中性/偏空,✅ 趨勢追蹤中，尚未觸發佈局點,-0.8,-2.61,-1.61,False,,,,False,,,,False,,,,False
2026-08-18,2303.TW,聯電,119.0,42.79,無特殊徵兆,➖ 中性/偏空,✅ 趨勢追蹤中，尚未觸發佈局點,-1.68,-4.62,-2.94,False,,,,False,,,,False,,,,False
2026-08-18,2204.TW,2204,52.5,53.96,無特殊徵兆,➖ 中性/偏空,✅ 趨勢追蹤中，尚未觸發佈局點,1.52,-0.76,0.95,False,,,,False,,,,False,,,,False
2026-08-18,4536.TW,4536,167.0,52.75,無特殊徵兆,➖ 中性/偏空,✅ 趨勢追蹤中，尚未觸發佈局點,1.8,-0.3,1.5,False,,,,False,,,,False,,,,False
2026-08-18,1612.TW,1612,34.35,63.33,無特殊徵兆,➖ 中性/偏空,✅ 趨勢追蹤中，尚未觸發佈局點,1.02,-0.58,0.29,False,,,,False,,,,False,,,,False
2026-08-18,1102.TW,1102,33.5,56.61,無特殊徵兆,➖ 中性/偏空,✅ 趨勢追蹤中，尚未觸發佈局點,1.04,-1.04,0.9,False,,,,False,,,,False,,,,False
2026-08-18,1301.TW,1301,58.9,54.2,無特殊徵兆,➖ 中性/偏空,✅ 趨勢追蹤中，尚未觸發佈局點,-0.85,-3.57,-3.57,False,,,,False,,,,False,,,,False
2026-08-18,2357.TW,2357,910.0,63.45,無特殊徵兆,➖ 中性/偏空,✅ 趨勢追蹤中，尚未觸發佈局點,1.65,-2.09,1.65,False,,,,False,,,,False,,,,False
2026-08-18,2356.TW,英業達_80,64.9,50.57,庫存動態防禦,➖ 中性/偏空,🩸【戰術撤離】跌破防守底線 (57.83)，無條件停損變現！,0.62,-2.47,0.46,False,,,,False,,,,False,,,,False
2026-08-18,2353.TW,宏碁_35,30.55,48.33,庫存動態防禦,➖ 中性/偏空,🩸【戰術撤離】跌破防守底線 (28.27)，無條件停損變現！,1.47,-1.64,1.15,False,,,,False,,,,False,,,,False
2026-08-18,0050.TW,元大台灣50,104.9,53.7,庫存動態防禦,➖ 中性/偏空,🛡️【洗盤耐受區】嚴禁攤平加碼，死守底線 (99.91)！,-1.0,-2.1,-1.72,False,,,,False,,,,False,,,,False
2026-08-18,6605.TW,6605,138.5,57.74,無特殊徵兆,➖ 中性/偏空,✅ 趨勢追蹤中，尚未觸發佈局點,1.81,-0.72,1.81,False,,,,False,,,,False,,,,False
2026-08-18,8222.TW,8222,40.3,57.24,無特殊徵兆,➖ 中性/偏空,✅ 趨勢追蹤中，尚未觸發佈局點,1.74,-2.98,-2.11,False,,,,False,,,,False,,,,False
2026-08-18,1795.TW,美時,184.0,45.45,無特殊徵兆,➖ 中性/偏空,✅ 趨勢追蹤中，尚未觸發佈局點,2.17,-1.09,1.36,False,,,,False,,,,False,,,,False
2026-08-18,8222.TW,8222,40.3,57.24,無特殊徵兆,➖ 中性/偏空,✅ 趨勢追蹤中，尚未觸發佈局點,1.74,-2.98,-2.11,False,,,,False,,,,False,,,,False
2026-08-18,1536.TW,和大,50.4,49.37,無特殊徵兆,➖ 中性/偏空,✅ 趨勢追蹤中，尚未觸發佈局點,1.39,-1.79,-0.4,False,,,,False,,,,False,,,,False
2026-08-18,1515.TW,力山,31.95,48.49,無特殊徵兆,➖ 中性/偏空,✅ 趨勢追蹤中，尚未觸發佈局點,1.72,-2.97,-1.72,False,,,,False,,,,False,,,,False
2026-08-18,2201.TW,2201,28.3,53.91,無特殊徵兆,➖ 中性/偏空,✅ 趨勢追蹤中，尚未觸發佈局點,2.12,-1.06,1.77,False,,,,False,,,,False,,,,False
2026-08-18,1312.TW,國喬,11.8,43.28,無特殊徵兆,➖ 中性/偏空,✅ 趨勢追蹤中，尚未觸發佈局點,0.85,-0.85,-0.42,False,,,,False,,,,False,,,,False
2026-08-18,1305.TW,華夏,11.9,49.44,無特殊徵兆,➖ 中性/偏空,✅ 趨勢追蹤中，尚未觸發佈局點,0.84,-1.68,-1.26,False,,,,False,,,,False,,,,False
2026-08-18,1304.TW,台聚,11.9,45.03,無特殊徵兆,➖ 中性/偏空,✅ 趨勢追蹤中，尚未觸發佈局點,0.42,-0.84,-0.84,False,,,,False,,,,False,,,,False
2026-08-18,2356.TW,英業達_80,64.9,50.57,庫存動態防禦,➖ 中性/偏空,🩸【戰術撤離】跌破防守底線 (58.54)，無條件停損變現！,0.62,-2.47,0.46,False,,,,False,,,,False,,,,False
2026-08-18,2353.TW,宏碁_35,30.55,48.33,庫存動態防禦,➖ 中性/偏空,🩸【戰術撤離】跌破防守底線 (28.50)，無條件停損變現！,1.47,-1.64,1.15,False,,,,False,,,,False,,,,False
2026-08-18,0050.TW,元大台灣50,104.9,53.7,庫存動態防禦,➖ 中性/偏空,🛡️【洗盤耐受區】嚴禁攤平加碼，死守底線 (100.41)！,-1.0,-2.1,-1.72,False,,,,False,,,,False,,,,False
2026-08-18,1326.TW,台化,59.4,48.2,無特殊徵兆,➖ 中性/偏空,✅ 趨勢追蹤中，尚未觸發佈局點,-0.17,-4.71,-4.55,False,,,,False,,,,False,,,,False
2026-08-18,1717.TW,1717,71.8,54.97,無特殊徵兆,➖ 中性/偏空,✅ 趨勢追蹤中，尚未觸發佈局點,1.39,-4.18,-3.06,False,,,,False,,,,False,,,,False
2026-08-18,8081.TW,致新,256.0,46.58,無特殊徵兆,➖ 中性/偏空,✅ 趨勢追蹤中，尚未觸發佈局點,1.17,-3.52,0.39,False,,,,False,,,,False,,,,False
2026-08-18,1795.TW,美時,183.5,44.84,無特殊徵兆,➖ 中性/偏空,✅ 趨勢追蹤中，尚未觸發佈局點,2.45,-0.82,1.63,False,,,,False,,,,False,,,,False
2026-08-18,1312.TW,國喬,11.8,43.28,無特殊徵兆,➖ 中性/偏空,✅ 趨勢追蹤中，尚未觸發佈局點,0.85,-0.85,-0.42,False,,,,False,,,,False,,,,False
2026-08-18,2356.TW,英業達_80,65.1,50.97,庫存動態防禦,➖ 中性/偏空,🛡️【洗盤耐受區】嚴禁攤平加碼，死守底線 (58.79)！,0.31,-2.76,0.15,False,,,,False,,,,False,,,,False
2026-08-18,2353.TW,宏碁_35,30.6,48.62,庫存動態防禦,➖ 中性/偏空,🩸【戰術撤離】跌破防守底線 (28.56)，無條件停損變現！,1.31,-1.8,0.98,False,,,,False,,,,False,,,,False
2026-08-18,0050.TW,元大台灣50,105.8,56.12,庫存動態防禦,➖ 中性/偏空,🛡️【洗盤耐受區】嚴禁攤平加碼，死守底線 (101.38)！,-1.84,-2.93,-2.55,False,,,,False,,,,False,,,,False
2026-08-18,1536.TW,和大,51.3,52.84,無特殊徵兆,➖ 中性/偏空,✅ 趨勢追蹤中，尚未觸發佈局點,-0.39,-3.51,-2.14,False,,,,False,,,,False,,,,False
2026-08-18,1305.TW,華夏,11.85,48.53,無特殊徵兆,➖ 中性/偏空,✅ 趨勢追蹤中，尚未觸發佈局點,1.27,-1.27,-0.84,False,,,,False,,,,False,,,,False
2026-08-18,1304.TW,台聚,11.85,44.2,無特殊徵兆,➖ 中性/偏空,✅ 趨勢追蹤中，尚未觸發佈局點,0.84,-0.42,-0.42,False,,,,False,,,,False,,,,False
2026-08-18,2356.TW,英業達_80,66.2,53.31,庫存動態防禦,➖ 中性/偏空,🛡️【洗盤耐受區】嚴禁攤平加碼，死守底線 (60.07)！,-1.36,-4.38,-1.51,False,,,,False,,,,False,,,,False
2026-08-18,2353.TW,宏碁_35,30.95,50.78,庫存動態防禦,➖ 中性/偏空,🩸【戰術撤離】跌破防守底線 (28.96)，無條件停損變現！,0.16,-2.91,-0.16,False,,,,False,,,,False,,,,False
2026-08-18,0050.TW,元大台灣50,106.45,58.01,庫存動態防禦,➖ 中性/偏空,🛡️【洗盤耐受區】嚴禁攤平加碼，死守底線 (101.47)！,-2.44,-3.52,-3.15,False,,,,False,,,,False,,,,False
2026-08-18,6239.TW,力成,278.0,50.46,無特殊徵兆,➖ 中性/偏空,✅ 趨勢追蹤中，尚未觸發佈局點,-3.78,-8.27,-5.58,True,,,,False,,,,False,,,,False
2026-08-18,3019.TW,亞光,141.5,55.94,無特殊徵兆,➖ 中性/偏空,✅ 趨勢追蹤中，尚未觸發佈局點,-1.77,-6.01,-3.53,True,,,,False,,,,False,,,,False
2026-08-18,2886.TW,兆豐金,46.65,48.04,無特殊徵兆,➖ 中性/偏空,✅ 趨勢追蹤中，尚未觸發佈局點,0.86,-0.75,0.86,False,,,,False,,,,False,,,,False
2026-08-18,2637.TW,慧洋,87.4,61.02,無特殊徵兆,➖ 中性/偏空,✅ 趨勢追蹤中，尚未觸發佈局點,5.49,0.23,5.03,False,,,,False,,,,False,,,,False
2026-08-18,2409.TW,友達,27.15,56.89,無特殊徵兆,➖ 中性/偏空,✅ 趨勢追蹤中，尚未觸發佈局點,-1.47,-7.0,-3.68,True,,,,False,,,,False,,,,False
2026-08-18,2377.TW,微星,149.5,49.9,無特殊徵兆,➖ 中性/偏空,✅ 趨勢追蹤中，尚未觸發佈局點,-3.84,-6.12,-4.82,True,,,,False,,,,False,,,,False
2026-08-18,2371.TW,大同,27.4,58.76,無特殊徵兆,➖ 中性/偏空,✅ 趨勢追蹤中，尚未觸發佈局點,-0.55,-3.47,-1.46,False,,,,False,,,,False,,,,False
2026-08-18,2352.TW,佳士達,28.9,49.09,無特殊徵兆,➖ 中性/偏空,✅ 趨勢追蹤中，尚未觸發佈局點,4.33,-3.29,-0.52,False,,,,False,,,,False,,,,False
2026-08-18,2317.TW,鴻海,255.5,51.66,無特殊徵兆,➖ 中性/偏空,✅ 趨勢追蹤中，尚未觸發佈局點,-3.33,-5.09,-4.11,True,,,,False,,,,False,,,,False
2026-08-18,2371.TW,大同,26.3,50.17,無特殊徵兆,➖ 中性/偏空,✅ 趨勢追蹤中，尚未觸發佈局點,3.61,0.57,2.66,False,,,,False,,,,False,,,,False
2026-08-18,2344.TW,華邦電,177.5,55.09,無特殊徵兆,➖ 中性/偏空,✅ 趨勢追蹤中，尚未觸發佈局點,-4.51,-7.04,-5.35,True,,,,False,,,,False,,,,False
2026-08-18,1795.TW,美時,183.0,44.35,無特殊徵兆,➖ 中性/偏空,✅ 趨勢追蹤中，尚未觸發佈局點,2.73,-0.55,1.91,False,,,,False,,,,False,,,,False
2026-08-18,1515.TW,力山,32.15,48.96,無特殊徵兆,➖ 中性/偏空,✅ 趨勢追蹤中，尚未觸發佈局點,1.09,-3.58,-2.33,False,,,,False,,,,False,,,,False
2026-08-18,1326.TW,台化,59.5,48.45,無特殊徵兆,➖ 中性/偏空,✅ 趨勢追蹤中，尚未觸發佈局點,-0.34,-4.87,-4.71,False,,,,False,,,,False,,,,False
2026-08-18,1312.TW,國喬,11.8,43.28,無特殊徵兆,➖ 中性/偏空,✅ 趨勢追蹤中，尚未觸發佈局點,0.85,-0.85,-0.42,False,,,,False,,,,False,,,,False
2026-08-18,2454.TW,聯發科,3910.0,50.54,無特殊徵兆,➖ 中性/偏空,✅ 趨勢追蹤中，尚未觸發佈局點,0.0,-4.09,-1.66,False,,,,False,,,,False,,,,False
2026-08-18,3714.TW,富采,56.2,49.03,無特殊徵兆,➖ 中性/偏空,✅ 趨勢追蹤中，尚未觸發佈局點,0.89,-2.85,-1.78,False,,,,False,,,,False,,,,False
2026-08-18,2330.TW,台積電,2395.0,51.73,無特殊徵兆,➖ 中性/偏空,✅ 趨勢追蹤中，尚未觸發佈局點,-1.67,-2.51,-1.88,False,,,,False,,,,False,,,,False
2026-08-18,2637.TW,慧洋,88.1,62.44,無特殊徵兆,➖ 中性/偏空,✅ 趨勢追蹤中，尚未觸發佈局點,4.65,-0.57,4.2,False,,,,False,,,,False,,,,False
2026-08-18,6415.TW,矽力-KY,453.5,47.25,無特殊徵兆,➖ 中性/偏空,✅ 趨勢追蹤中，尚未觸發佈局點,-1.21,-6.28,-2.98,True,,,,False,,,,False,,,,False
2026-08-18,2886.TW,兆豐金,46.55,47.54,無特殊徵兆,➖ 中性/偏空,✅ 趨勢追蹤中，尚未觸發佈局點,1.07,-0.54,1.07,False,,,,False,,,,False,,,,False
2026-08-18,2356.TW,英業達_80,64.8,50.37,庫存動態防禦,➖ 中性/偏空,🩸【戰術撤離】跌破防守底線 (58.46)，無條件停損變現！,0.77,-2.31,0.62,False,,,,False,,,,False,,,,False
2026-08-18,2353.TW,宏碁_35,30.6,48.62,庫存動態防禦,➖ 中性/偏空,🩸【戰術撤離】跌破防守底線 (28.55)，無條件停損變現！,1.31,-1.8,0.98,False,,,,False,,,,False,,,,False
2026-08-18,0050.TW,元大台灣50,105.1,54.21,庫存動態防禦,➖ 中性/偏空,🛡️【洗盤耐受區】嚴禁攤平加碼，死守底線 (100.63)！,-1.19,-2.28,-1.9,False,,,,False,,,,False,,,,False
2026-08-18,3324.TWO,3324O,1005.0,54.01,無特殊徵兆,➖ 中性/偏空,✅ 趨勢追蹤中，尚未觸發佈局點,0.0,-4.98,-1.59,False,,,,False,,,,False,,,,False
2026-08-19,1504.TW,1504,71.0,59.36,無特殊徵兆,➖ 中性/偏空,✅ 趨勢追蹤中，尚未觸發佈局點,4.23,1.27,2.96,False,,,,False,,,,False,,,,False
2026-08-19,1612.TW,1612,34.25,62.28,無特殊徵兆,➖ 中性/偏空,✅ 趨勢追蹤中，尚未觸發佈局點,1.46,0.58,0.88,False,,,,False,,,,False,,,,False
2026-08-19,2115.TW,2115,23.0,68.81,無特殊徵兆,➖ 中性/偏空,✅ 趨勢追蹤中，尚未觸發佈局點,2.39,0.43,2.39,False,,,,False,,,,False,,,,False
2026-08-19,1319.TW,1319,81.7,63.24,無特殊徵兆,➖ 中性/偏空,✅ 趨勢追蹤中，尚未觸發佈局點,1.59,0.12,1.59,False,,,,False,,,,False,,,,False
2026-08-19,2353.TW,宏碁_35,30.9,50.58,庫存動態防禦,➖ 中性/偏空,🩸【戰術撤離】跌破防守底線 (28.63)，無條件停損變現！,1.62,-0.32,0.32,False,,,,False,,,,False,,,,False
2026-08-19,2204.TW,2204,52.3,52.34,無特殊徵兆,➖ 中性/偏空,✅ 趨勢追蹤中，尚未觸發佈局點,5.35,1.53,5.16,False,,,,False,,,,False,,,,False
2026-08-19,6605.TW,6605,138.0,56.67,無特殊徵兆,➖ 中性/偏空,✅ 趨勢追蹤中，尚未觸發佈局點,2.9,1.45,2.17,False,,,,False,,,,False,,,,False
2026-08-19,1102.TW,1102,33.35,54.84,無特殊徵兆,➖ 中性/偏空,✅ 趨勢追蹤中，尚未觸發佈局點,4.65,1.65,4.05,False,,,,False,,,,False,,,,False
2026-08-19,2356.TW,英業達_80,64.9,50.57,庫存動態防禦,➖ 中性/偏空,🩸【戰術撤離】跌破防守底線 (58.06)，無條件停損變現！,1.69,-1.54,-0.62,False,,,,False,,,,False,,,,False
2026-08-19,4536.TW,4536,166.5,51.11,無特殊徵兆,➖ 中性/偏空,✅ 趨勢追蹤中，尚未觸發佈局點,3.6,1.8,2.4,False,,,,False,,,,False,,,,False
2026-08-19,2353.TW,宏碁_35,30.4,47.41,庫存動態防禦,➖ 中性/偏空,🩸【戰術撤離】跌破防守底線 (28.18)，無條件停損變現！,3.29,1.32,1.97,False,,,,False,,,,False,,,,False
2026-08-19,2356.TW,英業達_80,63.9,48.51,庫存動態防禦,➖ 中性/偏空,🩸【戰術撤離】跌破防守底線 (57.10)，無條件停損變現！,3.29,0.0,0.94,False,,,,False,,,,False,,,,False
2026-08-19,1319.TW,1319,81.8,63.62,無特殊徵兆,➖ 中性/偏空,✅ 趨勢追蹤中，尚未觸發佈局點,1.47,0.0,1.47,False,,,,False,,,,False,,,,False
2026-08-19,6605.TW,6605,140.0,59.89,無特殊徵兆,➖ 中性/偏空,✅ 趨勢追蹤中，尚未觸發佈局點,1.43,0.0,0.71,False,,,,False,,,,False,,,,False
2026-08-19,2353.TW,宏碁_35,30.75,49.64,庫存動態防禦,➖ 中性/偏空,🩸【戰術撤離】跌破防守底線 (28.71)，無條件停損變現！,2.11,0.16,0.81,False,,,,False,,,,False,,,,False
2026-08-19,2356.TW,英業達_80,65.0,50.78,庫存動態防禦,➖ 中性/偏空,🩸【戰術撤離】跌破防守底線 (58.84)，無條件停損變現！,1.54,-1.69,-0.77,False,,,,False,,,,False,,,,False
2026-08-19,2353.TW,宏碁_35,30.9,50.58,庫存動態防禦,➖ 中性/偏空,🩸【戰術撤離】跌破防守底線 (28.86)，無條件停損變現！,1.62,-0.32,0.32,False,,,,False,,,,False,,,,False
2026-08-19,2356.TW,英業達_80,65.2,51.19,庫存動態防禦,➖ 中性/偏空,🛡️【洗盤耐受區】嚴禁攤平加碼，死守底線 (59.03)！,1.23,-1.99,-1.07,False,,,,False,,,,False,,,,False
2026-08-19,2353.TW,宏碁_35,30.9,50.58,庫存動態防禦,➖ 中性/偏空,🩸【戰術撤離】跌破防守底線 (28.86)，無條件停損變現！,1.62,-0.32,0.32,False,,,,False,,,,False,,,,False
2026-08-19,2356.TW,英業達_80,65.2,51.19,庫存動態防禦,➖ 中性/偏空,🛡️【洗盤耐受區】嚴禁攤平加碼，死守底線 (59.03)！,1.23,-1.99,-1.07,False,,,,False,,,,False,,,,False
2026-08-19,2204.TW,2204,53.2,58.46,無特殊徵兆,➖ 中性/偏空,✅ 趨勢追蹤中，尚未觸發佈局點,3.57,-0.19,3.38,False,,,,False,,,,False,,,,False
2026-08-19,1532.TW,1532,22.4,58.38,無特殊徵兆,➖ 中性/偏空,✅ 趨勢追蹤中，尚未觸發佈局點,2.9,0.22,2.46,False,,,,False,,,,False,,,,False
2026-08-19,2615.TW,2615,105.0,84.73,無特殊徵兆,➖ 中性/偏空,✅ 趨勢追蹤中，尚未觸發佈局點,8.1,0.48,8.1,False,,,,False,,,,False,,,,False
2026-08-19,6214.TW,6214,178.5,76.36,無特殊徵兆,➖ 中性/偏空,✅ 趨勢追蹤中，尚未觸發佈局點,1.12,-0.28,0.84,False,,,,False,,,,False,,,,False
2026-08-19,1519.TW,1519,717.0,62.31,無特殊徵兆,➖ 中性/偏空,✅ 趨勢追蹤中，尚未觸發佈局點,2.51,-1.26,1.39,False,,,,False,,,,False,,,,False
2026-08-19,1608.TW,1608,35.45,58.7,無特殊徵兆,➖ 中性/偏空,✅ 趨勢追蹤中，尚未觸發佈局點,1.27,-0.28,0.14,False,,,,False,,,,False,,,,False
2026-08-19,1795.TW,美時,184.0,45.45,無特殊徵兆,➖ 中性/偏空,✅ 趨勢追蹤中，尚未觸發佈局點,7.34,3.26,5.98,False,,,,False,,,,False,,,,False
2026-08-19,2353.TW,宏碁_35,30.2,46.23,庫存動態防禦,➖ 中性/偏空,🩸【戰術撤離】跌破防守底線 (28.22)，無條件停損變現！,3.97,1.99,2.65,False,,,,False,,,,False,,,,False
2026-08-19,2356.TW,英業達_80,64.0,48.71,庫存動態防禦,➖ 中性/偏空,🩸【戰術撤離】跌破防守底線 (57.91)，無條件停損變現！,3.12,-0.16,0.78,False,,,,False,,,,False,,,,False
2026-08-19,1304.TW,台聚,11.85,44.32,無特殊徵兆,➖ 中性/偏空,✅ 趨勢追蹤中，尚未觸發佈局點,2.11,-0.42,-0.42,False,,,,False,,,,False,,,,False
2026-08-19,1305.TW,華夏,11.85,48.52,無特殊徵兆,➖ 中性/偏空,✅ 趨勢追蹤中，尚未觸發佈局點,1.27,-0.84,-0.42,False,,,,False,,,,False,,,,False
2026-08-19,1312.TW,國喬,11.75,42.61,無特殊徵兆,➖ 中性/偏空,✅ 趨勢追蹤中，尚未觸發佈局點,3.83,0.0,0.0,False,,,,False,,,,False,,,,False
2026-08-19,2886.TW,兆豐金,46.85,49.05,無特殊徵兆,➖ 中性/偏空,✅ 趨勢追蹤中，尚未觸發佈局點,0.75,-1.6,-0.96,False,,,,False,,,,False,,,,False
2026-08-20,6605.TW,6605,141.0,61.32,無特殊徵兆,➖ 中性/偏空,✅ 趨勢追蹤中，尚未觸發佈局點,0.71,-0.71,0.35,False,,,,False,,,,False,,,,False
2026-08-20,6409.TW,6409,1040.0,55.56,無特殊徵兆,➖ 中性/偏空,✅ 趨勢追蹤中，尚未觸發佈局點,1.92,-4.33,-4.33,False,,,,False,,,,False,,,,False
2026-08-20,0050.TW,元大台灣50,103.8,50.81,庫存動態防禦,➖ 中性/偏空,🩸【戰術撤離】跌破防守底線 (99.57)，無條件停損變現！,,,,False,,,,False,,,,False,,,,False
2026-08-20,2353.TW,宏碁_35,31.0,51.23,庫存動態防禦,➖ 中性/偏空,🩸【戰術撤離】跌破防守底線 (29.06)，無條件停損變現！,0.0,-1.61,-0.97,False,,,,False,,,,False,,,,False
2026-08-20,2356.TW,英業達_80,64.5,49.62,庫存動態防禦,➖ 中性/偏空,🩸【戰術撤離】跌破防守底線 (58.79)，無條件停損變現！,2.17,-0.78,1.86,False,,,,False,,,,False,,,,False
2026-08-20,2883.TW,凱基金_29.3,30.4,50.16,無特殊徵兆,➖ 中性/偏空,✅ 趨勢追蹤中，尚未觸發佈局點,3.78,-0.33,3.78,False,,,,False,,,,False,,,,False
2026-08-20,1304.TW,台聚,11.8,43.63,無特殊徵兆,➖ 中性/偏空,✅ 趨勢追蹤中，尚未觸發佈局點,3.81,0.0,3.39,False,,,,False,,,,False,,,,False
2026-08-20,1305.TW,華夏,11.8,47.79,無特殊徵兆,➖ 中性/偏空,✅ 趨勢追蹤中，尚未觸發佈局點,3.81,0.85,3.81,False,,,,False,,,,False,,,,False
2026-08-20,1326.TW,台化,58.4,46.71,無特殊徵兆,➖ 中性/偏空,✅ 趨勢追蹤中，尚未觸發佈局點,3.25,-0.34,2.91,False,,,,False,,,,False,,,,False
2026-08-20,1515.TW,力山,34.5,54.72,無特殊徵兆,➖ 中性/偏空,✅ 趨勢追蹤中，尚未觸發佈局點,2.32,-4.64,-2.75,False,,,,False,,,,False,,,,False
2026-08-20,3019.TW,亞光,136.0,49.65,無特殊徵兆,➖ 中性/偏空,✅ 趨勢追蹤中，尚未觸發佈局點,0.74,-1.84,-0.37,False,,,,False,,,,False,,,,False
2026-08-20,3324.TWO,雙鴻,993.0,52.28,無特殊徵兆,➖ 中性/偏空,✅ 趨勢追蹤中，尚未觸發佈局點,-0.2,-2.82,-2.42,False,,,,False,,,,False,,,,False
2026-08-20,3481.TW,群創,46.0,40.93,無特殊徵兆,➖ 中性/偏空,✅ 趨勢追蹤中，尚未觸發佈局點,0.65,-2.07,0.11,False,,,,False,,,,False,,,,False
2026-08-20,3714.TW,富采,57.0,50.74,無特殊徵兆,➖ 中性/偏空,✅ 趨勢追蹤中，尚未觸發佈局點,3.86,-0.53,0.53,False,,,,False,,,,False,,,,False
2026-08-20,8081.TW,致新,259.0,48.95,無特殊徵兆,➖ 中性/偏空,✅ 趨勢追蹤中，尚未觸發佈局點,0.19,-2.12,-0.77,False,,,,False,,,,False,,,,False
2026-08-20,1536.TW,和大,50.3,49.03,無特殊徵兆,➖ 中性/偏空,✅ 趨勢追蹤中，尚未觸發佈局點,-0.0,-2.39,-2.09,False,,,,False,,,,False,,,,False
2026-08-20,1609.TW,大亞,36.9,50.29,無特殊徵兆,➖ 中性/偏空,✅ 趨勢追蹤中，尚未觸發佈局點,0.95,-0.95,0.41,False,,,,False,,,,False,,,,False
2026-08-20,8081.TW,致新,259.0,48.95,無特殊徵兆,➖ 中性/偏空,✅ 趨勢追蹤中，尚未觸發佈局點,0.19,-2.12,-0.77,False,,,,False,,,,False,,,,False
2026-08-20,6409.TW,6409,1040.0,55.56,無特殊徵兆,➖ 中性/偏空,✅ 趨勢追蹤中，尚未觸發佈局點,1.92,-4.33,-4.33,False,,,,False,,,,False,,,,False
2026-08-20,6605.TW,6605,141.0,61.32,無特殊徵兆,➖ 中性/偏空,✅ 趨勢追蹤中，尚未觸發佈局點,0.71,-0.71,0.35,False,,,,False,,,,False,,,,False
2026-08-20,2303.TW,聯電,115.5,40.3,無特殊徵兆,➖ 中性/偏空,✅ 趨勢追蹤中，尚未觸發佈局點,1.3,-1.3,0.87,False,,,,False,,,,False,,,,False
2026-08-20,2330.TW,台積電,2375.0,49.96,無特殊徵兆,➖ 中性/偏空,✅ 趨勢追蹤中，尚未觸發佈局點,1.47,-0.42,1.47,False,,,,False,,,,False,,,,False
2026-08-20,2231.TW,為升,94.0,43.35,無特殊徵兆,➖ 中性/偏空,✅ 趨勢追蹤中，尚未觸發佈局點,0.0,-1.38,-0.74,False,,,,False,,,,False,,,,False
2026-08-20,2371.TW,大同,27.55,58.66,無特殊徵兆,➖ 中性/偏空,✅ 趨勢追蹤中，尚未觸發佈局點,1.09,-0.73,0.18,False,,,,False,,,,False,,,,False
2026-08-20,2377.TW,微星,140.0,45.24,無特殊徵兆,➖ 中性/偏空,✅ 趨勢追蹤中，尚未觸發佈局點,1.79,0.0,1.07,False,,,,False,,,,False,,,,False
2026-08-20,2449.TW,京元電子,235.0,42.03,無特殊徵兆,➖ 中性/偏空,✅ 趨勢追蹤中，尚未觸發佈局點,0.43,-1.91,-1.28,False,,,,False,,,,False,,,,False
2026-08-20,3019.TW,亞光,136.0,49.65,無特殊徵兆,➖ 中性/偏空,✅ 趨勢追蹤中，尚未觸發佈局點,0.74,-1.84,-0.37,False,,,,False,,,,False,,,,False
2026-08-20,3324.TWO,雙鴻,993.0,52.28,無特殊徵兆,➖ 中性/偏空,✅ 趨勢追蹤中，尚未觸發佈局點,-0.2,-2.82,-2.42,False,,,,False,,,,False,,,,False
2026-08-20,3481.TW,群創,46.0,40.93,無特殊徵兆,➖ 中性/偏空,✅ 趨勢追蹤中，尚未觸發佈局點,0.65,-2.07,0.11,False,,,,False,,,,False,,,,False
2026-08-20,3714.TW,富采,57.0,50.74,無特殊徵兆,➖ 中性/偏空,✅ 趨勢追蹤中，尚未觸發佈局點,3.86,-0.53,0.53,False,,,,False,,,,False,,,,False
2026-08-20,2449.TW,京元電子,235.0,42.03,無特殊徵兆,➖ 中性/偏空,✅ 趨勢追蹤中，尚未觸發佈局點,0.43,-1.91,-1.28,False,,,,False,,,,False,,,,False
2026-08-20,2382.TW,廣達,331.5,54.73,無特殊徵兆,➖ 中性/偏空,✅ 趨勢追蹤中，尚未觸發佈局點,-1.21,-3.32,-3.02,False,,,,False,,,,False,,,,False
2026-08-20,2886.TW,兆豐金,46.9,49.27,無特殊徵兆,➖ 中性/偏空,✅ 趨勢追蹤中，尚未觸發佈局點,0.32,-1.49,0.11,False,,,,False,,,,False,,,,False
2026-08-20,6116.TW,彩晶,14.2,49.07,無特殊徵兆,➖ 中性/偏空,✅ 趨勢追蹤中，尚未觸發佈局點,-2.11,-3.87,-2.82,False,,,,False,,,,False,,,,False
2026-08-20,0050.TW,元大台灣50,103.9,51.06,庫存動態防禦,➖ 中性/偏空,🛡️【洗盤耐受區】嚴禁攤平加碼，死守底線 (99.79)！,,,,False,,,,False,,,,False,,,,False
2026-08-20,2353.TW,宏碁_35,31.1,51.86,庫存動態防禦,➖ 中性/偏空,🩸【戰術撤離】跌破防守底線 (29.21)，無條件停損變現！,-0.32,-1.93,-1.29,False,,,,False,,,,False,,,,False
2026-08-20,2356.TW,英業達_80,65.9,52.69,庫存動態防禦,➖ 中性/偏空,🛡️【洗盤耐受區】嚴禁攤平加碼，死守底線 (60.37)！,0.0,-2.88,-0.3,False,,,,False,,,,False,,,,False
2026-08-20,2883.TW,凱基金_29.3,30.45,50.6,無特殊徵兆,➖ 中性/偏空,✅ 趨勢追蹤中，尚未觸發佈局點,3.61,-0.49,3.61,False,,,,False,,,,False,,,,False
2026-08-20,1305.TW,華夏,11.8,47.79,無特殊徵兆,➖ 中性/偏空,✅ 趨勢追蹤中，尚未觸發佈局點,3.81,0.85,3.81,False,,,,False,,,,False,,,,False
2026-08-20,2231.TW,為升,96.2,45.84,無特殊徵兆,➖ 中性/偏空,✅ 趨勢追蹤中，尚未觸發佈局點,-2.29,-3.64,-3.01,False,,,,False,,,,False,,,,False
2026-08-20,2883.TW,凱基金_29.3,30.4,50.16,無特殊徵兆,➖ 中性/偏空,✅ 趨勢追蹤中，尚未觸發佈局點,3.78,-0.33,3.78,False,,,,False,,,,False,,,,False
2026-08-20,1304.TW,台聚,11.8,43.63,無特殊徵兆,➖ 中性/偏空,✅ 趨勢追蹤中，尚未觸發佈局點,3.81,0.0,3.39,False,,,,False,,,,False,,,,False
2026-08-20,1305.TW,華夏,11.8,47.79,無特殊徵兆,➖ 中性/偏空,✅ 趨勢追蹤中，尚未觸發佈局點,3.81,0.85,3.81,False,,,,False,,,,False,,,,False
2026-08-20,1326.TW,台化,58.4,46.71,無特殊徵兆,➖ 中性/偏空,✅ 趨勢追蹤中，尚未觸發佈局點,3.25,-0.34,2.91,False,,,,False,,,,False,,,,False
2026-08-20,1515.TW,力山,34.5,54.72,無特殊徵兆,➖ 中性/偏空,✅ 趨勢追蹤中，尚未觸發佈局點,2.32,-4.64,-2.75,False,,,,False,,,,False,,,,False
2026-08-20,1536.TW,和大,50.3,49.03,無特殊徵兆,➖ 中性/偏空,✅ 趨勢追蹤中，尚未觸發佈局點,-0.0,-2.39,-2.09,False,,,,False,,,,False,,,,False
2026-08-20,2303.TW,聯電,115.5,40.3,無特殊徵兆,➖ 中性/偏空,✅ 趨勢追蹤中，尚未觸發佈局點,1.3,-1.3,0.87,False,,,,False,,,,False,,,,False
2026-08-20,2330.TW,台積電,2375.0,49.96,無特殊徵兆,➖ 中性/偏空,✅ 趨勢追蹤中，尚未觸發佈局點,1.47,-0.42,1.47,False,,,,False,,,,False,,,,False
2026-08-20,2371.TW,大同,27.55,58.66,無特殊徵兆,➖ 中性/偏空,✅ 趨勢追蹤中，尚未觸發佈局點,1.09,-0.73,0.18,False,,,,False,,,,False,,,,False
2026-08-20,2377.TW,微星,140.0,45.24,無特殊徵兆,➖ 中性/偏空,✅ 趨勢追蹤中，尚未觸發佈局點,1.79,0.0,1.07,False,,,,False,,,,False,,,,False
2026-08-20,1609.TW,大亞,36.9,50.29,無特殊徵兆,➖ 中性/偏空,✅ 趨勢追蹤中，尚未觸發佈局點,0.95,-0.95,0.41,False,,,,False,,,,False,,,,False
2026-08-20,2356.TW,英業達_80,64.5,49.62,庫存動態防禦,➖ 中性/偏空,🩸【戰術撤離】跌破防守底線 (58.79)，無條件停損變現！,2.17,-0.78,1.86,False,,,,False,,,,False,,,,False
2026-08-20,2231.TW,為升,94.0,43.35,無特殊徵兆,➖ 中性/偏空,✅ 趨勢追蹤中，尚未觸發佈局點,0.0,-1.38,-0.74,False,,,,False,,,,False,,,,False
2026-08-20,2353.TW,宏碁_35,31.0,51.23,庫存動態防禦,➖ 中性/偏空,🩸【戰術撤離】跌破防守底線 (29.06)，無條件停損變現！,0.0,-1.61,-0.97,False,,,,False,,,,False,,,,False
2026-08-20,2356.TW,英業達_80,64.7,50.06,庫存動態防禦,➖ 中性/偏空,🩸【戰術撤離】跌破防守底線 (58.99)，無條件停損變現！,1.85,-1.08,1.55,False,,,,False,,,,False,,,,False
2026-08-20,2353.TW,宏碁_35,31.0,51.23,庫存動態防禦,➖ 中性/偏空,🩸【戰術撤離】跌破防守底線 (29.06)，無條件停損變現！,0.0,-1.61,-0.97,False,,,,False,,,,False,,,,False
2026-08-20,0050.TW,元大台灣50,103.35,49.72,庫存動態防禦,➖ 中性/偏空,🩸【戰術撤離】跌破防守底線 (99.12)，無條件停損變現！,,,,False,,,,False,,,,False,,,,False
2026-08-20,2356.TW,英業達_80,64.2,48.98,庫存動態防禦,➖ 中性/偏空,🩸【戰術撤離】跌破防守底線 (58.49)，無條件停損變現！,2.65,-0.31,2.34,False,,,,False,,,,False,,,,False
2026-08-20,2353.TW,宏碁_35,30.95,50.9,庫存動態防禦,➖ 中性/偏空,🩸【戰術撤離】跌破防守底線 (29.01)，無條件停損變現！,0.16,-1.45,-0.81,False,,,,False,,,,False,,,,False
2026-08-20,0050.TW,元大台灣50,103.25,49.48,庫存動態防禦,➖ 中性/偏空,🩸【戰術撤離】跌破防守底線 (99.02)，無條件停損變現！,,,,False,,,,False,,,,False,,,,False
2026-08-20,0050.TW,元大台灣50,103.4,49.84,庫存動態防禦,➖ 中性/偏空,🩸【戰術撤離】跌破防守底線 (99.20)，無條件停損變現！,,,,False,,,,False,,,,False,,,,False
2026-08-20,2353.TW,宏碁_35,31.25,52.78,庫存動態防禦,➖ 中性/偏空,🩸【戰術撤離】跌破防守底線 (29.33)，無條件停損變現！,-0.8,-2.4,-1.76,False,,,,False,,,,False,,,,False
2026-08-20,2356.TW,英業達_80,65.2,51.19,庫存動態防禦,➖ 中性/偏空,🛡️【洗盤耐受區】嚴禁攤平加碼，死守底線 (59.61)！,1.07,-1.84,0.77,False,,,,False,,,,False,,,,False
2026-08-20,0050.TW,元大台灣50,103.8,50.81,庫存動態防禦,➖ 中性/偏空,🩸【戰術撤離】跌破防守底線 (99.57)，無條件停損變現！,,,,False,,,,False,,,,False,,,,False
