日期,代號,名稱,收盤價,RSI,戰場預判,籌碼訊號,行動指令,1D_最高漲幅%,1D_最大跌幅%,1D_最終漲幅%,1D_觸及停損,5D_最高漲幅%,5D_最大跌幅%,5D_最終漲幅%,5D_觸及停損,10D_最高漲幅%,10D_最大跌幅%,10D_最終漲幅%,10D_觸及停損,20D_最高漲幅%,20D_最大跌幅%,20D_最終漲幅%,20D_觸及停損
2026-05-19,2880.TW,[🟢 伏擊 (低檔金叉)] 現價 32.8 | 營收 47.0%,32.3,39.89,無特殊徵兆,➖ 中性/偏空 | ✅ 融資退潮，籌碼乾淨,🔥【波段抱牢】防守線: 31.0,-0.7739961700911774,-0.7739961700911774,-0.7739961700911774,False,-0.7739961700911774,-6.656347930246823,-6.656347930246823,True,5.417954294305108,-8.359131945914152,5.417954294305108,True,16.71826861591163,-8.359131945914152,15.944274807862094,True
