{
    "3231.TW": {
        "status": "REAL_HOLD",
        "entry": 130.5,
        "trailing_stop": 135.35714285714286
    },
    "8431.TWO": {
        "status": "REAL_HOLD",
        "entry": 70.7,
        "trailing_stop": 58.657144274030415
    },
    "NVDA": {
        "status": "REAL_HOLD",
        "entry": 144.5,
        "trailing_stop": 205.3500039236886
    },
    "00881.TW": {
        "status": "REAL_HOLD",
        "entry": 26.0,
        "trailing_stop": 45.15428652082171
    },
    "00878.TW": {
        "status": "REAL_HOLD",
        "entry": 22.21,
        "trailing_stop": 24.60714203970773
    }
}