{
    "3231.TW": {
        "status": "REAL_HOLD",
        "entry": 130.5,
        "trailing_stop": 135.14285714285714
    },
    "8431.TWO": {
        "status": "REAL_HOLD",
        "entry": 70.7,
        "trailing_stop": 59.34285790579659
    },
    "6116.TW": {
        "status": "REAL_HOLD",
        "entry": 8.4,
        "trailing_stop": 8.524286133902413
    },
    "2317.TW": {
        "status": "REAL_HOLD",
        "entry": 201.5,
        "trailing_stop": 197.85714285714286
    },
    "NVDA": {
        "status": "REAL_HOLD",
        "entry": 144.5,
        "trailing_stop": 188.21571350097656
    },
    "2612.TW": {
        "status": "REAL_HOLD",
        "entry": 201.5,
        "trailing_stop": 56.45714351109096
    },
    "1326.TW": {
        "status": "REAL_HOLD",
        "entry": 50.5,
        "trailing_stop": 45.742855072021484
    }
}